{
"type": "FeatureCollection",
"name": "mwache_wruas",
"crs": { "type": "name", "properties": { "name": "urn:ogc:def:crs:OGC:1.3:CRS84" } },
"features": [
{ "type": "Feature", "properties": { "OBJECTID_1": 473, "OBJECTID": 955, "WRUA_NAME": "Barani", "SRO": "Coastal Athi", "Area": 244.149, "status": "Formed", "Basin": "ACA", "B_code": 20, "Areakm2": 244.34, "CentroidX": 39.014386, "CentroidY": -3.943947, "Subbasin": "3MA", "layer": "Barani", "path": "X:/Mwache Catchment/Data/Vector/Mwache WRUA Subcatchment Boundary/Individual Mwache WRUAs/Barani.shp" }, "geometry": { "type": "MultiPolygon", "coordinates": [ [ [ [ 39.156087000357893, -3.925633001185522, 0.0 ], [ 39.157213665103654, -3.926603682353322, 0.0 ], [ 39.157403611899902, -3.928965000968451, 0.0 ], [ 39.157202682909123, -3.931464001360138, 0.0 ], [ 39.15739588357588, -3.933870875372411, 0.0 ], [ 39.153455809883056, -3.936338759327382, 0.0 ], [ 39.149705275980679, -3.944787526736979, 0.0 ], [ 39.149937931444285, -3.947680452825705, 0.0 ], [ 39.148224342099638, -3.949156709904775, 0.0 ], [ 39.148040902948217, -3.95143830822616, 0.0 ], [ 39.148589999568479, -3.953955000564066, 0.0 ], [ 39.144795539120494, -3.953584666422225, 0.0 ], [ 39.143221460639957, -3.952659335968009, 0.0 ], [ 39.141463539381711, -3.951918665639118, 0.0 ], [ 39.139260643930498, -3.950623610864587, 0.0 ], [ 39.137853330382939, -3.952381126689639, 0.0 ], [ 39.136267864311087, -3.953650760899938, 0.0 ], [ 39.134891461130053, -3.956916666394336, 0.0 ], [ 39.133745680188817, -3.958865958835486, 0.0 ], [ 39.130642673048605, -3.958479965362657, 0.0 ], [ 39.129893460853651, -3.959415666035601, 0.0 ], [ 39.12480353862631, -3.960156336176021, 0.0 ], [ 39.124062460938298, -3.961081665567265, 0.0 ], [ 39.122304538637593, -3.961822336327012, 0.0 ], [ 39.121563461183257, -3.962747666285091, 0.0 ], [ 39.116935999689623, -3.966450000699159, 0.0 ], [ 39.115593764097973, -3.967606561432299, 0.0 ], [ 39.113280236227268, -3.972790441413929, 0.0 ], [ 39.111096458301404, -3.974672011853117, 0.0 ], [ 39.104583357724756, -3.973251274740983, 0.0 ], [ 39.100475707781463, -3.973581342683827, 0.0 ], [ 39.097657012119875, -3.976852942831508, 0.0 ], [ 39.092331587717702, -3.977664589338578, 0.0 ], [ 39.090727411697948, -3.978559413263491, 0.0 ], [ 39.08794654204349, -3.979800371784323, 0.0 ], [ 39.082037042208853, -3.984688552310986, 0.0 ], [ 39.083657893706494, -3.987593680906718, 0.0 ], [ 39.080669587647712, -3.988493588709038, 0.0 ], [ 39.079127235995983, -3.991949237054202, 0.0 ], [ 39.077058565001124, -3.99373197056808, 0.0 ], [ 39.074036499963441, -3.993489149146088, 0.0 ], [ 39.071133201830335, -3.993722210297177, 0.0 ], [ 39.067410327276278, -3.992355161747794, 0.0 ], [ 39.06657041194326, -3.996052412570537, 0.0 ], [ 39.064009587665389, -3.996823588972562, 0.0 ], [ 39.061696467250442, -3.999508467740407, 0.0 ], [ 39.056080631994512, -4.002014382891526, 0.0 ], [ 39.05407541240627, -4.005215412559169, 0.0 ], [ 39.049502454213176, -4.006254223117187, 0.0 ], [ 39.048186654960418, -4.007781932240482, 0.0 ], [ 39.0465474998025, -4.007650149364759, 0.0 ], [ 39.042798999866804, -4.007951134793073, 0.0 ], [ 39.038217499747702, -4.007583037019655, 0.0 ], [ 39.036135000022504, -4.007750612906866, 0.0 ], [ 39.033773883827585, -4.007560666445196, 0.0 ], [ 39.032031824169103, -4.00553917673828, 0.0 ], [ 39.0286416612389, -4.002618388722032, 0.0 ], [ 39.025757886382124, -4.002849823107821, 0.0 ], [ 39.022413683837016, -4.000984114987647, 0.0 ], [ 39.021557499895756, -4.001052854419926, 0.0 ], [ 39.020383652931947, -4.000958490379434, 0.0 ], [ 39.018198654720074, -3.998422069732941, 0.0 ], [ 39.01544788414369, -3.998643335873284, 0.0 ], [ 39.014091411924696, -4.000217412864346, 0.0 ], [ 39.013196588109651, -4.000988589431396, 0.0 ], [ 39.011779917961881, -4.002633031866596, 0.0 ], [ 39.009238618212045, -4.003767018327151, 0.0 ], [ 39.004897499860498, -4.003418036648663, 0.0 ], [ 39.003231499916538, -4.003551853582819, 0.0 ], [ 39.002181707740952, -4.003467658737678, 0.0 ], [ 39.000117918410851, -4.001071969649326, 0.0 ], [ 38.997830828582842, -4.000051464295682, 0.0 ], [ 38.99556000915701, -4.000234089745112, 0.0 ], [ 38.991000880111606, -3.997690347880409, 0.0 ], [ 38.985423685285816, -3.996885412584037, 0.0 ], [ 38.982437412158369, -3.998551413185245, 0.0 ], [ 38.978628715127279, -4.000251172656375, 0.0 ], [ 38.974000846811421, -3.99987941398968, 0.0 ], [ 38.974112292731824, -3.998490808788366, 0.0 ], [ 38.97079493582514, -3.997492267240341, 0.0 ], [ 38.966296817392838, -3.99498228519982, 0.0 ], [ 38.961017761106859, -3.993393158042489, 0.0 ], [ 38.959863031399003, -3.990805082848156, 0.0 ], [ 38.958665999601585, -3.989774001187038, 0.0 ], [ 38.95828041175087, -3.989326589434947, 0.0 ], [ 38.952947260016593, -3.985496944684827, 0.0 ], [ 38.947656000709003, -3.978128271063239, 0.0 ], [ 38.946618412306336, -3.966835588935522, 0.0 ], [ 38.945337999955257, -3.964784001298857, 0.0 ], [ 38.944890587830933, -3.965169589162451, 0.0 ], [ 38.939710775699979, -3.971181790881592, 0.0 ], [ 38.934488663289571, -3.97076223970477, 0.0 ], [ 38.932457411833916, -3.971895412579327, 0.0 ], [ 38.929063587832083, -3.972666589232973, 0.0 ], [ 38.92662641206617, -3.973561413305413, 0.0 ], [ 38.921909061965046, -3.974422071216574, 0.0 ], [ 38.920298785123755, -3.974292524938336, 0.0 ], [ 38.916583229781516, -3.976926765624542, 0.0 ], [ 38.91579741222489, -3.975165588927884, 0.0 ], [ 38.909644682089642, -3.974360451085798, 0.0 ], [ 38.907467411674929, -3.971833588769433, 0.0 ], [ 38.905739587893898, -3.971062412617696, 0.0 ], [ 38.901638038726311, -3.968774103998571, 0.0 ], [ 38.900803411646237, -3.966002589079495, 0.0 ], [ 38.899908587637128, -3.965231413024392, 0.0 ], [ 38.898304412330667, -3.962670589364512, 0.0 ], [ 38.895743587822757, -3.96106641274426, 0.0 ], [ 38.894096704898764, -3.958437053943084, 0.0 ], [ 38.891192999704963, -3.958670318347943, 0.0 ], [ 38.889110499806129, -3.958502945044815, 0.0 ], [ 38.887861000155446, -3.958603410129066, 0.0 ], [ 38.886584654971152, -3.958500912305682, 0.0 ], [ 38.885423824099725, -3.959848029044552, 0.0 ], [ 38.884529000307147, -3.960619001076723, 0.0 ], [ 38.883753756928499, -3.960083529812861, 0.0 ], [ 38.882182527245341, -3.955884974396903, 0.0 ], [ 38.880704033171149, -3.953614765431643, 0.0 ], [ 38.879578181641811, -3.950605104823798, 0.0 ], [ 38.880466091063617, -3.946644286948695, 0.0 ], [ 38.878457211424092, -3.943559380799586, 0.0 ], [ 38.879404098426235, -3.939336013841829, 0.0 ], [ 38.878698000373582, -3.936462000627658, 0.0 ], [ 38.886973090064131, -3.930430072103972, 0.0 ], [ 38.888477614629863, -3.927241651417299, 0.0 ], [ 38.890762671037066, -3.926032418298595, 0.0 ], [ 38.891623329019104, -3.926066584021379, 0.0 ], [ 38.893604145308849, -3.925018216345863, 0.0 ], [ 38.897030914748257, -3.926219314326937, 0.0 ], [ 38.900690746413986, -3.924492304076485, 0.0 ], [ 38.901622582605661, -3.922731127332488, 0.0 ], [ 38.901490800038403, -3.919406651896393, 0.0 ], [ 38.903271500294892, -3.919335879289152, 0.0 ], [ 38.905770499907469, -3.919435122628032, 0.0 ], [ 38.909518999863153, -3.919286460264812, 0.0 ], [ 38.912449143356767, -3.919402583680673, 0.0 ], [ 38.913976037760129, -3.917754886876698, 0.0 ], [ 38.915782363337776, -3.916902363691408, 0.0 ], [ 38.91761349920489, -3.915933513254374, 0.0 ], [ 38.924133512859022, -3.913869316582472, 0.0 ], [ 38.92824726418678, -3.911038417832477, 0.0 ], [ 38.929912857144295, -3.911104512661909, 0.0 ], [ 38.930745857257804, -3.910205417626953, 0.0 ], [ 38.934018879974658, -3.910335168441845, 0.0 ], [ 38.93498651144543, -3.90929046010938, 0.0 ], [ 38.939122225997494, -3.907338727232021, 0.0 ], [ 38.941573636801714, -3.906041637980193, 0.0 ], [ 38.944120226163761, -3.904839727349349, 0.0 ], [ 38.946864082067762, -3.90338787392733, 0.0 ], [ 38.952169575801612, -3.903598158278596, 0.0 ], [ 38.955766363255265, -3.902741363872062, 0.0 ], [ 38.957309934559461, -3.901075364034776, 0.0 ], [ 38.959931363135631, -3.901876638110755, 0.0 ], [ 38.961910145136997, -3.902923785843635, 0.0 ], [ 38.963663999565526, -3.902309000814527, 0.0 ], [ 38.964004032569946, -3.901816237654651, 0.0 ], [ 38.966655966934589, -3.900302765259064, 0.0 ], [ 38.967676473226767, -3.897574973605708, 0.0 ], [ 38.970355657766682, -3.89346081690701, 0.0 ], [ 38.969698369412178, -3.890529656834571, 0.0 ], [ 38.968169033193362, -3.889473765350457, 0.0 ], [ 38.9678289999502, -3.888981000646927, 0.0 ], [ 38.969558043879474, -3.887787427676601, 0.0 ], [ 38.968976815048364, -3.88519487755091, 0.0 ], [ 38.971653967350342, -3.881143764708392, 0.0 ], [ 38.97233403293712, -3.876826238097583, 0.0 ], [ 38.973660000153501, -3.874820000704835, 0.0 ], [ 38.977580549797189, -3.875486035293116, 0.0 ], [ 38.980686811016369, -3.87778919084579, 0.0 ], [ 38.982460189222252, -3.878514811588393, 0.0 ], [ 38.984018811376437, -3.881121191282863, 0.0 ], [ 38.989957189081828, -3.881846811559261, 0.0 ], [ 38.990682811090529, -3.882787190567436, 0.0 ], [ 38.993289188881548, -3.884345812044296, 0.0 ], [ 38.994014810841307, -3.886119191080004, 0.0 ], [ 38.994955188712261, -3.886844811700926, 0.0 ], [ 38.995318000271368, -3.888148001084088, 0.0 ], [ 38.99733826868588, -3.887524065386136, 0.0 ], [ 38.997425310983161, -3.886065500616728, 0.0 ], [ 38.997228855896211, -3.882768480602036, 0.0 ], [ 38.999899500345443, -3.882609446130223, 0.0 ], [ 39.006170591059977, -3.882983237705959, 0.0 ], [ 39.009538384068712, -3.881153120336131, 0.0 ], [ 39.015251836130041, -3.887547858593096, 0.0 ], [ 39.01741609109515, -3.888541114145303, 0.0 ], [ 39.018501269101542, -3.892056348894632, 0.0 ], [ 39.019875637127861, -3.893594429794076, 0.0 ], [ 39.024224889610288, -3.892665033151585, 0.0 ], [ 39.026555499830742, -3.892803933878594, 0.0 ], [ 39.029121205358869, -3.892651000699851, 0.0 ], [ 39.030766054794547, -3.896235381832911, 0.0 ], [ 39.032410091413212, -3.897704113752729, 0.0 ], [ 39.034663421123675, -3.902614055018913, 0.0 ], [ 39.038392803846847, -3.903952019900112, 0.0 ], [ 39.040697789839236, -3.902699469552404, 0.0 ], [ 39.041568209925018, -3.902751532401191, 0.0 ], [ 39.044638677442684, -3.901082889090021, 0.0 ], [ 39.047735582692084, -3.90234296383821, 0.0 ], [ 39.049070090650353, -3.903535113918907, 0.0 ], [ 39.050287052222579, -3.907476408425578, 0.0 ], [ 39.05240209112393, -3.90936611386091, 0.0 ], [ 39.053187908733314, -3.910245888555072, 0.0 ], [ 39.0557340906905, -3.911865113714716, 0.0 ], [ 39.056927868421212, -3.913201249349915, 0.0 ], [ 39.059851909395185, -3.915243888827122, 0.0 ], [ 39.062398090722475, -3.916030113853272, 0.0 ], [ 39.06397745574764, -3.917797798064635, 0.0 ], [ 39.066518349971105, -3.917646287660323, 0.0 ], [ 39.068353958572139, -3.919700520068678, 0.0 ], [ 39.072507163562278, -3.922601581397886, 0.0 ], [ 39.074888209743925, -3.922743531849191, 0.0 ], [ 39.077958677155891, -3.921074889010709, 0.0 ], [ 39.081055583382735, -3.922334964432403, 0.0 ], [ 39.082390091308056, -3.923527113722267, 0.0 ], [ 39.08353505868061, -3.926022045643771, 0.0 ], [ 39.089084596142449, -3.929452679636744, 0.0 ], [ 39.091157333858135, -3.929329234993614, 0.0 ], [ 39.092338909408866, -3.931903888851371, 0.0 ], [ 39.094052091232385, -3.932690113678925, 0.0 ], [ 39.095670909315253, -3.933569888610941, 0.0 ], [ 39.097776999905804, -3.933963000786109, 0.0 ], [ 39.099080189107333, -3.93360019087626, 0.0 ], [ 39.102304810554706, -3.930993811842062, 0.0 ], [ 39.104911188760674, -3.930268190582539, 0.0 ], [ 39.105636810708717, -3.929327812197156, 0.0 ], [ 39.107517567850294, -3.927876366405955, 0.0 ], [ 39.109331620828264, -3.925525826365214, 0.0 ], [ 39.11121237921747, -3.924074177099798, 0.0 ], [ 39.112397208210965, -3.922539145952894, 0.0 ], [ 39.114020500391462, -3.922779121812078, 0.0 ], [ 39.115269999658004, -3.922594462629289, 0.0 ], [ 39.116935999820804, -3.922840538945946, 0.0 ], [ 39.118398631229418, -3.922624357549251, 0.0 ], [ 39.119797810639348, -3.924437190904148, 0.0 ], [ 39.123237188707918, -3.925162811860092, 0.0 ], [ 39.124275998866878, -3.926508709217833, 0.0 ], [ 39.133921797039967, -3.924870162864122, 0.0 ], [ 39.136960539403304, -3.920933140244029, 0.0 ], [ 39.138416661989098, -3.921148304818009, 0.0 ], [ 39.141563188745579, -3.920272190798987, 0.0 ], [ 39.143592000364549, -3.918969001177083, 0.0 ], [ 39.144246441606015, -3.920262631922275, 0.0 ], [ 39.147477163730329, -3.920914836953413, 0.0 ], [ 39.148869835670233, -3.922021165129061, 0.0 ], [ 39.150809164281092, -3.922580837093478, 0.0 ], [ 39.15386783628832, -3.925353164953557, 0.0 ], [ 39.156087000357893, -3.925633001185522, 0.0 ] ] ] ] } },
{ "type": "Feature", "properties": { "OBJECTID_1": 474, "OBJECTID": 956, "WRUA_NAME": "Birikani", "SRO": "Coastal Athi", "Area": 309.31, "status": "Formed", "Basin": "ACA", "B_code": 20, "Areakm2": 309.56, "CentroidX": 39.006858, "CentroidY": -3.800969, "Subbasin": "3MA", "layer": "Birikani", "path": "X:/Mwache Catchment/Data/Vector/Mwache WRUA Subcatchment Boundary/Individual Mwache WRUAs/Birikani.shp" }, "geometry": { "type": "MultiPolygon", "coordinates": [ [ [ [ 38.955334000435499, -3.664071000765476, 0.0 ], [ 38.96405446868026, -3.663593490879177, 0.0 ], [ 38.964497000034932, -3.66407100070881, 0.0 ], [ 38.964882587582153, -3.667850413393045, 0.0 ], [ 38.968338236352309, -3.669392561236515, 0.0 ], [ 38.970047758118859, -3.673223222280706, 0.0 ], [ 38.972447106889724, -3.67529026672476, 0.0 ], [ 38.974203809097688, -3.684979178885781, 0.0 ], [ 38.973976035558906, -3.687811501389601, 0.0 ], [ 38.974143612060914, -3.689894000751801, 0.0 ], [ 38.974009388416711, -3.691560001006264, 0.0 ], [ 38.974229026601243, -3.694289011112603, 0.0 ], [ 38.972672847403913, -3.697077608937258, 0.0 ], [ 38.975653424845575, -3.70128104571946, 0.0 ], [ 38.975809612349657, -3.703222000964165, 0.0 ], [ 38.975709147088573, -3.704471500988324, 0.0 ], [ 38.975976781645485, -3.707803501090376, 0.0 ], [ 38.975683116857091, -3.711459875078224, 0.0 ], [ 38.979544688826209, -3.713878747414165, 0.0 ], [ 38.976606412059162, -3.718023002935231, 0.0 ], [ 38.977377587968512, -3.72032941325183, 0.0 ], [ 38.979624816655296, -3.72226548780655, 0.0 ], [ 38.981943632001162, -3.725967619169887, 0.0 ], [ 38.984478018914118, -3.727098758214628, 0.0 ], [ 38.986540588314902, -3.729492412552746, 0.0 ], [ 38.987435411706556, -3.730263587870839, 0.0 ], [ 38.988206588448755, -3.731158413130417, 0.0 ], [ 38.992557467748085, -3.733099977914209, 0.0 ], [ 38.996496728387633, -3.736493802035498, 0.0 ], [ 38.996748905218432, -3.739631991280942, 0.0 ], [ 38.995699927267971, -3.744441265136719, 0.0 ], [ 38.995801611638761, -3.745705000880681, 0.0 ], [ 38.995630376328208, -3.747831428365175, 0.0 ], [ 38.999868588419709, -3.75115041327013, 0.0 ], [ 39.002429413395426, -3.752754588865334, 0.0 ], [ 39.003200588412604, -3.754482413215773, 0.0 ], [ 39.004863333728792, -3.755915147870423, 0.0 ], [ 39.006532588133275, -3.760313412722124, 0.0 ], [ 39.008260411685328, -3.762750588313243, 0.0 ], [ 39.00903158806657, -3.764478413401315, 0.0 ], [ 39.010263598277668, -3.766687002098754, 0.0 ], [ 39.008280342234983, -3.768395708981229, 0.0 ], [ 39.008131070021903, -3.770251452822046, 0.0 ], [ 39.009093412894316, -3.771080588119621, 0.0 ], [ 39.010541806857042, -3.772761637899178, 0.0 ], [ 39.011978000359207, -3.773194001410749, 0.0 ], [ 39.011143373089332, -3.775138210103987, 0.0 ], [ 39.01305382266014, -3.776408249691707, 0.0 ], [ 39.011670505659637, -3.78189860654877, 0.0 ], [ 39.013355216120907, -3.784421197630747, 0.0 ], [ 39.012254582448172, -3.786985073253399, 0.0 ], [ 39.013347487807366, -3.787711710860817, 0.0 ], [ 39.013122561987352, -3.788604501161616, 0.0 ], [ 39.01352726602741, -3.790210710729988, 0.0 ], [ 39.012310711684279, -3.791019713258068, 0.0 ], [ 39.011511878147004, -3.793221183671322, 0.0 ], [ 39.008551229695627, -3.795189797137696, 0.0 ], [ 39.009478999960237, -3.797351001415458, 0.0 ], [ 39.010671556871415, -3.800525187063472, 0.0 ], [ 39.008268140224558, -3.802521864773842, 0.0 ], [ 39.009023860331411, -3.806968938103603, 0.0 ], [ 39.009934140383187, -3.807725063619402, 0.0 ], [ 39.01068986006922, -3.809467937755792, 0.0 ], [ 39.011978000410814, -3.809846001173076, 0.0 ], [ 39.013258411688525, -3.810231588896249, 0.0 ], [ 39.017899702659726, -3.81282108817019, 0.0 ], [ 39.019085345192586, -3.812725910813261, 0.0 ], [ 39.019860588242608, -3.813625413135755, 0.0 ], [ 39.021202824191931, -3.814781973395229, 0.0 ], [ 39.023130763601735, -3.817019440758349, 0.0 ], [ 39.025670031053778, -3.819207083165929, 0.0 ], [ 39.026914243131323, -3.821996086791488, 0.0 ], [ 39.028221500039912, -3.821890944927028, 0.0 ], [ 39.029054499678331, -3.821958056875649, 0.0 ], [ 39.031954136672937, -3.821724995615403, 0.0 ], [ 39.034978236296183, -3.824330560602726, 0.0 ], [ 39.036524655344998, -3.826125091195917, 0.0 ], [ 39.037941730833509, -3.826011204000154, 0.0 ], [ 39.040101918255068, -3.826975173644262, 0.0 ], [ 39.04151858841243, -3.828619412906517, 0.0 ], [ 39.043447747759636, -3.830281549314049, 0.0 ], [ 39.042853503238135, -3.83767320378868, 0.0 ], [ 39.044017588191984, -3.840281412962651, 0.0 ], [ 39.046277832788007, -3.842229078703338, 0.0 ], [ 39.047349587916386, -3.846945413232392, 0.0 ], [ 39.048248886374395, -3.848557316946719, 0.0 ], [ 39.048121170098085, -3.850146646675343, 0.0 ], [ 39.049848588161254, -3.85111041290199, 0.0 ], [ 39.051576411903383, -3.851881588729009, 0.0 ], [ 39.05258349555168, -3.854138580061148, 0.0 ], [ 39.055679588413319, -3.855275413105738, 0.0 ], [ 39.061292575940179, -3.856550538314982, 0.0 ], [ 39.06240541228015, -3.85854558929398, 0.0 ], [ 39.063399480277845, -3.861846473814543, 0.0 ], [ 39.069756393362923, -3.862815120905169, 0.0 ], [ 39.072463236307826, -3.865147560997614, 0.0 ], [ 39.074652707559501, -3.867688659197918, 0.0 ], [ 39.077287558775204, -3.867900365853769, 0.0 ], [ 39.078507774119437, -3.866483900088288, 0.0 ], [ 39.084059345405933, -3.866037911322459, 0.0 ], [ 39.084834588326459, -3.866937413329827, 0.0 ], [ 39.086176824385028, -3.868093974121587, 0.0 ], [ 39.087584139150373, -3.869727638069973, 0.0 ], [ 39.092393411743515, -3.87187358887707, 0.0 ], [ 39.095091307398391, -3.873786276335708, 0.0 ], [ 39.098213429687803, -3.873535521962177, 0.0 ], [ 39.106997757036083, -3.876761362852141, 0.0 ], [ 39.11815458768902, -3.877766412795233, 0.0 ], [ 39.118601999928366, -3.87815200125968, 0.0 ], [ 39.12101599237954, -3.878824136305167, 0.0 ], [ 39.122908952284988, -3.883449564061445, 0.0 ], [ 39.124194651060257, -3.884442208550806, 0.0 ], [ 39.123745611841734, -3.887482171350251, 0.0 ], [ 39.126856347090417, -3.88935865758234, 0.0 ], [ 39.131339823329128, -3.890304730824221, 0.0 ], [ 39.131574916885661, -3.891896501067213, 0.0 ], [ 39.131065681307156, -3.895343607732568, 0.0 ], [ 39.136496450579664, -3.90253860508035, 0.0 ], [ 39.138594000272271, -3.90284853944208, 0.0 ], [ 39.139877258800773, -3.90265899887253, 0.0 ], [ 39.141925999621236, -3.903975001366708, 0.0 ], [ 39.14446811402626, -3.900207995427971, 0.0 ], [ 39.150312942739724, -3.899053060846755, 0.0 ], [ 39.152669177739369, -3.900548637940213, 0.0 ], [ 39.1576122690877, -3.901525622897859, 0.0 ], [ 39.160668499938851, -3.899585277947101, 0.0 ], [ 39.163098760679318, -3.901128239786642, 0.0 ], [ 39.164951047247889, -3.901842675841935, 0.0 ], [ 39.163802418426499, -3.904637985076151, 0.0 ], [ 39.164575221373738, -3.908548570000389, 0.0 ], [ 39.162811603831244, -3.915232500314589, 0.0 ], [ 39.16011452194266, -3.917165523798091, 0.0 ], [ 39.159071238753398, -3.921120239901752, 0.0 ], [ 39.15643476063331, -3.924314762241563, 0.0 ], [ 39.156087000357893, -3.925633001185522, 0.0 ], [ 39.15386783628832, -3.925353164953557, 0.0 ], [ 39.150809164281092, -3.922580837093478, 0.0 ], [ 39.148869835670233, -3.922021165129061, 0.0 ], [ 39.147477163730329, -3.920914836953413, 0.0 ], [ 39.144246441606015, -3.920262631922275, 0.0 ], [ 39.143592000364549, -3.918969001177083, 0.0 ], [ 39.141563188745579, -3.920272190798987, 0.0 ], [ 39.138416661989098, -3.921148304818009, 0.0 ], [ 39.136960539403304, -3.920933140244029, 0.0 ], [ 39.133921797039967, -3.924870162864122, 0.0 ], [ 39.124275998866878, -3.926508709217833, 0.0 ], [ 39.123237188707918, -3.925162811860092, 0.0 ], [ 39.119797810639348, -3.924437190904148, 0.0 ], [ 39.118398631229418, -3.922624357549251, 0.0 ], [ 39.116935999820804, -3.922840538945946, 0.0 ], [ 39.115269999658004, -3.922594462629289, 0.0 ], [ 39.114020500391462, -3.922779121812078, 0.0 ], [ 39.112397208210965, -3.922539145952894, 0.0 ], [ 39.11121237921747, -3.924074177099798, 0.0 ], [ 39.109331620828264, -3.925525826365214, 0.0 ], [ 39.107517567850294, -3.927876366405955, 0.0 ], [ 39.105636810708717, -3.929327812197156, 0.0 ], [ 39.104911188760674, -3.930268190582539, 0.0 ], [ 39.102304810554706, -3.930993811842062, 0.0 ], [ 39.099080189107333, -3.93360019087626, 0.0 ], [ 39.097776999905804, -3.933963000786109, 0.0 ], [ 39.095670909315253, -3.933569888610941, 0.0 ], [ 39.094052091232385, -3.932690113678925, 0.0 ], [ 39.092338909408866, -3.931903888851371, 0.0 ], [ 39.091157333858135, -3.929329234993614, 0.0 ], [ 39.089084596142449, -3.929452679636744, 0.0 ], [ 39.08353505868061, -3.926022045643771, 0.0 ], [ 39.082390091308056, -3.923527113722267, 0.0 ], [ 39.081055583382735, -3.922334964432403, 0.0 ], [ 39.077958677155891, -3.921074889010709, 0.0 ], [ 39.074888209743925, -3.922743531849191, 0.0 ], [ 39.072507163562278, -3.922601581397886, 0.0 ], [ 39.068353958572139, -3.919700520068678, 0.0 ], [ 39.066518349971105, -3.917646287660323, 0.0 ], [ 39.06397745574764, -3.917797798064635, 0.0 ], [ 39.062398090722475, -3.916030113853272, 0.0 ], [ 39.059851909395185, -3.915243888827122, 0.0 ], [ 39.056927868421212, -3.913201249349915, 0.0 ], [ 39.0557340906905, -3.911865113714716, 0.0 ], [ 39.053187908733314, -3.910245888555072, 0.0 ], [ 39.05240209112393, -3.90936611386091, 0.0 ], [ 39.050287052222579, -3.907476408425578, 0.0 ], [ 39.049070090650353, -3.903535113918907, 0.0 ], [ 39.047735582692084, -3.90234296383821, 0.0 ], [ 39.044638677442684, -3.901082889090021, 0.0 ], [ 39.041568209925018, -3.902751532401191, 0.0 ], [ 39.040697789839236, -3.902699469552404, 0.0 ], [ 39.038392803846847, -3.903952019900112, 0.0 ], [ 39.034663421123675, -3.902614055018913, 0.0 ], [ 39.032410091413212, -3.897704113752729, 0.0 ], [ 39.030766054794547, -3.896235381832911, 0.0 ], [ 39.029121205358869, -3.892651000699851, 0.0 ], [ 39.026555499830742, -3.892803933878594, 0.0 ], [ 39.024224889610288, -3.892665033151585, 0.0 ], [ 39.019875637127861, -3.893594429794076, 0.0 ], [ 39.018501269101542, -3.892056348894632, 0.0 ], [ 39.01741609109515, -3.888541114145303, 0.0 ], [ 39.015251836130041, -3.887547858593096, 0.0 ], [ 39.009538384068712, -3.881153120336131, 0.0 ], [ 39.006170591059977, -3.882983237705959, 0.0 ], [ 38.999899500345443, -3.882609446130223, 0.0 ], [ 38.997228855896211, -3.882768480602036, 0.0 ], [ 38.997425310983161, -3.886065500616728, 0.0 ], [ 38.99733826868588, -3.887524065386136, 0.0 ], [ 38.995318000271368, -3.888148001084088, 0.0 ], [ 38.994955188712261, -3.886844811700926, 0.0 ], [ 38.994014810841307, -3.886119191080004, 0.0 ], [ 38.993289188881548, -3.884345812044296, 0.0 ], [ 38.990682811090529, -3.882787190567436, 0.0 ], [ 38.989957189081828, -3.881846811559261, 0.0 ], [ 38.984018811376437, -3.881121191282863, 0.0 ], [ 38.982460189222252, -3.878514811588393, 0.0 ], [ 38.980686811016369, -3.87778919084579, 0.0 ], [ 38.977580549797189, -3.875486035293116, 0.0 ], [ 38.973660000153501, -3.874820000704835, 0.0 ], [ 38.973274412401373, -3.874372588725014, 0.0 ], [ 38.971546588099343, -3.873601412680924, 0.0 ], [ 38.970775412207928, -3.871040589436534, 0.0 ], [ 38.968648170645032, -3.86920782596408, 0.0 ], [ 38.967381587966116, -3.866937412647528, 0.0 ], [ 38.966610412312022, -3.865209588566562, 0.0 ], [ 38.964965969105705, -3.86379291968347, 0.0 ], [ 38.964111411716502, -3.861877589195748, 0.0 ], [ 38.962540589088704, -3.860523963835236, 0.0 ], [ 38.960517878816894, -3.857294868699687, 0.0 ], [ 38.958280412164321, -3.856046588777948, 0.0 ], [ 38.954949631567565, -3.85504377580351, 0.0 ], [ 38.95616699959546, -3.853995000728902, 0.0 ], [ 38.955395823756625, -3.853099974191307, 0.0 ], [ 38.954053588151211, -3.851943412861755, 0.0 ], [ 38.952089042115936, -3.841173797426487, 0.0 ], [ 38.946606616725823, -3.838727265805284, 0.0 ], [ 38.945785411973802, -3.836887588715507, 0.0 ], [ 38.944744975591064, -3.835991137591241, 0.0 ], [ 38.94259902398354, -3.831181863898978, 0.0 ], [ 38.941558587877829, -3.830285413443421, 0.0 ], [ 38.940787411940583, -3.828557588988088, 0.0 ], [ 38.938161102554353, -3.825204234984367, 0.0 ], [ 38.938293292981314, -3.823561623451619, 0.0 ], [ 38.936560588070471, -3.822788413400966, 0.0 ], [ 38.935789411566127, -3.821060588927158, 0.0 ], [ 38.934894587821958, -3.819456412871522, 0.0 ], [ 38.93412341166534, -3.816895588562827, 0.0 ], [ 38.932395588191262, -3.81612441342015, 0.0 ], [ 38.930553062791901, -3.815096382112424, 0.0 ], [ 38.928225299764414, -3.809879760361054, 0.0 ], [ 38.923909807021879, -3.808580637661682, 0.0 ], [ 38.922461411838, -3.806899588670384, 0.0 ], [ 38.915818156337181, -3.805091231012989, 0.0 ], [ 38.913298412308912, -3.801068588736553, 0.0 ], [ 38.911567333657729, -3.79957687575879, 0.0 ], [ 38.906226453852739, -3.798363575869521, 0.0 ], [ 38.90419723582162, -3.79600856133174, 0.0 ], [ 38.902407588072066, -3.794466412728256, 0.0 ], [ 38.902022000410803, -3.793186000641055, 0.0 ], [ 38.899863032591966, -3.792845764579597, 0.0 ], [ 38.899162222825836, -3.791830546287142, 0.0 ], [ 38.89785700013946, -3.792123193875882, 0.0 ], [ 38.896282515864506, -3.791770347789489, 0.0 ], [ 38.891720946244696, -3.794740554830697, 0.0 ], [ 38.888694000417019, -3.79406211501144, 0.0 ], [ 38.886588315700735, -3.794534134765745, 0.0 ], [ 38.883462531849162, -3.793221183983961, 0.0 ], [ 38.882003154882597, -3.791107567891236, 0.0 ], [ 38.880364000350404, -3.790687000680756, 0.0 ], [ 38.879810835704404, -3.789574165434404, 0.0 ], [ 38.879531000210335, -3.787355001259937, 0.0 ], [ 38.880516526682854, -3.786674528309239, 0.0 ], [ 38.881537033078331, -3.782697237020835, 0.0 ], [ 38.88288374383955, -3.780629379756304, 0.0 ], [ 38.885854967134151, -3.77951776442905, 0.0 ], [ 38.886535034366993, -3.778532237395557, 0.0 ], [ 38.889562793225203, -3.777755163555882, 0.0 ], [ 38.891533034011012, -3.774579147984011, 0.0 ], [ 38.889867034370809, -3.772020763892944, 0.0 ], [ 38.889186966808545, -3.768748147904696, 0.0 ], [ 38.891685966711201, -3.767022764447167, 0.0 ], [ 38.892366034130113, -3.765204238213568, 0.0 ], [ 38.893982003629219, -3.762722726601284, 0.0 ], [ 38.898940144056951, -3.760984733934078, 0.0 ], [ 38.901814156796391, -3.761629007752551, 0.0 ], [ 38.90151195015428, -3.760282500320153, 0.0 ], [ 38.901874759955064, -3.758665309387607, 0.0 ], [ 38.906995189068574, -3.757351341076118, 0.0 ], [ 38.905354000685961, -3.754868001362252, 0.0 ], [ 38.905824190094876, -3.754505189741062, 0.0 ], [ 38.907389319170996, -3.750680833091655, 0.0 ], [ 38.909989189966005, -3.748674191336229, 0.0 ], [ 38.910714810934557, -3.746067810886808, 0.0 ], [ 38.912488189863772, -3.74534218990866, 0.0 ], [ 38.91471304762873, -3.744000157105551, 0.0 ], [ 38.912341357080244, -3.742169630789957, 0.0 ], [ 38.912762738082243, -3.739318803191524, 0.0 ], [ 38.914166799174524, -3.736991039999546, 0.0 ], [ 38.913915840943531, -3.735292499964879, 0.0 ], [ 38.914389284990961, -3.73208842011766, 0.0 ], [ 38.91237999677471, -3.730537730771752, 0.0 ], [ 38.90825078959373, -3.728847530450183, 0.0 ], [ 38.907490190373501, -3.72524281099472, 0.0 ], [ 38.905058301206658, -3.721962670786913, 0.0 ], [ 38.903265804933731, -3.720579149910028, 0.0 ], [ 38.902356746003647, -3.716270978280631, 0.0 ], [ 38.902623160218688, -3.714467500846838, 0.0 ], [ 38.902119210114911, -3.711056796992116, 0.0 ], [ 38.89905280993198, -3.708690190385963, 0.0 ], [ 38.898327188620769, -3.706644092773112, 0.0 ], [ 38.900037117116717, -3.705324024044562, 0.0 ], [ 38.899027186366489, -3.703649890439306, 0.0 ], [ 38.900004578998029, -3.701163905038305, 0.0 ], [ 38.899822360113426, -3.699931082122995, 0.0 ], [ 38.898205574220974, -3.698683209333095, 0.0 ], [ 38.898562283610289, -3.696269420339257, 0.0 ], [ 38.897386809929493, -3.695362189740967, 0.0 ], [ 38.896353695974575, -3.692837769172827, 0.0 ], [ 38.898574079892903, -3.691928912776818, 0.0 ], [ 38.898150258820976, -3.689061000396973, 0.0 ], [ 38.898487037872911, -3.686782452794288, 0.0 ], [ 38.89785699978588, -3.684063000863533, 0.0 ], [ 38.898405282784168, -3.682757980691695, 0.0 ], [ 38.8961836788867, -3.681926608124195, 0.0 ], [ 38.894093451371276, -3.67889945780063, 0.0 ], [ 38.892528238211128, -3.67443368641239, 0.0 ], [ 38.892518967003234, -3.674407236608443, 0.0 ], [ 38.889867032909933, -3.673726763713967, 0.0 ], [ 38.889527000139815, -3.673234000764145, 0.0 ], [ 38.891565572437365, -3.670250575574494, 0.0 ], [ 38.893275499601671, -3.670503159616087, 0.0 ], [ 38.895358000022931, -3.67019546286623, 0.0 ], [ 38.897397792423611, -3.670496855120228, 0.0 ], [ 38.898957226840317, -3.668476585751365, 0.0 ], [ 38.902935942104328, -3.670876343020621, 0.0 ], [ 38.905004611835395, -3.668196140965926, 0.0 ], [ 38.909156189716867, -3.667040189628165, 0.0 ], [ 38.910714811410713, -3.666099810900922, 0.0 ], [ 38.914154188806222, -3.665374190162227, 0.0 ], [ 38.917030235593437, -3.664243458145053, 0.0 ], [ 38.920347999906582, -3.664733781295401, 0.0 ], [ 38.923680001002154, -3.664241220863671, 0.0 ], [ 38.926572722691894, -3.664668703281845, 0.0 ], [ 38.928247670706398, -3.661868512576314, 0.0 ], [ 38.932480189623789, -3.663600811728438, 0.0 ], [ 38.9340388106801, -3.664541190883161, 0.0 ], [ 38.935827238714033, -3.665272912701143, 0.0 ], [ 38.935571400621278, -3.667002974313335, 0.0 ], [ 38.938311189702127, -3.667765811264187, 0.0 ], [ 38.939795378268485, -3.669689073447743, 0.0 ], [ 38.941589499863241, -3.669423879679376, 0.0 ], [ 38.944301630758751, -3.669824721371304, 0.0 ], [ 38.946937701741142, -3.666409542847146, 0.0 ], [ 38.949919499695199, -3.665968841661291, 0.0 ], [ 38.952546622651091, -3.666357072752299, 0.0 ], [ 38.954030811018498, -3.664433811863263, 0.0 ], [ 38.955334000435499, -3.664071000765476, 0.0 ] ] ] ] } },
{ "type": "Feature", "properties": { "OBJECTID_1": 462, "OBJECTID": 944, "WRUA_NAME": "Bunguta", "SRO": "Coastal Athi", "Area": 261.05, "status": "Formed", "Basin": "ACA", "B_code": 20, "Areakm2": 261.25, "CentroidX": 38.717223, "CentroidY": -3.730809, "Subbasin": "3MA", "layer": "Bunguta", "path": "X:/Mwache Catchment/Data/Vector/Mwache WRUA Subcatchment Boundary/Individual Mwache WRUAs/Bunguta.shp" }, "geometry": { "type": "MultiPolygon", "coordinates": [ [ [ [ 38.779941539188137, -3.67369666493956, 0.0 ], [ 38.782747625303877, -3.674498956323022, 0.0 ], [ 38.784106540211674, -3.676195665003865, 0.0 ], [ 38.784980123589847, -3.676347662393295, 0.0 ], [ 38.784607120258066, -3.67944949443145, 0.0 ], [ 38.783891298210207, -3.683757902942206, 0.0 ], [ 38.782937437831968, -3.687108789567714, 0.0 ], [ 38.785319609016014, -3.68902429508565, 0.0 ], [ 38.789369582011737, -3.691179557765265, 0.0 ], [ 38.793419630628037, -3.6930954379475, 0.0 ], [ 38.795563027597197, -3.697404521432021, 0.0 ], [ 38.795638112816214, -3.699072486401098, 0.0 ], [ 38.799794241984856, -3.701690733337512, 0.0 ], [ 38.802510424089512, -3.70197858322899, 0.0 ], [ 38.805654863245323, -3.705138910769987, 0.0 ], [ 38.80736995929184, -3.707149961061615, 0.0 ], [ 38.806567482759597, -3.710019043928545, 0.0 ], [ 38.805765225988445, -3.714296137836834, 0.0 ], [ 38.806042769846563, -3.715598690180064, 0.0 ], [ 38.806041880755629, -3.719667908759669, 0.0 ], [ 38.805564811659139, -3.722061461929735, 0.0 ], [ 38.80342003975062, -3.723497179180599, 0.0 ], [ 38.801036395106372, -3.727565860137191, 0.0 ], [ 38.799672942161607, -3.729999586947228, 0.0 ], [ 38.79378310669577, -3.730987708347752, 0.0 ], [ 38.788777995652552, -3.73658766979946, 0.0 ], [ 38.785774215263594, -3.742762567053867, 0.0 ], [ 38.778768303272962, -3.744915109072719, 0.0 ], [ 38.776908276144468, -3.750659401875919, 0.0 ], [ 38.776379768000638, -3.755427672324627, 0.0 ], [ 38.775056906117051, -3.757480238332275, 0.0 ], [ 38.773864572580699, -3.761070406307096, 0.0 ], [ 38.771242713901025, -3.763942100952375, 0.0 ], [ 38.773147555569423, -3.769447997235984, 0.0 ], [ 38.773622949148503, -3.773996057090753, 0.0 ], [ 38.772461354838256, -3.778010190549361, 0.0 ], [ 38.772309821760523, -3.780133415112816, 0.0 ], [ 38.770950451617672, -3.782256318581387, 0.0 ], [ 38.770647894894623, -3.784531162751934, 0.0 ], [ 38.770194315293452, -3.78695762773483, 0.0 ], [ 38.773117330695001, -3.787357161177071, 0.0 ], [ 38.774080032904415, -3.7911797642285, 0.0 ], [ 38.774573000333874, -3.791520000342982, 0.0 ], [ 38.77377213259863, -3.796394352284968, 0.0 ], [ 38.775061899586952, -3.801960565256399, 0.0 ], [ 38.773269810623326, -3.804377812085055, 0.0 ], [ 38.772544191052766, -3.807817189116855, 0.0 ], [ 38.771603810271166, -3.811041810875979, 0.0 ], [ 38.771240999648995, -3.81317800160553, 0.0 ], [ 38.770832941899364, -3.813073295827704, 0.0 ], [ 38.7699150343581, -3.812837764419727, 0.0 ], [ 38.768105862405051, -3.811659444038104, 0.0 ], [ 38.768434099338506, -3.810194577198453, 0.0 ], [ 38.763737084903063, -3.808989205870725, 0.0 ], [ 38.761737966233703, -3.80768723731971, 0.0 ], [ 38.758253033704221, -3.807006764985496, 0.0 ], [ 38.75757296659706, -3.805188236893561, 0.0 ], [ 38.755754034248319, -3.804507764770468, 0.0 ], [ 38.755073967761902, -3.803522238355681, 0.0 ], [ 38.753255033015705, -3.802841763984252, 0.0 ], [ 38.750532733976087, -3.801068790832582, 0.0 ], [ 38.743259034242541, -3.800342765024398, 0.0 ], [ 38.742373564826352, -3.797975750028124, 0.0 ], [ 38.736671500697312, -3.799254130281069, 0.0 ], [ 38.730713191354688, -3.79791840012472, 0.0 ], [ 38.730934050267088, -3.796934501304081, 0.0 ], [ 38.730651774090525, -3.79567686589449, 0.0 ], [ 38.727684618116889, -3.796342086309154, 0.0 ], [ 38.725879514002173, -3.795166816915083, 0.0 ], [ 38.724730478249228, -3.795424483797225, 0.0 ], [ 38.724218786369782, -3.79468343158563, 0.0 ], [ 38.723760000730081, -3.794018999949164, 0.0 ], [ 38.722479588909067, -3.794404588914455, 0.0 ], [ 38.721708413080364, -3.796965413208672, 0.0 ], [ 38.71810755790073, -3.798049574008919, 0.0 ], [ 38.717141691311625, -3.797971974038292, 0.0 ], [ 38.713764000746693, -3.797700592824702, 0.0 ], [ 38.710507653799048, -3.797962124781859, 0.0 ], [ 38.709213412325141, -3.799464411721773, 0.0 ], [ 38.708318587785698, -3.800235588212173, 0.0 ], [ 38.707547412427104, -3.8027964122299, 0.0 ], [ 38.706103084950556, -3.80538509813749, 0.0 ], [ 38.704159688732467, -3.805229115120853, 0.0 ], [ 38.696461353963791, -3.810869557353866, 0.0 ], [ 38.693170027616944, -3.812338085658337, 0.0 ], [ 38.690774744606074, -3.811001747987239, 0.0 ], [ 38.688973709192382, -3.811146342274804, 0.0 ], [ 38.68561852435051, -3.815040659614785, 0.0 ], [ 38.681881007353638, -3.816708489019768, 0.0 ], [ 38.675088477289272, -3.822525253274475, 0.0 ], [ 38.673976861964682, -3.82501652622321, 0.0 ], [ 38.664646654328145, -3.81742696085193, 0.0 ], [ 38.662568037180762, -3.807385251179704, 0.0 ], [ 38.655074674368819, -3.798178127253502, 0.0 ], [ 38.653828515004768, -3.789810220080722, 0.0 ], [ 38.645086604112258, -3.778929047689692, 0.0 ], [ 38.634679154825349, -3.767628735319315, 0.0 ], [ 38.636766583365862, -3.755496883748419, 0.0 ], [ 38.650099626205872, -3.740859371781555, 0.0 ], [ 38.645525343718681, -3.723704335068331, 0.0 ], [ 38.63296299963131, -3.713218001424865, 0.0 ], [ 38.633355909261915, -3.706947112909651, 0.0 ], [ 38.634857993871321, -3.699918065549132, 0.0 ], [ 38.63546200114903, -3.691560001310199, 0.0 ], [ 38.635847588251096, -3.6886135893032, 0.0 ], [ 38.64158097095028, -3.681918269948179, 0.0 ], [ 38.645180199175336, -3.678817094226092, 0.0 ], [ 38.648404412351695, -3.677846412250138, 0.0 ], [ 38.649339909891125, -3.673729814205559, 0.0 ], [ 38.652366858154814, -3.669460283346035, 0.0 ], [ 38.65423541276887, -3.667850412597326, 0.0 ], [ 38.655006586612856, -3.66695558875155, 0.0 ], [ 38.657798439734428, -3.6645501384129, 0.0 ], [ 38.660452001445414, -3.660739000076871, 0.0 ], [ 38.663495623082362, -3.660033717222797, 0.0 ], [ 38.666699500913488, -3.660507160744872, 0.0 ], [ 38.668781999701565, -3.660199462353128, 0.0 ], [ 38.67164991079089, -3.660623284143413, 0.0 ], [ 38.672746886075721, -3.657943283821216, 0.0 ], [ 38.679577240938762, -3.652879190331779, 0.0 ], [ 38.683385125971206, -3.65379943584819, 0.0 ], [ 38.686637810055238, -3.656211189959188, 0.0 ], [ 38.691164402079828, -3.657166415402022, 0.0 ], [ 38.692939000104623, -3.66157199992819, 0.0 ], [ 38.696490638007958, -3.661168109427768, 0.0 ], [ 38.697936999987121, -3.659073001215427, 0.0 ], [ 38.699240189595081, -3.658710190177592, 0.0 ], [ 38.701631811005413, -3.656936809738562, 0.0 ], [ 38.704238189913404, -3.656211190399902, 0.0 ], [ 38.705796810862772, -3.655270811157338, 0.0 ], [ 38.712010959104617, -3.652768149548277, 0.0 ], [ 38.713853888686273, -3.650380188606048, 0.0 ], [ 38.723397190175952, -3.65110581094604, 0.0 ], [ 38.724593000280485, -3.651576000935916, 0.0 ], [ 38.727465385889317, -3.646523497562812, 0.0 ], [ 38.728757999652011, -3.640747000047825, 0.0 ], [ 38.730794539076044, -3.642042665425302, 0.0 ], [ 38.735051461664966, -3.642783335433117, 0.0 ], [ 38.736608862942418, -3.64472795218945, 0.0 ], [ 38.741715461821549, -3.648614337166309, 0.0 ], [ 38.743721087964673, -3.651118623804103, 0.0 ], [ 38.74754646199235, -3.651946336189846, 0.0 ], [ 38.749136402230839, -3.652881019583373, 0.0 ], [ 38.750794674197067, -3.652674802763309, 0.0 ], [ 38.751989670554046, -3.654167128347394, 0.0 ], [ 38.75806290396995, -3.653424244973999, 0.0 ], [ 38.764923900647943, -3.656154840520828, 0.0 ], [ 38.766639036277731, -3.65730424390823, 0.0 ], [ 38.772357334922994, -3.6565876217698, 0.0 ], [ 38.774786672676711, -3.660035102256307, 0.0 ], [ 38.776786989560492, -3.664200568179962, 0.0 ], [ 38.778215787483575, -3.667216931697234, 0.0 ], [ 38.778779488002904, -3.670939183809727, 0.0 ], [ 38.779941539188137, -3.67369666493956, 0.0 ] ] ] ] } },
{ "type": "Feature", "properties": { "OBJECTID_1": 500, "OBJECTID": 982, "WRUA_NAME": "Chigulu Ngeyeni", "SRO": "Coastal Athi", "Area": 126.922, "status": "Formed", "Basin": "ACA", "B_code": 20, "Areakm2": 127.02, "CentroidX": 39.286019, "CentroidY": -3.913705, "Subbasin": "3MB", "layer": "Chigulu Ngeyeni", "path": "X:/Mwache Catchment/Data/Vector/Mwache WRUA Subcatchment Boundary/Individual Mwache WRUAs/Chigulu Ngeyeni.shp" }, "geometry": { "type": "MultiPolygon", "coordinates": [ [ [ [ 39.356007000230903, -3.899810000557755, 0.0 ], [ 39.352417942003839, -3.901268565105562, 0.0 ], [ 39.351444209577949, -3.9079573760291, 0.0 ], [ 39.348258635954132, -3.910508438230673, 0.0 ], [ 39.346507627206442, -3.91466306632183, 0.0 ], [ 39.345640461753575, -3.918171183898797, 0.0 ], [ 39.34782342538788, -3.921884500700043, 0.0 ], [ 39.345644121823071, -3.925591513912083, 0.0 ], [ 39.343012525368273, -3.92769882480267, 0.0 ], [ 39.344155054208258, -3.929642423075838, 0.0 ], [ 39.343669408104923, -3.933546500563798, 0.0 ], [ 39.344436109188699, -3.939711026261703, 0.0 ], [ 39.34138353875894, -3.940997336164828, 0.0 ], [ 39.341198334647601, -3.941228586887044, 0.0 ], [ 39.341012999890197, -3.941460001374883, 0.0 ], [ 39.343141461623638, -3.941830336452332, 0.0 ], [ 39.343882537702271, -3.943588666253381, 0.0 ], [ 39.344807462087978, -3.945162335662919, 0.0 ], [ 39.345548539346822, -3.950252665712481, 0.0 ], [ 39.348518135074279, -3.951503996012482, 0.0 ], [ 39.348982222901554, -3.955234396886728, 0.0 ], [ 39.347781531610011, -3.957277035724091, 0.0 ], [ 39.348850847168507, -3.96587609367379, 0.0 ], [ 39.345219893563261, -3.966914496067905, 0.0 ], [ 39.342216538826797, -3.969319335930263, 0.0 ], [ 39.34091579041435, -3.972406073420051, 0.0 ], [ 39.336847999722686, -3.973114001370268, 0.0 ], [ 39.337298259415768, -3.968535550716376, 0.0 ], [ 39.337231148187016, -3.967699500898644, 0.0 ], [ 39.337420280957886, -3.965345503399495, 0.0 ], [ 39.334516983034831, -3.961250665686231, 0.0 ], [ 39.330291453256223, -3.960965867413888, 0.0 ], [ 39.327151668345046, -3.958199010283012, 0.0 ], [ 39.324283028900389, -3.954936325229416, 0.0 ], [ 39.319134007129392, -3.952353215983182, 0.0 ], [ 39.312842359855729, -3.953360939619274, 0.0 ], [ 39.306265114008745, -3.95551766267693, 0.0 ], [ 39.29883059182562, -3.959828910096705, 0.0 ], [ 39.292969678859208, -3.966006566917998, 0.0 ], [ 39.291403538778205, -3.968341537350381, 0.0 ], [ 39.281861052063178, -3.965613340576732, 0.0 ], [ 39.279833461783682, -3.960251919435551, 0.0 ], [ 39.279857940895397, -3.95677170798808, 0.0 ], [ 39.277140334238084, -3.955049209932068, 0.0 ], [ 39.275780059253876, -3.95124528209819, 0.0 ], [ 39.274564558788796, -3.949736206607843, 0.0 ], [ 39.269803296107881, -3.946937748587595, 0.0 ], [ 39.268958499629683, -3.94681287990882, 0.0 ], [ 39.268125500356838, -3.946936121837749, 0.0 ], [ 39.263101469433998, -3.946193620926417, 0.0 ], [ 39.26145702614339, -3.940288594744165, 0.0 ], [ 39.256409811214368, -3.939431190281625, 0.0 ], [ 39.253951484186651, -3.938464779882453, 0.0 ], [ 39.251881999764151, -3.939794001063932, 0.0 ], [ 39.251434587873149, -3.93940841286887, 0.0 ], [ 39.250663413446169, -3.938513588326939, 0.0 ], [ 39.248935587647374, -3.937742413226628, 0.0 ], [ 39.248164412885103, -3.936847587871126, 0.0 ], [ 39.245770757877921, -3.934785223011703, 0.0 ], [ 39.244832412344117, -3.932682589347189, 0.0 ], [ 39.240259453831634, -3.931643575255536, 0.0 ], [ 39.239001411736602, -3.930183589135269, 0.0 ], [ 39.237659175802023, -3.929027028588914, 0.0 ], [ 39.235756861176377, -3.926819050175653, 0.0 ], [ 39.231263623211923, -3.927799085413417, 0.0 ], [ 39.22881627887709, -3.927602426845853, 0.0 ], [ 39.229041611749899, -3.924800000667714, 0.0 ], [ 39.228940740721036, -3.923547449638773, 0.0 ], [ 39.229856715741313, -3.914232940678283, 0.0 ], [ 39.226258708302389, -3.909158269939547, 0.0 ], [ 39.222606605632777, -3.907528876183095, 0.0 ], [ 39.221508411917789, -3.902694587699882, 0.0 ], [ 39.21894758828455, -3.901923413334982, 0.0 ], [ 39.217051374223757, -3.898896059566512, 0.0 ], [ 39.217473161995933, -3.893643441806391, 0.0 ], [ 39.216448588109756, -3.892760412786708, 0.0 ], [ 39.214701240550667, -3.890732619277068, 0.0 ], [ 39.212731001046855, -3.8873150011388, 0.0 ], [ 39.213257726779489, -3.884996185995257, 0.0 ], [ 39.211158956734977, -3.877646424782108, 0.0 ], [ 39.209769538988162, -3.875282666221133, 0.0 ], [ 39.209398999740614, -3.873987001251064, 0.0 ], [ 39.213027106135392, -3.871476613276589, 0.0 ], [ 39.214326635373482, -3.86848037487165, 0.0 ], [ 39.217108318408592, -3.868763872411404, 0.0 ], [ 39.219017140305141, -3.866111938356917, 0.0 ], [ 39.220930843750182, -3.863009541975435, 0.0 ], [ 39.225544883163572, -3.862539147729835, 0.0 ], [ 39.226573118272093, -3.863776854221798, 0.0 ], [ 39.229807499845329, -3.863447191665434, 0.0 ], [ 39.231652465114337, -3.867701064203208, 0.0 ], [ 39.234844140355321, -3.866944936890179, 0.0 ], [ 39.237403744275959, -3.865479053154272, 0.0 ], [ 39.24265473591862, -3.869258262045969, 0.0 ], [ 39.250632500355323, -3.868445192414435, 0.0 ], [ 39.253098960778516, -3.868696556162918, 0.0 ], [ 39.254527832644762, -3.866976459563806, 0.0 ], [ 39.256590809298004, -3.866766176438316, 0.0 ], [ 39.26066714007937, -3.868534064862414, 0.0 ], [ 39.262255859999257, -3.869443937323433, 0.0 ], [ 39.263544000098463, -3.869822000712206, 0.0 ], [ 39.265210000256381, -3.873154000612109, 0.0 ], [ 39.268116144878931, -3.872720620559198, 0.0 ], [ 39.269625957376178, -3.872780412408714, 0.0 ], [ 39.275619652637801, -3.871886603934191, 0.0 ], [ 39.284072081158541, -3.872767395592999, 0.0 ], [ 39.285633143101897, -3.874452511667057, 0.0 ], [ 39.288019882865946, -3.874357946212123, 0.0 ], [ 39.292129566760565, -3.875434785654006, 0.0 ], [ 39.293110212245644, -3.874376249146225, 0.0 ], [ 39.297822275098618, -3.876869758925503, 0.0 ], [ 39.302753570918306, -3.873476545071872, 0.0 ], [ 39.307985038103268, -3.874570873688929, 0.0 ], [ 39.309016120019827, -3.873457834924574, 0.0 ], [ 39.312288329240921, -3.873587583956714, 0.0 ], [ 39.313924637586631, -3.872721637973173, 0.0 ], [ 39.316628633380127, -3.871865657157256, 0.0 ], [ 39.31680062209842, -3.871680030027766, 0.0 ], [ 39.316827410925576, -3.871716697362179, 0.0 ], [ 39.318171417849904, -3.870709523027846, 0.0 ], [ 39.319779390292567, -3.869033376620043, 0.0 ], [ 39.321327913195717, -3.867716295235732, 0.0 ], [ 39.32624471218891, -3.869455285896625, 0.0 ], [ 39.330774401081506, -3.869150206088276, 0.0 ], [ 39.334247250412638, -3.869148840091449, 0.0 ], [ 39.33683395280439, -3.867553441406199, 0.0 ], [ 39.34164434551797, -3.865202726558623, 0.0 ], [ 39.346479155710881, -3.86190850058786, 0.0 ], [ 39.345881249617804, -3.866717773948389, 0.0 ], [ 39.350341948931195, -3.870289952615744, 0.0 ], [ 39.348815460566769, -3.879758413795295, 0.0 ], [ 39.348978155968986, -3.881067500606159, 0.0 ], [ 39.348870777066949, -3.88193039594463, 0.0 ], [ 39.349805462320148, -3.883520335620813, 0.0 ], [ 39.350651883922644, -3.885529014009945, 0.0 ], [ 39.352973140099337, -3.887387603680734, 0.0 ], [ 39.353974123053021, -3.894264938190259, 0.0 ], [ 39.356485731327176, -3.897703300361774, 0.0 ], [ 39.356007000230903, -3.899810000557755, 0.0 ] ] ] ] } },
{ "type": "Feature", "properties": { "OBJECTID_1": 476, "OBJECTID": 958, "WRUA_NAME": "Gombo Bomani", "SRO": "Coastal Athi", "Area": 256.041, "status": "Formed", "Basin": "ACA", "B_code": 20, "Areakm2": 256.24, "CentroidX": 39.135636, "CentroidY": -3.861885, "Subbasin": "3MA", "layer": "Gombo Bomani", "path": "X:/Mwache Catchment/Data/Vector/Mwache WRUA Subcatchment Boundary/Individual Mwache WRUAs/Gombo Bomani.shp" }, "geometry": { "type": "MultiPolygon", "coordinates": [ [ [ [ 39.151089000134782, -3.764864001032828, 0.0 ], [ 39.151795097750089, -3.766700830875278, 0.0 ], [ 39.151449777098108, -3.769475395864416, 0.0 ], [ 39.153047038205131, -3.772192204699207, 0.0 ], [ 39.153223155917807, -3.773610501273525, 0.0 ], [ 39.15310886195045, -3.774530542923768, 0.0 ], [ 39.158193498147334, -3.777519458605214, 0.0 ], [ 39.161085000284885, -3.777879015824501, 0.0 ], [ 39.164682599574824, -3.777431603865553, 0.0 ], [ 39.165725883773852, -3.783426113304875, 0.0 ], [ 39.166916000066301, -3.78652200059931, 0.0 ], [ 39.166113911789083, -3.787075571852147, 0.0 ], [ 39.164076967145995, -3.791758145896393, 0.0 ], [ 39.166923321424314, -3.792823394336606, 0.0 ], [ 39.168089032733214, -3.794511764789918, 0.0 ], [ 39.169907966863285, -3.795192238031939, 0.0 ], [ 39.171477162855275, -3.797941991733209, 0.0 ], [ 39.172254032555315, -3.802629854315773, 0.0 ], [ 39.170588033082268, -3.805188237894094, 0.0 ], [ 39.169907967423107, -3.807839765180807, 0.0 ], [ 39.169414999696109, -3.808180000576753, 0.0 ], [ 39.169877460767061, -3.809383336051572, 0.0 ], [ 39.170618538560859, -3.811974665696924, 0.0 ], [ 39.171543461123484, -3.812715335914704, 0.0 ], [ 39.172284539034699, -3.815306666281435, 0.0 ], [ 39.17321840979649, -3.8177359100633, 0.0 ], [ 39.173111843731007, -3.818592500983095, 0.0 ], [ 39.173318874181831, -3.820258500706073, 0.0 ], [ 39.172930439244553, -3.823380421230213, 0.0 ], [ 39.174945013966884, -3.824564639193104, 0.0 ], [ 39.177915016990219, -3.824195117867565, 0.0 ], [ 39.179873461285311, -3.82687633555153, 0.0 ], [ 39.180843938738292, -3.831361236403916, 0.0 ], [ 39.185468552569994, -3.833310122167619, 0.0 ], [ 39.185710156252568, -3.83525250102946, 0.0 ], [ 39.185425438848959, -3.837541828318533, 0.0 ], [ 39.187370460714305, -3.840204335698702, 0.0 ], [ 39.188784690352676, -3.84515007021787, 0.0 ], [ 39.195055373949941, -3.846062791005264, 0.0 ], [ 39.196441539113131, -3.847793665719843, 0.0 ], [ 39.197377037211936, -3.848542673924724, 0.0 ], [ 39.197010565258267, -3.85148746002458, 0.0 ], [ 39.198107539298228, -3.85778966607245, 0.0 ], [ 39.199032461390296, -3.858530335632091, 0.0 ], [ 39.199773539232503, -3.861121665958053, 0.0 ], [ 39.200698461251029, -3.862695336212249, 0.0 ], [ 39.202159872012061, -3.871093261927969, 0.0 ], [ 39.206237016630688, -3.871975273620273, 0.0 ], [ 39.209398999740614, -3.873987001251064, 0.0 ], [ 39.209769538988162, -3.875282666221133, 0.0 ], [ 39.211158956734977, -3.877646424782108, 0.0 ], [ 39.213257726779489, -3.884996185995257, 0.0 ], [ 39.212731001046855, -3.8873150011388, 0.0 ], [ 39.214701240550667, -3.890732619277068, 0.0 ], [ 39.216448588109756, -3.892760412786708, 0.0 ], [ 39.217473161995933, -3.893643441806391, 0.0 ], [ 39.217051374223757, -3.898896059566512, 0.0 ], [ 39.21894758828455, -3.901923413334982, 0.0 ], [ 39.221508411917789, -3.902694587699882, 0.0 ], [ 39.222606605632777, -3.907528876183095, 0.0 ], [ 39.226258708302389, -3.909158269939547, 0.0 ], [ 39.229856715741313, -3.914232940678283, 0.0 ], [ 39.228940740721036, -3.923547449638773, 0.0 ], [ 39.229041611749899, -3.924800000667714, 0.0 ], [ 39.22881627887709, -3.927602426845853, 0.0 ], [ 39.231263623211923, -3.927799085413417, 0.0 ], [ 39.235756861176377, -3.926819050175653, 0.0 ], [ 39.237659175802023, -3.929027028588914, 0.0 ], [ 39.239001411736602, -3.930183589135269, 0.0 ], [ 39.240259453831634, -3.931643575255536, 0.0 ], [ 39.244832412344117, -3.932682589347189, 0.0 ], [ 39.245770757877921, -3.934785223011703, 0.0 ], [ 39.248164412885103, -3.936847587871126, 0.0 ], [ 39.248935587647374, -3.937742413226628, 0.0 ], [ 39.250663413446169, -3.938513588326939, 0.0 ], [ 39.251434587873149, -3.93940841286887, 0.0 ], [ 39.251881999764151, -3.939794001063932, 0.0 ], [ 39.250929011588667, -3.940984117275201, 0.0 ], [ 39.248259996388974, -3.942108748588699, 0.0 ], [ 39.247843902187299, -3.94545417136439, 0.0 ], [ 39.249012460949146, -3.948494336065353, 0.0 ], [ 39.249753538893401, -3.951918665756712, 0.0 ], [ 39.250679682136827, -3.952660353329404, 0.0 ], [ 39.25268246071483, -3.959673741388334, 0.0 ], [ 39.251010766922995, -3.962517451951539, 0.0 ], [ 39.253085539441848, -3.96791486878981, 0.0 ], [ 39.252136617830693, -3.970898904298367, 0.0 ], [ 39.246814040713154, -3.972420715855671, 0.0 ], [ 39.244847460900559, -3.973576666401621, 0.0 ], [ 39.242206102630945, -3.974689705229037, 0.0 ], [ 39.23956962467588, -3.976801084002188, 0.0 ], [ 39.238091538935855, -3.979315336196451, 0.0 ], [ 39.237350461298909, -3.981073666424448, 0.0 ], [ 39.236310359470778, -3.981336866165916, 0.0 ], [ 39.234880396381236, -3.981696321940129, 0.0 ], [ 39.234165371593235, -3.981726446519315, 0.0 ], [ 39.232723000119776, -3.982277001365917, 0.0 ], [ 39.23070720505806, -3.98168539973077, 0.0 ], [ 39.229846140215699, -3.976618864694012, 0.0 ], [ 39.232258912382385, -3.974614458621248, 0.0 ], [ 39.227183631161139, -3.971008519773109, 0.0 ], [ 39.227354054967407, -3.969336622792516, 0.0 ], [ 39.225311007596481, -3.96649779311585, 0.0 ], [ 39.222066863706509, -3.965238937985136, 0.0 ], [ 39.220658328588549, -3.966934833269872, 0.0 ], [ 39.218222374206164, -3.965539923623859, 0.0 ], [ 39.215607860348037, -3.964405937789559, 0.0 ], [ 39.21485213997385, -3.963496064101432, 0.0 ], [ 39.210655414721998, -3.960907379061415, 0.0 ], [ 39.208982500355766, -3.961078004603377, 0.0 ], [ 39.204085370951908, -3.96057873370089, 0.0 ], [ 39.20204883316967, -3.958126916203772, 0.0 ], [ 39.20035476837554, -3.952353875669265, 0.0 ], [ 39.19648749990688, -3.952748005103599, 0.0 ], [ 39.195621960979949, -3.952659743010587, 0.0 ], [ 39.194860139678617, -3.953576938342537, 0.0 ], [ 39.192245626379425, -3.954710924244251, 0.0 ], [ 39.189862140001466, -3.95607593783974, 0.0 ], [ 39.186994635230413, -3.956832064252067, 0.0 ], [ 39.182045444376293, -3.953270054411559, 0.0 ], [ 39.176658194567288, -3.953819151091506, 0.0 ], [ 39.175701140123145, -3.952667064369039, 0.0 ], [ 39.174790859578785, -3.951910937666367, 0.0 ], [ 39.17403513987481, -3.951001064339196, 0.0 ], [ 39.173124859939115, -3.950244938341205, 0.0 ], [ 39.171914000292169, -3.948787187953426, 0.0 ], [ 39.170703139680299, -3.950244938074574, 0.0 ], [ 39.166920473620188, -3.952578191820341, 0.0 ], [ 39.164794860239496, -3.953500064247714, 0.0 ], [ 39.164039139672305, -3.954409937981493, 0.0 ], [ 39.159962808885609, -3.956177825973226, 0.0 ], [ 39.156989958800665, -3.955874806150125, 0.0 ], [ 39.15570914043623, -3.95433306370335, 0.0 ], [ 39.148589999568479, -3.953955000564066, 0.0 ], [ 39.148040902948217, -3.95143830822616, 0.0 ], [ 39.148224342099638, -3.949156709904775, 0.0 ], [ 39.149937931444285, -3.947680452825705, 0.0 ], [ 39.149705275980679, -3.944787526736979, 0.0 ], [ 39.153455809883056, -3.936338759327382, 0.0 ], [ 39.15739588357588, -3.933870875372411, 0.0 ], [ 39.157202682909123, -3.931464001360138, 0.0 ], [ 39.157403611899902, -3.928965000968451, 0.0 ], [ 39.157213665103654, -3.926603682353322, 0.0 ], [ 39.156087000357893, -3.925633001185522, 0.0 ], [ 39.15643476063331, -3.924314762241563, 0.0 ], [ 39.159071238753398, -3.921120239901752, 0.0 ], [ 39.16011452194266, -3.917165523798091, 0.0 ], [ 39.162811603831244, -3.915232500314589, 0.0 ], [ 39.164575221373738, -3.908548570000389, 0.0 ], [ 39.163802418426499, -3.904637985076151, 0.0 ], [ 39.164951047247889, -3.901842675841935, 0.0 ], [ 39.163098760679318, -3.901128239786642, 0.0 ], [ 39.160668499938851, -3.899585277947101, 0.0 ], [ 39.1576122690877, -3.901525622897859, 0.0 ], [ 39.152669177739369, -3.900548637940213, 0.0 ], [ 39.150312942739724, -3.899053060846755, 0.0 ], [ 39.14446811402626, -3.900207995427971, 0.0 ], [ 39.141925999621236, -3.903975001366708, 0.0 ], [ 39.139877258800773, -3.90265899887253, 0.0 ], [ 39.138594000272271, -3.90284853944208, 0.0 ], [ 39.136496450579664, -3.90253860508035, 0.0 ], [ 39.131065681307156, -3.895343607732568, 0.0 ], [ 39.131574916885661, -3.891896501067213, 0.0 ], [ 39.131339823329128, -3.890304730824221, 0.0 ], [ 39.126856347090417, -3.88935865758234, 0.0 ], [ 39.123745611841734, -3.887482171350251, 0.0 ], [ 39.124194651060257, -3.884442208550806, 0.0 ], [ 39.122908952284988, -3.883449564061445, 0.0 ], [ 39.12101599237954, -3.878824136305167, 0.0 ], [ 39.118601999928366, -3.87815200125968, 0.0 ], [ 39.11815458768902, -3.877766412795233, 0.0 ], [ 39.106997757036083, -3.876761362852141, 0.0 ], [ 39.098213429687803, -3.873535521962177, 0.0 ], [ 39.095091307398391, -3.873786276335708, 0.0 ], [ 39.092393411743515, -3.87187358887707, 0.0 ], [ 39.087584139150373, -3.869727638069973, 0.0 ], [ 39.086176824385028, -3.868093974121587, 0.0 ], [ 39.084834588326459, -3.866937413329827, 0.0 ], [ 39.084059345405933, -3.866037911322459, 0.0 ], [ 39.078507774119437, -3.866483900088288, 0.0 ], [ 39.077287558775204, -3.867900365853769, 0.0 ], [ 39.074652707559501, -3.867688659197918, 0.0 ], [ 39.072463236307826, -3.865147560997614, 0.0 ], [ 39.069756393362923, -3.862815120905169, 0.0 ], [ 39.063399480277845, -3.861846473814543, 0.0 ], [ 39.06240541228015, -3.85854558929398, 0.0 ], [ 39.061292575940179, -3.856550538314982, 0.0 ], [ 39.055679588413319, -3.855275413105738, 0.0 ], [ 39.05258349555168, -3.854138580061148, 0.0 ], [ 39.051576411903383, -3.851881588729009, 0.0 ], [ 39.049848588161254, -3.85111041290199, 0.0 ], [ 39.048121170098085, -3.850146646675343, 0.0 ], [ 39.048248886374395, -3.848557316946719, 0.0 ], [ 39.047349587916386, -3.846945413232392, 0.0 ], [ 39.046277832788007, -3.842229078703338, 0.0 ], [ 39.044017588191984, -3.840281412962651, 0.0 ], [ 39.042853503238135, -3.83767320378868, 0.0 ], [ 39.043447747759636, -3.830281549314049, 0.0 ], [ 39.04151858841243, -3.828619412906517, 0.0 ], [ 39.040101918255068, -3.826975173644262, 0.0 ], [ 39.037941730833509, -3.826011204000154, 0.0 ], [ 39.036524655344998, -3.826125091195917, 0.0 ], [ 39.034978236296183, -3.824330560602726, 0.0 ], [ 39.031954136672937, -3.821724995615403, 0.0 ], [ 39.029054499678331, -3.821958056875649, 0.0 ], [ 39.028221500039912, -3.821890944927028, 0.0 ], [ 39.026914243131323, -3.821996086791488, 0.0 ], [ 39.025670031053778, -3.819207083165929, 0.0 ], [ 39.023130763601735, -3.817019440758349, 0.0 ], [ 39.021202824191931, -3.814781973395229, 0.0 ], [ 39.019860588242608, -3.813625413135755, 0.0 ], [ 39.019085345192586, -3.812725910813261, 0.0 ], [ 39.017899702659726, -3.81282108817019, 0.0 ], [ 39.013258411688525, -3.810231588896249, 0.0 ], [ 39.011978000410814, -3.809846001173076, 0.0 ], [ 39.01068986006922, -3.809467937755792, 0.0 ], [ 39.009934140383187, -3.807725063619402, 0.0 ], [ 39.009023860331411, -3.806968938103603, 0.0 ], [ 39.008268140224558, -3.802521864773842, 0.0 ], [ 39.010671556871415, -3.800525187063472, 0.0 ], [ 39.009478999960237, -3.797351001415458, 0.0 ], [ 39.008551229695627, -3.795189797137696, 0.0 ], [ 39.011511878147004, -3.793221183671322, 0.0 ], [ 39.012310711684279, -3.791019713258068, 0.0 ], [ 39.01352726602741, -3.790210710729988, 0.0 ], [ 39.013122561987352, -3.788604501161616, 0.0 ], [ 39.013347487807366, -3.787711710860817, 0.0 ], [ 39.012254582448172, -3.786985073253399, 0.0 ], [ 39.013355216120907, -3.784421197630747, 0.0 ], [ 39.011670505659637, -3.78189860654877, 0.0 ], [ 39.01305382266014, -3.776408249691707, 0.0 ], [ 39.011143373089332, -3.775138210103987, 0.0 ], [ 39.011978000359207, -3.773194001410749, 0.0 ], [ 39.019415209786629, -3.773731506162123, 0.0 ], [ 39.022366910132284, -3.777798888194281, 0.0 ], [ 39.024881366174242, -3.780045506821503, 0.0 ], [ 39.028245090032449, -3.781084113633612, 0.0 ], [ 39.030696908995857, -3.78446288802535, 0.0 ], [ 39.03490909076875, -3.78608211344745, 0.0 ], [ 39.036377822727559, -3.787725946161932, 0.0 ], [ 39.038618544338391, -3.788754383577694, 0.0 ], [ 39.042280408796273, -3.788536167770937, 0.0 ], [ 39.049550042038589, -3.791144580725367, 0.0 ], [ 39.050688909799128, -3.793625888211691, 0.0 ], [ 39.053235090820529, -3.794412113144405, 0.0 ], [ 39.054020909328308, -3.796957888686245, 0.0 ], [ 39.05490109134216, -3.797744112741794, 0.0 ], [ 39.055686910380174, -3.799456887652139, 0.0 ], [ 39.056720432396233, -3.800380184018612, 0.0 ], [ 39.060158997411982, -3.800175189093311, 0.0 ], [ 39.062413546695332, -3.803720319443035, 0.0 ], [ 39.065148861562562, -3.803557217007389, 0.0 ], [ 39.068526824171485, -3.801721607373407, 0.0 ], [ 39.06984790942716, -3.800243113360233, 0.0 ], [ 39.071089682153229, -3.799133735033875, 0.0 ], [ 39.076558278000853, -3.799459736361585, 0.0 ], [ 39.076952000568028, -3.798184000548419, 0.0 ], [ 39.077314810124911, -3.795214811121914, 0.0 ], [ 39.081587189896389, -3.794489190041447, 0.0 ], [ 39.083978810698234, -3.792715811026612, 0.0 ], [ 39.085752189333817, -3.791990190421943, 0.0 ], [ 39.08851028219307, -3.789945313789919, 0.0 ], [ 39.092778999875513, -3.789314462575452, 0.0 ], [ 39.095278000341096, -3.789683780789241, 0.0 ], [ 39.097403207161669, -3.789369575266041, 0.0 ], [ 39.099194075702506, -3.791690016840396, 0.0 ], [ 39.104241699404547, -3.787948024652552, 0.0 ], [ 39.10657719002873, -3.786992190380287, 0.0 ], [ 39.107862888595093, -3.785326190390501, 0.0 ], [ 39.111957117319321, -3.786358084630334, 0.0 ], [ 39.11610300107305, -3.789021001271484, 0.0 ], [ 39.116515025645462, -3.7824491272442, 0.0 ], [ 39.1190420913506, -3.7777988884483, 0.0 ], [ 39.11982791039857, -3.775253112695518, 0.0 ], [ 39.122256949623171, -3.770783669949215, 0.0 ], [ 39.124191804587866, -3.756229963740152, 0.0 ], [ 39.123157469341876, -3.755305651978888, 0.0 ], [ 39.123233122057705, -3.754035001003606, 0.0 ], [ 39.123095238064323, -3.751720864160388, 0.0 ], [ 39.126099000234611, -3.749037001196251, 0.0 ], [ 39.131435406092969, -3.748512309175753, 0.0 ], [ 39.133987688850198, -3.750321887263128, 0.0 ], [ 39.136150315872548, -3.750148210064461, 0.0 ], [ 39.139826417029269, -3.751154276713739, 0.0 ], [ 39.141409849289069, -3.751027171145091, 0.0 ], [ 39.142436456924237, -3.752867255012146, 0.0 ], [ 39.142307114065773, -3.75447468528459, 0.0 ], [ 39.143788454906606, -3.757130075839407, 0.0 ], [ 39.144086999581809, -3.760841155847236, 0.0 ], [ 39.143591999943823, -3.764031000714238, 0.0 ], [ 39.149800860438624, -3.763255351218406, 0.0 ], [ 39.151089000134782, -3.764864001032828, 0.0 ] ] ] ] } },
{ "type": "Feature", "properties": { "OBJECTID_1": 481, "OBJECTID": 963, "WRUA_NAME": "Gude Dambale", "SRO": "Coastal Athi", "Area": 157.315, "status": "Formed", "Basin": "ACA", "B_code": 20, "Areakm2": 157.43, "CentroidX": 39.337325, "CentroidY": -3.721506, "Subbasin": "3MB", "layer": "Gude Dambale", "path": "X:/Mwache Catchment/Data/Vector/Mwache WRUA Subcatchment Boundary/Individual Mwache WRUAs/Gude Dambale.shp" }, "geometry": { "type": "MultiPolygon", "coordinates": [ [ [ [ 39.406820000105405, -3.628252000720975, 0.0 ], [ 39.407270258553886, -3.632830449674893, 0.0 ], [ 39.407201113727666, -3.633689685117778, 0.0 ], [ 39.408871587710983, -3.636683481878231, 0.0 ], [ 39.406566601713273, -3.641968435986084, 0.0 ], [ 39.404323847405045, -3.642969419218653, 0.0 ], [ 39.402716824092401, -3.648306029352452, 0.0 ], [ 39.40115088200929, -3.6525708832822, 0.0 ], [ 39.401706893310646, -3.659489501091348, 0.0 ], [ 39.401292019677328, -3.664652839651436, 0.0 ], [ 39.402535825946245, -3.670127943596677, 0.0 ], [ 39.408468510167822, -3.674334634764795, 0.0 ], [ 39.41145640989297, -3.675667922681844, 0.0 ], [ 39.413101666250519, -3.687803570036072, 0.0 ], [ 39.413032113998121, -3.688667684711353, 0.0 ], [ 39.413931412079542, -3.690279589247333, 0.0 ], [ 39.414777428189865, -3.697657415207276, 0.0 ], [ 39.416368588408027, -3.699504412846907, 0.0 ], [ 39.417263411807582, -3.700275588992516, 0.0 ], [ 39.417648999981331, -3.701556000929171, 0.0 ], [ 39.417186538970419, -3.701926336048453, 0.0 ], [ 39.416255515029455, -3.706229221140331, 0.0 ], [ 39.416491423366054, -3.708126045301716, 0.0 ], [ 39.418574330265812, -3.709793875321763, 0.0 ], [ 39.420665371047853, -3.712405541227878, 0.0 ], [ 39.420508777319199, -3.713665412740061, 0.0 ], [ 39.42382206666111, -3.718873493439742, 0.0 ], [ 39.421957171714197, -3.727083912066762, 0.0 ], [ 39.418860673008396, -3.72669873127843, 0.0 ], [ 39.417278460686084, -3.728674666176532, 0.0 ], [ 39.41495476634212, -3.730535290102041, 0.0 ], [ 39.416767191426089, -3.735250607115423, 0.0 ], [ 39.416342963382725, -3.738664158334001, 0.0 ], [ 39.420193148112517, -3.741002699862603, 0.0 ], [ 39.417291884018304, -3.743325988887145, 0.0 ], [ 39.416445460674183, -3.745334666093045, 0.0 ], [ 39.413854538574206, -3.748574336249097, 0.0 ], [ 39.413113461020394, -3.750572234746849, 0.0 ], [ 39.414779461309848, -3.751906336030161, 0.0 ], [ 39.416138373673377, -3.753603044777973, 0.0 ], [ 39.419332895898968, -3.754516578650344, 0.0 ], [ 39.420518539277467, -3.758662666133991, 0.0 ], [ 39.421736720048301, -3.759638227597514, 0.0 ], [ 39.421213247660283, -3.763844918132006, 0.0 ], [ 39.416353538719598, -3.765234336001297, 0.0 ], [ 39.415612460820732, -3.766159665550725, 0.0 ], [ 39.414399161339666, -3.767131363689211, 0.0 ], [ 39.411447460957156, -3.771990665565558, 0.0 ], [ 39.410985000288903, -3.772361001208421, 0.0 ], [ 39.410984999657053, -3.774027001272548, 0.0 ], [ 39.407755905199096, -3.775212847227669, 0.0 ], [ 39.403102411878727, -3.771913588790196, 0.0 ], [ 39.39991154990728, -3.771142413073755, 0.0 ], [ 39.393407398146543, -3.774771331994495, 0.0 ], [ 39.387996558573441, -3.774336529089437, 0.0 ], [ 39.386056823885902, -3.776588029094183, 0.0 ], [ 39.385161999987631, -3.777359000549749, 0.0 ], [ 39.384585245440846, -3.779950331319534, 0.0 ], [ 39.384863047252978, -3.782676290574036, 0.0 ], [ 39.381557484624111, -3.783918266126749, 0.0 ], [ 39.37465269634049, -3.783214609129013, 0.0 ], [ 39.370122038582458, -3.786009104419294, 0.0 ], [ 39.367136986154819, -3.788488987441782, 0.0 ], [ 39.363665475325796, -3.792668222725224, 0.0 ], [ 39.3618380001666, -3.792854305752255, 0.0 ], [ 39.360588499803953, -3.792726996977444, 0.0 ], [ 39.359727842309617, -3.792814851983115, 0.0 ], [ 39.35453420075892, -3.789542033000534, 0.0 ], [ 39.352942633630612, -3.789379947983837, 0.0 ], [ 39.346487290696281, -3.790341476913559, 0.0 ], [ 39.347676999722687, -3.795685001268998, 0.0 ], [ 39.342587076832849, -3.795277652752213, 0.0 ], [ 39.336961886889405, -3.79077851691588, 0.0 ], [ 39.332986426891672, -3.791272908279106, 0.0 ], [ 39.331183355689021, -3.789021610877272, 0.0 ], [ 39.328980460692826, -3.790316665856527, 0.0 ], [ 39.325904706683559, -3.791196033868535, 0.0 ], [ 39.322686999724368, -3.793087570383066, 0.0 ], [ 39.320021643692755, -3.79152061104425, 0.0 ], [ 39.318243791036018, -3.793740792407183, 0.0 ], [ 39.316393538723055, -3.795222336067025, 0.0 ], [ 39.315494240077548, -3.796345341166071, 0.0 ], [ 39.309454583278594, -3.798890302261623, 0.0 ], [ 39.29688027014609, -3.806410485624232, 0.0 ], [ 39.291866000155935, -3.805786753296756, 0.0 ], [ 39.286857832425717, -3.806409672569897, 0.0 ], [ 39.28483146062274, -3.805218335566626, 0.0 ], [ 39.283073539443627, -3.804477665596737, 0.0 ], [ 39.28233246121853, -3.803552336195634, 0.0 ], [ 39.280002665333782, -3.802811666119607, 0.0 ], [ 39.275188916791521, -3.804661918277316, 0.0 ], [ 39.274372999885571, -3.805681000988956, 0.0 ], [ 39.273077539005136, -3.805310666253545, 0.0 ], [ 39.270876677857053, -3.80401683075374, 0.0 ], [ 39.269837461194903, -3.80271933600965, 0.0 ], [ 39.266413538901574, -3.801978665811853, 0.0 ], [ 39.263406116294178, -3.79978166909157, 0.0 ], [ 39.262340461365881, -3.796055335994639, 0.0 ], [ 39.256119805958562, -3.795149936895478, 0.0 ], [ 39.254205696071971, -3.792760145583349, 0.0 ], [ 39.252344460778701, -3.787725335731559, 0.0 ], [ 39.25078258560373, -3.786474615889199, 0.0 ], [ 39.249012460952073, -3.783560336302214, 0.0 ], [ 39.247254539100169, -3.782819666394674, 0.0 ], [ 39.244847460559143, -3.779395335983624, 0.0 ], [ 39.243089538605361, -3.778654665808121, 0.0 ], [ 39.241607791040714, -3.776804209629256, 0.0 ], [ 39.238369748442928, -3.774211253617396, 0.0 ], [ 39.23651746095225, -3.771898335878818, 0.0 ], [ 39.235592539257638, -3.77115766562329, 0.0 ], [ 39.23411079073918, -3.769307209873593, 0.0 ], [ 39.231568270345136, -3.767271484811916, 0.0 ], [ 39.226429539310132, -3.766159666074928, 0.0 ], [ 39.223961857063145, -3.763078013346108, 0.0 ], [ 39.223560000185593, -3.759866000553122, 0.0 ], [ 39.22444424935059, -3.758801364329942, 0.0 ], [ 39.233178140006004, -3.757821938084502, 0.0 ], [ 39.234070116740163, -3.756748148957287, 0.0 ], [ 39.236471499965056, -3.756993005122586, 0.0 ], [ 39.238000429153288, -3.756837020671453, 0.0 ], [ 39.242263859850837, -3.758654937564207, 0.0 ], [ 39.250092757740987, -3.7614677362349, 0.0 ], [ 39.25479749990555, -3.76098819163718, 0.0 ], [ 39.256880000057073, -3.761200306118182, 0.0 ], [ 39.258156344582076, -3.761070353048898, 0.0 ], [ 39.259809328789188, -3.762016833101098, 0.0 ], [ 39.260589860322554, -3.7610770636297, 0.0 ], [ 39.262256267021847, -3.759692730800887, 0.0 ], [ 39.264767874637869, -3.752987650228432, 0.0 ], [ 39.268164140133457, -3.751990937918057, 0.0 ], [ 39.271132922972491, -3.750290568193213, 0.0 ], [ 39.277139634077358, -3.749395947807441, 0.0 ], [ 39.280203999894098, -3.749708118878656, 0.0 ], [ 39.283543320756948, -3.749367882665763, 0.0 ], [ 39.287176308157548, -3.744994429414125, 0.0 ], [ 39.28770100021304, -3.74320600132628, 0.0 ], [ 39.291063504594732, -3.74411750166673, 0.0 ], [ 39.293093943420779, -3.745374322655612, 0.0 ], [ 39.298567826756276, -3.74374492904864, 0.0 ], [ 39.303111499791072, -3.744527290212138, 0.0 ], [ 39.304467565126828, -3.744293822722175, 0.0 ], [ 39.305549489429509, -3.747015714934596, 0.0 ], [ 39.307397300795117, -3.750001580598292, 0.0 ], [ 39.307204913551914, -3.7511195011633, 0.0 ], [ 39.307554709362272, -3.753152581579852, 0.0 ], [ 39.311804716827872, -3.754841359860536, 0.0 ], [ 39.313879489393358, -3.753557286911855, 0.0 ], [ 39.324470141317597, -3.751411539431446, 0.0 ], [ 39.328648969743377, -3.753091367995251, 0.0 ], [ 39.329886673731302, -3.754755334923762, 0.0 ], [ 39.333160511178569, -3.756056287360563, 0.0 ], [ 39.334912333100583, -3.757140447761662, 0.0 ], [ 39.33890080838583, -3.756453670257284, 0.0 ], [ 39.344652086635207, -3.754741709412821, 0.0 ], [ 39.347276769708131, -3.751213863985212, 0.0 ], [ 39.351738687899591, -3.750295856001715, 0.0 ], [ 39.352674999563881, -3.749037001041353, 0.0 ], [ 39.350283378881315, -3.743098825659361, 0.0 ], [ 39.348527082784848, -3.741743369949643, 0.0 ], [ 39.349027778345331, -3.738356461402956, 0.0 ], [ 39.353523049107267, -3.736516579826263, 0.0 ], [ 39.357306121571007, -3.733711712726437, 0.0 ], [ 39.357673000123079, -3.730711001147399, 0.0 ], [ 39.3597168601936, -3.730256063996249, 0.0 ], [ 39.371136037029622, -3.728975448568503, 0.0 ], [ 39.374644967796286, -3.723407201641846, 0.0 ], [ 39.374791801181821, -3.721964500997474, 0.0 ], [ 39.374162576664624, -3.715789197414496, 0.0 ], [ 39.369108721163151, -3.698854627199219, 0.0 ], [ 39.370629185327324, -3.68505493472667, 0.0 ], [ 39.373675124582192, -3.669721371912624, 0.0 ], [ 39.368071573874481, -3.650813867873301, 0.0 ], [ 39.366032428612854, -3.640082087355809, 0.0 ], [ 39.373052587646498, -3.625367412867239, 0.0 ], [ 39.375165999786724, -3.626586000985829, 0.0 ], [ 39.376700623582146, -3.626192075118881, 0.0 ], [ 39.375963207146583, -3.62290196914313, 0.0 ], [ 39.378157966646683, -3.622080763951638, 0.0 ], [ 39.378838032683852, -3.619429238010782, 0.0 ], [ 39.38031652693293, -3.618408528442538, 0.0 ], [ 39.381337033193759, -3.614431238384261, 0.0 ], [ 39.382322966586287, -3.613750764329557, 0.0 ], [ 39.384494948719457, -3.609945321065497, 0.0 ], [ 39.390185217669888, -3.608181500882699, 0.0 ], [ 39.390763192953607, -3.610759001054573, 0.0 ], [ 39.390159999827496, -3.613449778089536, 0.0 ], [ 39.393984967154367, -3.614431237957491, 0.0 ], [ 39.39502052220319, -3.615931491758681, 0.0 ], [ 39.398263040119936, -3.61520464976853, 0.0 ], [ 39.402467493940236, -3.61677771099008, 0.0 ], [ 39.403828032745942, -3.622080764356914, 0.0 ], [ 39.40481396661027, -3.623594237966729, 0.0 ], [ 39.406327032823476, -3.627911764199618, 0.0 ], [ 39.406820000105405, -3.628252000720975, 0.0 ] ] ] ] } },
{ "type": "Feature", "properties": { "OBJECTID_1": 463, "OBJECTID": 945, "WRUA_NAME": "Kirongwe Rukinga", "SRO": "Coastal Athi", "Area": 241.522, "status": "Formed", "Basin": "ACA", "B_code": 20, "Areakm2": 241.71, "CentroidX": 38.838387, "CentroidY": -3.758447, "Subbasin": "3MA", "layer": "Kirongwe Rukinga", "path": "X:/Mwache Catchment/Data/Vector/Mwache WRUA Subcatchment Boundary/Individual Mwache WRUAs/Kirongwe Rukinga.shp" }, "geometry": { "type": "MultiPolygon", "coordinates": [ [ [ [ 38.889527000139815, -3.673234000764145, 0.0 ], [ 38.889867032909933, -3.673726763713967, 0.0 ], [ 38.892518967003234, -3.674407236608443, 0.0 ], [ 38.892528238211128, -3.67443368641239, 0.0 ], [ 38.894093451371276, -3.67889945780063, 0.0 ], [ 38.8961836788867, -3.681926608124195, 0.0 ], [ 38.898405282784168, -3.682757980691695, 0.0 ], [ 38.89785699978588, -3.684063000863533, 0.0 ], [ 38.898487037872911, -3.686782452794288, 0.0 ], [ 38.898150258820976, -3.689061000396973, 0.0 ], [ 38.898574079892903, -3.691928912776818, 0.0 ], [ 38.896353695974575, -3.692837769172827, 0.0 ], [ 38.897386809929493, -3.695362189740967, 0.0 ], [ 38.898562283610289, -3.696269420339257, 0.0 ], [ 38.898205574220974, -3.698683209333095, 0.0 ], [ 38.899822360113426, -3.699931082122995, 0.0 ], [ 38.900004578998029, -3.701163905038305, 0.0 ], [ 38.899027186366489, -3.703649890439306, 0.0 ], [ 38.900037117116717, -3.705324024044562, 0.0 ], [ 38.898327188620769, -3.706644092773112, 0.0 ], [ 38.89905280993198, -3.708690190385963, 0.0 ], [ 38.902119210114911, -3.711056796992116, 0.0 ], [ 38.902623160218688, -3.714467500846838, 0.0 ], [ 38.902356746003647, -3.716270978280631, 0.0 ], [ 38.903265804933731, -3.720579149910028, 0.0 ], [ 38.905058301206658, -3.721962670786913, 0.0 ], [ 38.907490190373501, -3.72524281099472, 0.0 ], [ 38.90825078959373, -3.728847530450183, 0.0 ], [ 38.91237999677471, -3.730537730771752, 0.0 ], [ 38.914389284990961, -3.73208842011766, 0.0 ], [ 38.913915840943531, -3.735292499964879, 0.0 ], [ 38.914166799174524, -3.736991039999546, 0.0 ], [ 38.912762738082243, -3.739318803191524, 0.0 ], [ 38.912341357080244, -3.742169630789957, 0.0 ], [ 38.91471304762873, -3.744000157105551, 0.0 ], [ 38.912488189863772, -3.74534218990866, 0.0 ], [ 38.910714810934557, -3.746067810886808, 0.0 ], [ 38.909989189966005, -3.748674191336229, 0.0 ], [ 38.907389319170996, -3.750680833091655, 0.0 ], [ 38.905824190094876, -3.754505189741062, 0.0 ], [ 38.905354000685961, -3.754868001362252, 0.0 ], [ 38.906995189068574, -3.757351341076118, 0.0 ], [ 38.901874759955064, -3.758665309387607, 0.0 ], [ 38.90151195015428, -3.760282500320153, 0.0 ], [ 38.901814156796391, -3.761629007752551, 0.0 ], [ 38.898940144056951, -3.760984733934078, 0.0 ], [ 38.893982003629219, -3.762722726601284, 0.0 ], [ 38.892366034130113, -3.765204238213568, 0.0 ], [ 38.891685966711201, -3.767022764447167, 0.0 ], [ 38.889186966808545, -3.768748147904696, 0.0 ], [ 38.889867034370809, -3.772020763892944, 0.0 ], [ 38.891533034011012, -3.774579147984011, 0.0 ], [ 38.889562793225203, -3.777755163555882, 0.0 ], [ 38.886535034366993, -3.778532237395557, 0.0 ], [ 38.885854967134151, -3.77951776442905, 0.0 ], [ 38.88288374383955, -3.780629379756304, 0.0 ], [ 38.881537033078331, -3.782697237020835, 0.0 ], [ 38.880516526682854, -3.786674528309239, 0.0 ], [ 38.879531000210335, -3.787355001259937, 0.0 ], [ 38.879810835704404, -3.789574165434404, 0.0 ], [ 38.880364000350404, -3.790687000680756, 0.0 ], [ 38.87994750044659, -3.79207092802912, 0.0 ], [ 38.875411961603696, -3.794094654119382, 0.0 ], [ 38.874079080393578, -3.795243080336439, 0.0 ], [ 38.870753587900559, -3.802734588768972, 0.0 ], [ 38.869149412686738, -3.806961413323959, 0.0 ], [ 38.867421588180157, -3.807732589304633, 0.0 ], [ 38.86665041162474, -3.811126412760588, 0.0 ], [ 38.865190222169261, -3.812384453738202, 0.0 ], [ 38.864151411657247, -3.816957413044095, 0.0 ], [ 38.861590588248724, -3.82106058943342, 0.0 ], [ 38.860546897391693, -3.826782176303309, 0.0 ], [ 38.859087113892727, -3.829398316699537, 0.0 ], [ 38.859216455769491, -3.831005747145175, 0.0 ], [ 38.858195542742841, -3.832835255442388, 0.0 ], [ 38.858481074324594, -3.836388520992715, 0.0 ], [ 38.85748741277493, -3.838615412968957, 0.0 ], [ 38.856462839231767, -3.839498441555653, 0.0 ], [ 38.85689398098225, -3.844867590790288, 0.0 ], [ 38.855821411931693, -3.846112412777467, 0.0 ], [ 38.854541000346579, -3.846498000558549, 0.0 ], [ 38.854055761678758, -3.846845761635284, 0.0 ], [ 38.850869373670022, -3.847475393163977, 0.0 ], [ 38.850028239118053, -3.848649239884425, 0.0 ], [ 38.845761148293462, -3.849504609664586, 0.0 ], [ 38.844197239072578, -3.848511762260207, 0.0 ], [ 38.842034205188483, -3.847816240365551, 0.0 ], [ 38.839199238608863, -3.851981239925192, 0.0 ], [ 38.834052779996703, -3.853809732219568, 0.0 ], [ 38.829088538070373, -3.85282867864297, 0.0 ], [ 38.827537239034918, -3.851843762268378, 0.0 ], [ 38.825163513574104, -3.851148239020139, 0.0 ], [ 38.82283005736771, -3.854403365859235, 0.0 ], [ 38.819902760658856, -3.855175762082838, 0.0 ], [ 38.81907464187038, -3.857323544241806, 0.0 ], [ 38.815560016626385, -3.85587921642748, 0.0 ], [ 38.81372399996031, -3.856242026559106, 0.0 ], [ 38.812058000627417, -3.855912975062034, 0.0 ], [ 38.809009089704752, -3.856515355441922, 0.0 ], [ 38.807545239160859, -3.860311239891265, 0.0 ], [ 38.80542409868098, -3.861831424121851, 0.0 ], [ 38.802911675838942, -3.86280047714643, 0.0 ], [ 38.793631496026954, -3.855337920528976, 0.0 ], [ 38.784099502352667, -3.853899359898713, 0.0 ], [ 38.774091434580555, -3.850545650375378, 0.0 ], [ 38.770756795731238, -3.844321277201521, 0.0 ], [ 38.773144396397477, -3.827087659475134, 0.0 ], [ 38.768105862405051, -3.811659444038104, 0.0 ], [ 38.7699150343581, -3.812837764419727, 0.0 ], [ 38.770832941899364, -3.813073295827704, 0.0 ], [ 38.771240999648995, -3.81317800160553, 0.0 ], [ 38.771603810271166, -3.811041810875979, 0.0 ], [ 38.772544191052766, -3.807817189116855, 0.0 ], [ 38.773269810623326, -3.804377812085055, 0.0 ], [ 38.775061899586952, -3.801960565256399, 0.0 ], [ 38.77377213259863, -3.796394352284968, 0.0 ], [ 38.774573000333874, -3.791520000342982, 0.0 ], [ 38.774080032904415, -3.7911797642285, 0.0 ], [ 38.773117330695001, -3.787357161177071, 0.0 ], [ 38.770194315293452, -3.78695762773483, 0.0 ], [ 38.770647894894623, -3.784531162751934, 0.0 ], [ 38.770950451617672, -3.782256318581387, 0.0 ], [ 38.772309821760523, -3.780133415112816, 0.0 ], [ 38.772461354838256, -3.778010190549361, 0.0 ], [ 38.773622949148503, -3.773996057090753, 0.0 ], [ 38.773147555569423, -3.769447997235984, 0.0 ], [ 38.771242713901025, -3.763942100952375, 0.0 ], [ 38.773864572580699, -3.761070406307096, 0.0 ], [ 38.775056906117051, -3.757480238332275, 0.0 ], [ 38.776379768000638, -3.755427672324627, 0.0 ], [ 38.776908276144468, -3.750659401875919, 0.0 ], [ 38.778768303272962, -3.744915109072719, 0.0 ], [ 38.785774215263594, -3.742762567053867, 0.0 ], [ 38.788777995652552, -3.73658766979946, 0.0 ], [ 38.79378310669577, -3.730987708347752, 0.0 ], [ 38.799672942161607, -3.729999586947228, 0.0 ], [ 38.801036395106372, -3.727565860137191, 0.0 ], [ 38.80342003975062, -3.723497179180599, 0.0 ], [ 38.805564811659139, -3.722061461929735, 0.0 ], [ 38.806041880755629, -3.719667908759669, 0.0 ], [ 38.806042769846563, -3.715598690180064, 0.0 ], [ 38.805765225988445, -3.714296137836834, 0.0 ], [ 38.806567482759597, -3.710019043928545, 0.0 ], [ 38.80736995929184, -3.707149961061615, 0.0 ], [ 38.805654863245323, -3.705138910769987, 0.0 ], [ 38.802510424089512, -3.70197858322899, 0.0 ], [ 38.799794241984856, -3.701690733337512, 0.0 ], [ 38.795638112816214, -3.699072486401098, 0.0 ], [ 38.795563027597197, -3.697404521432021, 0.0 ], [ 38.793419630628037, -3.6930954379475, 0.0 ], [ 38.789369582011737, -3.691179557765265, 0.0 ], [ 38.785319609016014, -3.68902429508565, 0.0 ], [ 38.782937437831968, -3.687108789567714, 0.0 ], [ 38.783891298210207, -3.683757902942206, 0.0 ], [ 38.784607120258066, -3.67944949443145, 0.0 ], [ 38.784980123589847, -3.676347662393295, 0.0 ], [ 38.784106540211674, -3.676195665003865, 0.0 ], [ 38.782747625303877, -3.674498956323022, 0.0 ], [ 38.779941539188137, -3.67369666493956, 0.0 ], [ 38.796532887922936, -3.675814537859798, 0.0 ], [ 38.807017677290048, -3.669593355969977, 0.0 ], [ 38.81988470699487, -3.664329990973422, 0.0 ], [ 38.830845902788298, -3.657151141631684, 0.0 ], [ 38.846569810465972, -3.662898777630028, 0.0 ], [ 38.865630271420429, -3.663859318057047, 0.0 ], [ 38.877542191899231, -3.671042040344039, 0.0 ], [ 38.889527000139815, -3.673234000764145, 0.0 ] ] ] ] } },
{ "type": "Feature", "properties": { "OBJECTID_1": 464, "OBJECTID": 946, "WRUA_NAME": "Kizima Bomani", "SRO": "Coastal Athi", "Area": 172.819, "status": "Not Formed", "Basin": "ACA", "B_code": 20, "Areakm2": 172.96, "CentroidX": 38.888564, "CentroidY": -3.865293, "Subbasin": "3MA", "layer": "Kizima Bomani", "path": "X:/Mwache Catchment/Data/Vector/Mwache WRUA Subcatchment Boundary/Individual Mwache WRUAs/Kizima Bomani.shp" }, "geometry": { "type": "MultiPolygon", "coordinates": [ [ [ [ 38.973660000153501, -3.874820000704835, 0.0 ], [ 38.97233403293712, -3.876826238097583, 0.0 ], [ 38.971653967350342, -3.881143764708392, 0.0 ], [ 38.968976815048364, -3.88519487755091, 0.0 ], [ 38.969558043879474, -3.887787427676601, 0.0 ], [ 38.9678289999502, -3.888981000646927, 0.0 ], [ 38.968169033193362, -3.889473765350457, 0.0 ], [ 38.969698369412178, -3.890529656834571, 0.0 ], [ 38.970355657766682, -3.89346081690701, 0.0 ], [ 38.967676473226767, -3.897574973605708, 0.0 ], [ 38.966655966934589, -3.900302765259064, 0.0 ], [ 38.964004032569946, -3.901816237654651, 0.0 ], [ 38.963663999565526, -3.902309000814527, 0.0 ], [ 38.961910145136997, -3.902923785843635, 0.0 ], [ 38.959931363135631, -3.901876638110755, 0.0 ], [ 38.957309934559461, -3.901075364034776, 0.0 ], [ 38.955766363255265, -3.902741363872062, 0.0 ], [ 38.952169575801612, -3.903598158278596, 0.0 ], [ 38.946864082067762, -3.90338787392733, 0.0 ], [ 38.944120226163761, -3.904839727349349, 0.0 ], [ 38.941573636801714, -3.906041637980193, 0.0 ], [ 38.939122225997494, -3.907338727232021, 0.0 ], [ 38.93498651144543, -3.90929046010938, 0.0 ], [ 38.934018879974658, -3.910335168441845, 0.0 ], [ 38.930745857257804, -3.910205417626953, 0.0 ], [ 38.929912857144295, -3.911104512661909, 0.0 ], [ 38.92824726418678, -3.911038417832477, 0.0 ], [ 38.924133512859022, -3.913869316582472, 0.0 ], [ 38.91761349920489, -3.915933513254374, 0.0 ], [ 38.915782363337776, -3.916902363691408, 0.0 ], [ 38.913976037760129, -3.917754886876698, 0.0 ], [ 38.912449143356767, -3.919402583680673, 0.0 ], [ 38.909518999863153, -3.919286460264812, 0.0 ], [ 38.905770499907469, -3.919435122628032, 0.0 ], [ 38.903271500294892, -3.919335879289152, 0.0 ], [ 38.901490800038403, -3.919406651896393, 0.0 ], [ 38.901622582605661, -3.922731127332488, 0.0 ], [ 38.900690746413986, -3.924492304076485, 0.0 ], [ 38.897030914748257, -3.926219314326937, 0.0 ], [ 38.893604145308849, -3.925018216345863, 0.0 ], [ 38.891623329019104, -3.926066584021379, 0.0 ], [ 38.890762671037066, -3.926032418298595, 0.0 ], [ 38.888477614629863, -3.927241651417299, 0.0 ], [ 38.886973090064131, -3.930430072103972, 0.0 ], [ 38.878698000373582, -3.936462000627658, 0.0 ], [ 38.878330715204903, -3.935143559008311, 0.0 ], [ 38.877424096100846, -3.935277579067095, 0.0 ], [ 38.874785583873653, -3.934240192596858, 0.0 ], [ 38.875598653587524, -3.928738448098299, 0.0 ], [ 38.872816563582482, -3.927599987337613, 0.0 ], [ 38.871213609032679, -3.927836709159136, 0.0 ], [ 38.8699376705991, -3.923254802256623, 0.0 ], [ 38.867512696587021, -3.921382993306918, 0.0 ], [ 38.866673188575021, -3.919331812307822, 0.0 ], [ 38.865732811152604, -3.918606190772608, 0.0 ], [ 38.865007189238312, -3.917665812313062, 0.0 ], [ 38.863414808815591, -3.916436851688418, 0.0 ], [ 38.858584791732859, -3.917150677613188, 0.0 ], [ 38.855498869048091, -3.915289037176803, 0.0 ], [ 38.84869576428936, -3.917963544324107, 0.0 ], [ 38.845311702448917, -3.917463458993628, 0.0 ], [ 38.844182188753457, -3.915999812294499, 0.0 ], [ 38.839909811062718, -3.91481010202491, 0.0 ], [ 38.838351188577953, -3.911001811615664, 0.0 ], [ 38.835919300917283, -3.907721670594197, 0.0 ], [ 38.834441621422158, -3.906581176558274, 0.0 ], [ 38.832679631044734, -3.904298357579536, 0.0 ], [ 38.831633500058274, -3.904453122410798, 0.0 ], [ 38.828396270148453, -3.90397459365773, 0.0 ], [ 38.826796567871497, -3.900065636428093, 0.0 ], [ 38.824915811298524, -3.898614190659097, 0.0 ], [ 38.823827379138301, -3.897203825599246, 0.0 ], [ 38.821946620623244, -3.895752177277076, 0.0 ], [ 38.820858188937486, -3.894341812283395, 0.0 ], [ 38.817489989935375, -3.892963375994726, 0.0 ], [ 38.814385762692034, -3.894836202172689, 0.0 ], [ 38.81336118898944, -3.893508811722776, 0.0 ], [ 38.809268996386443, -3.892783190601898, 0.0 ], [ 38.806227000167965, -3.893979001133738, 0.0 ], [ 38.805856461748284, -3.893516336020761, 0.0 ], [ 38.803543747775151, -3.891664252708801, 0.0 ], [ 38.801691461286161, -3.885186335946864, 0.0 ], [ 38.800751489218072, -3.882740212442223, 0.0 ], [ 38.801942418653759, -3.87856850061202, 0.0 ], [ 38.800766538945403, -3.874449666040478, 0.0 ], [ 38.800025461308365, -3.871025336247866, 0.0 ], [ 38.799082642297769, -3.868572501307019, 0.0 ], [ 38.799562999656729, -3.867323000846143, 0.0 ], [ 38.799910761862691, -3.866837761547978, 0.0 ], [ 38.801820954161521, -3.866101026233623, 0.0 ], [ 38.803440435799466, -3.865476408904031, 0.0 ], [ 38.802911675838942, -3.86280047714643, 0.0 ], [ 38.80542409868098, -3.861831424121851, 0.0 ], [ 38.807545239160859, -3.860311239891265, 0.0 ], [ 38.809009089704752, -3.856515355441922, 0.0 ], [ 38.812058000627417, -3.855912975062034, 0.0 ], [ 38.81372399996031, -3.856242026559106, 0.0 ], [ 38.815560016626385, -3.85587921642748, 0.0 ], [ 38.81907464187038, -3.857323544241806, 0.0 ], [ 38.819902760658856, -3.855175762082838, 0.0 ], [ 38.82283005736771, -3.854403365859235, 0.0 ], [ 38.825163513574104, -3.851148239020139, 0.0 ], [ 38.827537239034918, -3.851843762268378, 0.0 ], [ 38.829088538070373, -3.85282867864297, 0.0 ], [ 38.834052779996703, -3.853809732219568, 0.0 ], [ 38.839199238608863, -3.851981239925192, 0.0 ], [ 38.842034205188483, -3.847816240365551, 0.0 ], [ 38.844197239072578, -3.848511762260207, 0.0 ], [ 38.845761148293462, -3.849504609664586, 0.0 ], [ 38.850028239118053, -3.848649239884425, 0.0 ], [ 38.850869373670022, -3.847475393163977, 0.0 ], [ 38.854055761678758, -3.846845761635284, 0.0 ], [ 38.854541000346579, -3.846498000558549, 0.0 ], [ 38.855821411931693, -3.846112412777467, 0.0 ], [ 38.85689398098225, -3.844867590790288, 0.0 ], [ 38.856462839231767, -3.839498441555653, 0.0 ], [ 38.85748741277493, -3.838615412968957, 0.0 ], [ 38.858481074324594, -3.836388520992715, 0.0 ], [ 38.858195542742841, -3.832835255442388, 0.0 ], [ 38.859216455769491, -3.831005747145175, 0.0 ], [ 38.859087113892727, -3.829398316699537, 0.0 ], [ 38.860546897391693, -3.826782176303309, 0.0 ], [ 38.861590588248724, -3.82106058943342, 0.0 ], [ 38.864151411657247, -3.816957413044095, 0.0 ], [ 38.865190222169261, -3.812384453738202, 0.0 ], [ 38.86665041162474, -3.811126412760588, 0.0 ], [ 38.867421588180157, -3.807732589304633, 0.0 ], [ 38.869149412686738, -3.806961413323959, 0.0 ], [ 38.870753587900559, -3.802734588768972, 0.0 ], [ 38.874079080393578, -3.795243080336439, 0.0 ], [ 38.875411961603696, -3.794094654119382, 0.0 ], [ 38.87994750044659, -3.79207092802912, 0.0 ], [ 38.880364000350404, -3.790687000680756, 0.0 ], [ 38.882003154882597, -3.791107567891236, 0.0 ], [ 38.883462531849162, -3.793221183983961, 0.0 ], [ 38.886588315700735, -3.794534134765745, 0.0 ], [ 38.888694000417019, -3.79406211501144, 0.0 ], [ 38.891720946244696, -3.794740554830697, 0.0 ], [ 38.896282515864506, -3.791770347789489, 0.0 ], [ 38.89785700013946, -3.792123193875882, 0.0 ], [ 38.899162222825836, -3.791830546287142, 0.0 ], [ 38.899863032591966, -3.792845764579597, 0.0 ], [ 38.902022000410803, -3.793186000641055, 0.0 ], [ 38.902407588072066, -3.794466412728256, 0.0 ], [ 38.90419723582162, -3.79600856133174, 0.0 ], [ 38.906226453852739, -3.798363575869521, 0.0 ], [ 38.911567333657729, -3.79957687575879, 0.0 ], [ 38.913298412308912, -3.801068588736553, 0.0 ], [ 38.915818156337181, -3.805091231012989, 0.0 ], [ 38.922461411838, -3.806899588670384, 0.0 ], [ 38.923909807021879, -3.808580637661682, 0.0 ], [ 38.928225299764414, -3.809879760361054, 0.0 ], [ 38.930553062791901, -3.815096382112424, 0.0 ], [ 38.932395588191262, -3.81612441342015, 0.0 ], [ 38.93412341166534, -3.816895588562827, 0.0 ], [ 38.934894587821958, -3.819456412871522, 0.0 ], [ 38.935789411566127, -3.821060588927158, 0.0 ], [ 38.936560588070471, -3.822788413400966, 0.0 ], [ 38.938293292981314, -3.823561623451619, 0.0 ], [ 38.938161102554353, -3.825204234984367, 0.0 ], [ 38.940787411940583, -3.828557588988088, 0.0 ], [ 38.941558587877829, -3.830285413443421, 0.0 ], [ 38.94259902398354, -3.831181863898978, 0.0 ], [ 38.944744975591064, -3.835991137591241, 0.0 ], [ 38.945785411973802, -3.836887588715507, 0.0 ], [ 38.946606616725823, -3.838727265805284, 0.0 ], [ 38.952089042115936, -3.841173797426487, 0.0 ], [ 38.954053588151211, -3.851943412861755, 0.0 ], [ 38.955395823756625, -3.853099974191307, 0.0 ], [ 38.95616699959546, -3.853995000728902, 0.0 ], [ 38.954949631567565, -3.85504377580351, 0.0 ], [ 38.958280412164321, -3.856046588777948, 0.0 ], [ 38.960517878816894, -3.857294868699687, 0.0 ], [ 38.962540589088704, -3.860523963835236, 0.0 ], [ 38.964111411716502, -3.861877589195748, 0.0 ], [ 38.964965969105705, -3.86379291968347, 0.0 ], [ 38.966610412312022, -3.865209588566562, 0.0 ], [ 38.967381587966116, -3.866937412647528, 0.0 ], [ 38.968648170645032, -3.86920782596408, 0.0 ], [ 38.970775412207928, -3.871040589436534, 0.0 ], [ 38.971546588099343, -3.873601412680924, 0.0 ], [ 38.973274412401373, -3.874372588725014, 0.0 ], [ 38.973660000153501, -3.874820000704835, 0.0 ] ] ] ] } },
{ "type": "Feature", "properties": { "OBJECTID_1": 475, "OBJECTID": 957, "WRUA_NAME": "Magombe Shariani", "SRO": "Coastal Athi", "Area": 225.565, "status": "Formed", "Basin": "ACA", "B_code": 20, "Areakm2": 225.75, "CentroidX": 39.04508, "CentroidY": -3.717466, "Subbasin": "3MA", "layer": "Magombe Shariani", "path": "X:/Mwache Catchment/Data/Vector/Mwache WRUA Subcatchment Boundary/Individual Mwache WRUAs/Magombe Shariani.shp" }, "geometry": { "type": "MultiPolygon", "coordinates": [ [ [ [ 39.000362103173416, -3.650685349998633, 0.0 ], [ 39.00090414425113, -3.650008431826524, 0.0 ], [ 39.004577805007273, -3.651420626135358, 0.0 ], [ 39.007777613618387, -3.649539666323423, 0.0 ], [ 39.012440592204179, -3.650168172853401, 0.0 ], [ 39.012617463239863, -3.649970835510385, 0.0 ], [ 39.01268821207988, -3.649891900098172, 0.0 ], [ 39.021351355678014, -3.648895664152985, 0.0 ], [ 39.026929911690594, -3.652421609291546, 0.0 ], [ 39.028252413235826, -3.652023413432936, 0.0 ], [ 39.030700570242949, -3.651124520767205, 0.0 ], [ 39.031581566348002, -3.651195293324551, 0.0 ], [ 39.031919579608527, -3.650655562220801, 0.0 ], [ 39.033271155904139, -3.648497399062648, 0.0 ], [ 39.036421750314936, -3.648750390147248, 0.0 ], [ 39.039019588326326, -3.647796589078066, 0.0 ], [ 39.04011696209659, -3.647547274546259, 0.0 ], [ 39.042311948075699, -3.64704859131131, 0.0 ], [ 39.04269324666916, -3.646961962320477, 0.0 ], [ 39.042760723150046, -3.646664909043489, 0.0 ], [ 39.044132695049271, -3.640624977831611, 0.0 ], [ 39.049194037023703, -3.640218342415704, 0.0 ], [ 39.05033179268186, -3.640126928769623, 0.0 ], [ 39.05779299897673, -3.640746999559328, 0.0 ], [ 39.05779299897673, -3.640746999559327, 0.0 ], [ 39.064016909194834, -3.646184888331327, 0.0 ], [ 39.067396090864186, -3.646971112936296, 0.0 ], [ 39.068181910008995, -3.647850889207774, 0.0 ], [ 39.06950177505265, -3.649030224633207, 0.0 ], [ 39.070680909020588, -3.650349888055174, 0.0 ], [ 39.071561091012811, -3.651136113814011, 0.0 ], [ 39.072346908831555, -3.652015888012921, 0.0 ], [ 39.073227091190354, -3.652802112948859, 0.0 ], [ 39.074373687105023, -3.655301113556136, 0.0 ], [ 39.083223092023175, -3.654514888172173, 0.0 ], [ 39.086826384604564, -3.653222069952986, 0.0 ], [ 39.088221090906934, -3.654468113446314, 0.0 ], [ 39.089305454660852, -3.656831465652174, 0.0 ], [ 39.090672908598386, -3.655301112598141, 0.0 ], [ 39.091113000343974, -3.654908001256689, 0.0 ], [ 39.091853669729154, -3.65583312729032, 0.0 ], [ 39.093969115899995, -3.657526988074964, 0.0 ], [ 39.094815538798116, -3.659535664881595, 0.0 ], [ 39.095740461607832, -3.66027633709706, 0.0 ], [ 39.096481539244515, -3.663700666132129, 0.0 ], [ 39.097414596249948, -3.666968400701439, 0.0 ], [ 39.097301522678627, -3.667877256674304, 0.0 ], [ 39.098980539346343, -3.679527664923811, 0.0 ], [ 39.099905462156713, -3.680268336368719, 0.0 ], [ 39.101016671376854, -3.681656126661969, 0.0 ], [ 39.104074121768498, -3.684104488276568, 0.0 ], [ 39.105746223172979, -3.686948605208831, 0.0 ], [ 39.105589629081727, -3.688207460619528, 0.0 ], [ 39.107310538762782, -3.690356665985435, 0.0 ], [ 39.109901461331631, -3.691097335548883, 0.0 ], [ 39.110642538931288, -3.692022666346182, 0.0 ], [ 39.113110626334013, -3.693999006912165, 0.0 ], [ 39.113974538808563, -3.69702066636667, 0.0 ], [ 39.115732461942059, -3.697761336306959, 0.0 ], [ 39.117306538059424, -3.698686665583687, 0.0 ], [ 39.119064460772606, -3.699427335917971, 0.0 ], [ 39.119805539112804, -3.702018665915489, 0.0 ], [ 39.123071241356733, -3.703394660571957, 0.0 ], [ 39.123599999839456, -3.704055000549837, 0.0 ], [ 39.123962810933996, -3.706191190050982, 0.0 ], [ 39.125051649011354, -3.707031308205459, 0.0 ], [ 39.127081274194992, -3.71579163675257, 0.0 ], [ 39.124190176851044, -3.718023206741697, 0.0 ], [ 39.123237190330116, -3.720352190168317, 0.0 ], [ 39.122282575397556, -3.721088792673792, 0.0 ], [ 39.122447303698266, -3.722203460363794, 0.0 ], [ 39.121571189936731, -3.725350189669328, 0.0 ], [ 39.119834416742215, -3.726690597062862, 0.0 ], [ 39.11860200023483, -3.734043000817339, 0.0 ], [ 39.119057139861894, -3.734421063663561, 0.0 ], [ 39.122003958816819, -3.739198409435849, 0.0 ], [ 39.123977860048768, -3.740328937203494, 0.0 ], [ 39.126440661058865, -3.741397234778561, 0.0 ], [ 39.12448343578864, -3.743022968684051, 0.0 ], [ 39.125721140832887, -3.748582064339194, 0.0 ], [ 39.126099000234603, -3.749037001196219, 0.0 ], [ 39.12309523806428, -3.751720864160363, 0.0 ], [ 39.123233122057698, -3.754035001003593, 0.0 ], [ 39.123157469341876, -3.755305651978909, 0.0 ], [ 39.124191804587824, -3.756229963740175, 0.0 ], [ 39.122256949623178, -3.770783669949206, 0.0 ], [ 39.119827910398584, -3.775253112695505, 0.0 ], [ 39.119042091350622, -3.777798888448307, 0.0 ], [ 39.116515025645427, -3.782449127244159, 0.0 ], [ 39.116103001073029, -3.789021001271474, 0.0 ], [ 39.111957117319363, -3.786358084630328, 0.0 ], [ 39.107862888595065, -3.785326190390537, 0.0 ], [ 39.106577190028688, -3.786992190380257, 0.0 ], [ 39.104241699404533, -3.787948024652585, 0.0 ], [ 39.099194075702492, -3.791690016840418, 0.0 ], [ 39.097403207161697, -3.789369575266083, 0.0 ], [ 39.095278000341139, -3.789683780789256, 0.0 ], [ 39.092778999875542, -3.789314462575418, 0.0 ], [ 39.088510282193099, -3.789945313789879, 0.0 ], [ 39.085752189333853, -3.791990190421902, 0.0 ], [ 39.083978810698213, -3.792715811026595, 0.0 ], [ 39.081587189896382, -3.794489190041453, 0.0 ], [ 39.077314810124911, -3.795214811121904, 0.0 ], [ 39.076952000568063, -3.798184000548436, 0.0 ], [ 39.076558278000874, -3.799459736361626, 0.0 ], [ 39.071089682153229, -3.799133735033907, 0.0 ], [ 39.069847909427196, -3.800243113360223, 0.0 ], [ 39.068526824171478, -3.801721607373389, 0.0 ], [ 39.065148861562562, -3.803557217007403, 0.0 ], [ 39.062413546695332, -3.803720319442992, 0.0 ], [ 39.060158997411953, -3.800175189093317, 0.0 ], [ 39.056720432396219, -3.800380184018592, 0.0 ], [ 39.055686910380146, -3.799456887652156, 0.0 ], [ 39.054901091342145, -3.797744112741812, 0.0 ], [ 39.054020909328287, -3.796957888686278, 0.0 ], [ 39.053235090820557, -3.794412113144425, 0.0 ], [ 39.050688909799149, -3.79362588821171, 0.0 ], [ 39.049550042038597, -3.791144580725327, 0.0 ], [ 39.042280408796309, -3.788536167770974, 0.0 ], [ 39.038618544338355, -3.788754383577698, 0.0 ], [ 39.036377822727594, -3.787725946161959, 0.0 ], [ 39.034909090768764, -3.786082113447442, 0.0 ], [ 39.03069690899585, -3.784462888025321, 0.0 ], [ 39.028245090032463, -3.781084113633623, 0.0 ], [ 39.024881366174263, -3.780045506821502, 0.0 ], [ 39.02236691013232, -3.777798888194325, 0.0 ], [ 39.019415209786622, -3.773731506162101, 0.0 ], [ 39.011978000359186, -3.77319400141078, 0.0 ], [ 39.010541806857027, -3.772761637899158, 0.0 ], [ 39.009093412894281, -3.771080588119625, 0.0 ], [ 39.008131070021868, -3.770251452822035, 0.0 ], [ 39.008280342235011, -3.768395708981199, 0.0 ], [ 39.010263598277646, -3.766687002098762, 0.0 ], [ 39.009031588066577, -3.764478413401318, 0.0 ], [ 39.00826041168537, -3.762750588313241, 0.0 ], [ 39.006532588133233, -3.760313412722112, 0.0 ], [ 39.004863333728771, -3.755915147870464, 0.0 ], [ 39.003200588412589, -3.754482413215742, 0.0 ], [ 39.002429413395426, -3.752754588865326, 0.0 ], [ 38.99986858841973, -3.751150413270086, 0.0 ], [ 38.995630376328165, -3.747831428365151, 0.0 ], [ 38.995801611638775, -3.745705000880677, 0.0 ], [ 38.995699927267978, -3.744441265136738, 0.0 ], [ 38.996748905218453, -3.739631991280937, 0.0 ], [ 38.996496728387598, -3.736493802035454, 0.0 ], [ 38.992557467748107, -3.73309997791422, 0.0 ], [ 38.988206588448762, -3.731158413130381, 0.0 ], [ 38.987435411706592, -3.730263587870847, 0.0 ], [ 38.98654058831486, -3.72949241255277, 0.0 ], [ 38.984478018914089, -3.727098758214604, 0.0 ], [ 38.981943632001133, -3.7259676191699, 0.0 ], [ 38.979624816655317, -3.722265487806548, 0.0 ], [ 38.977377587968526, -3.720329413251866, 0.0 ], [ 38.976606412059191, -3.718023002935195, 0.0 ], [ 38.979544688826238, -3.713878747414172, 0.0 ], [ 38.975683116857056, -3.711459875078267, 0.0 ], [ 38.975976781645507, -3.707803501090358, 0.0 ], [ 38.975709147088587, -3.704471500988315, 0.0 ], [ 38.975809612349671, -3.703222000964179, 0.0 ], [ 38.975653424845582, -3.701281045719501, 0.0 ], [ 38.972672847403906, -3.697077608937221, 0.0 ], [ 38.974229026601236, -3.694289011112585, 0.0 ], [ 38.974009388416746, -3.691560001006256, 0.0 ], [ 38.974143612060928, -3.689894000751828, 0.0 ], [ 38.973976035558927, -3.687811501389592, 0.0 ], [ 38.974203809097666, -3.684979178885791, 0.0 ], [ 38.97244710688976, -3.675290266724776, 0.0 ], [ 38.970047758118824, -3.673223222280721, 0.0 ], [ 38.968338236352288, -3.669392561236542, 0.0 ], [ 38.96488258758216, -3.667850413393055, 0.0 ], [ 38.964497000034946, -3.66407100070884, 0.0 ], [ 38.964054468680239, -3.663593490879153, 0.0 ], [ 38.955334000435514, -3.664071000765505, 0.0 ], [ 38.955704539086362, -3.66110933597007, 0.0 ], [ 38.956539914760818, -3.66075736597637, 0.0 ], [ 38.957462461655403, -3.660368665147191, 0.0 ], [ 38.958372740581289, -3.659231832312659, 0.0 ], [ 38.958273863969261, -3.658436227014831, 0.0 ], [ 38.958192556863885, -3.657782012641706, 0.0 ], [ 38.95827389491059, -3.657747741199306, 0.0 ], [ 38.959961461690114, -3.657036666326472, 0.0 ], [ 38.960083987023999, -3.656745913042976, 0.0 ], [ 38.960196539148349, -3.656478833333977, 0.0 ], [ 38.961173542184873, -3.654160416368772, 0.0 ], [ 38.961157188581574, -3.654028928299896, 0.0 ], [ 38.960764863713649, -3.650874221388811, 0.0 ], [ 38.960598588902933, -3.649537188047237, 0.0 ], [ 38.960584177133128, -3.64942130420967, 0.0 ], [ 38.964789037731059, -3.649944370063435, 0.0 ], [ 38.9653180303794, -3.648688802435563, 0.0 ], [ 38.965826865951797, -3.647481073920173, 0.0 ], [ 38.965883978115009, -3.647345515775559, 0.0 ], [ 38.966798486931943, -3.647883109600309, 0.0 ], [ 38.96866200123322, -3.648978569870172, 0.0 ], [ 38.971130902031483, -3.647527328371713, 0.0 ], [ 38.970349280917816, -3.646197828065743, 0.0 ], [ 38.969855778117932, -3.645358396238985, 0.0 ], [ 38.970066875303715, -3.643662500924955, 0.0 ], [ 38.96947791730355, -3.638928676555717, 0.0 ], [ 38.969673820641674, -3.63877181004161, 0.0 ], [ 38.969994533429215, -3.638515002422338, 0.0 ], [ 38.970790461804206, -3.63787766582224, 0.0 ], [ 38.972166863598211, -3.634611760653194, 0.0 ], [ 38.972430328816301, -3.634400749618619, 0.0 ], [ 38.972674412557303, -3.63420526157399, 0.0 ], [ 39.000362103173416, -3.650685349998633, 0.0 ] ] ] ] } },
{ "type": "Feature", "properties": { "OBJECTID_1": 482, "OBJECTID": 964, "WRUA_NAME": "Manjewa", "SRO": "Coastal Athi", "Area": 218.936, "status": "Formed", "Basin": "ACA", "B_code": 20, "Areakm2": 219.11, "CentroidX": 39.284091, "CentroidY": -3.621983, "Subbasin": "3MB", "layer": "Manjewa", "path": "X:/Mwache Catchment/Data/Vector/Mwache WRUA Subcatchment Boundary/Individual Mwache WRUAs/Manjewa.shp" }, "geometry": { "type": "MultiPolygon", "coordinates": [ [ [ [ 39.31435700024884, -3.54245300084238, 0.0 ], [ 39.314719810670276, -3.543756189806321, 0.0 ], [ 39.315674019211883, -3.54533779235072, 0.0 ], [ 39.31462585379564, -3.551718092281506, 0.0 ], [ 39.316834036447041, -3.554578683257512, 0.0 ], [ 39.321712861746086, -3.556575563753492, 0.0 ], [ 39.323157189131422, -3.562807812009536, 0.0 ], [ 39.323910468808904, -3.56724146158581, 0.0 ], [ 39.325662696810532, -3.571522993370033, 0.0 ], [ 39.327792379108956, -3.573166825336402, 0.0 ], [ 39.328880810584394, -3.574577190063985, 0.0 ], [ 39.329821189118547, -3.575302811858369, 0.0 ], [ 39.330546811168816, -3.5762431901012, 0.0 ], [ 39.331487189071915, -3.576968811686418, 0.0 ], [ 39.332212810563611, -3.577909190102532, 0.0 ], [ 39.337183151591965, -3.579293320806895, 0.0 ], [ 39.338043810669923, -3.580408190241177, 0.0 ], [ 39.339817188596029, -3.581133811858103, 0.0 ], [ 39.340610329201844, -3.583982199590893, 0.0 ], [ 39.34466672999222, -3.58711327073574, 0.0 ], [ 39.347206810891173, -3.590404189921168, 0.0 ], [ 39.34844370202584, -3.591359008751657, 0.0 ], [ 39.349825797659157, -3.593649962394005, 0.0 ], [ 39.349691575343321, -3.594558209319407, 0.0 ], [ 39.350646189446643, -3.595294812094715, 0.0 ], [ 39.351371811301156, -3.597068189756944, 0.0 ], [ 39.352974359208595, -3.59830508210087, 0.0 ], [ 39.353152917018292, -3.599513501133886, 0.0 ], [ 39.35298249414781, -3.600668840792762, 0.0 ], [ 39.355066620993931, -3.603369177368795, 0.0 ], [ 39.356712284418307, -3.604639419864339, 0.0 ], [ 39.356358421866602, -3.607034904645454, 0.0 ], [ 39.356839999946594, -3.608260000948613, 0.0 ], [ 39.361517083091371, -3.608737104913837, 0.0 ], [ 39.361330391219809, -3.611058157269306, 0.0 ], [ 39.363889588434937, -3.612872413060506, 0.0 ], [ 39.366342626349685, -3.613967148923, 0.0 ], [ 39.366586669023043, -3.617006500683848, 0.0 ], [ 39.366219791222015, -3.621572138408977, 0.0 ], [ 39.368112344566725, -3.623768728304197, 0.0 ], [ 39.370524303368121, -3.623574918345449, 0.0 ], [ 39.373052587646498, -3.625367412867239, 0.0 ], [ 39.366032428612854, -3.640082087355809, 0.0 ], [ 39.368071573874481, -3.650813867873301, 0.0 ], [ 39.373675124582192, -3.669721371912624, 0.0 ], [ 39.370629185327324, -3.68505493472667, 0.0 ], [ 39.369108721163151, -3.698854627199219, 0.0 ], [ 39.374162576664624, -3.715789197414496, 0.0 ], [ 39.374791801181821, -3.721964500997474, 0.0 ], [ 39.374644967796286, -3.723407201641846, 0.0 ], [ 39.371136037029622, -3.728975448568503, 0.0 ], [ 39.3597168601936, -3.730256063996249, 0.0 ], [ 39.357673000123079, -3.730711001147399, 0.0 ], [ 39.357393163968737, -3.730157836657719, 0.0 ], [ 39.355174000001128, -3.72904500057781, 0.0 ], [ 39.354711539059501, -3.728674666093398, 0.0 ], [ 39.353137461365357, -3.726083336335603, 0.0 ], [ 39.346570671823528, -3.724338429421356, 0.0 ], [ 39.345441565723, -3.7203896097144, 0.0 ], [ 39.341383538762578, -3.719511666319705, 0.0 ], [ 39.340634326634955, -3.718575964336166, 0.0 ], [ 39.339719166250056, -3.718689850827603, 0.0 ], [ 39.338860947961621, -3.712794992688826, 0.0 ], [ 39.340179186757346, -3.710552441568468, 0.0 ], [ 39.338884538650667, -3.709515666051652, 0.0 ], [ 39.338143460591837, -3.708590336057424, 0.0 ], [ 39.337218539426672, -3.707849666036997, 0.0 ], [ 39.336372116404867, -3.705840989310713, 0.0 ], [ 39.334682524895939, -3.70448817736416, 0.0 ], [ 39.337140444757893, -3.700306501301851, 0.0 ], [ 39.334504373974461, -3.695821804651808, 0.0 ], [ 39.335653410078059, -3.692833091799228, 0.0 ], [ 39.335430517190353, -3.691041205923193, 0.0 ], [ 39.333702285606378, -3.686545120911164, 0.0 ], [ 39.332066790580306, -3.685235424386066, 0.0 ], [ 39.330646461087795, -3.6802683361124, 0.0 ], [ 39.328796208716568, -3.678786792020813, 0.0 ], [ 39.327314461244292, -3.675270335842748, 0.0 ], [ 39.324972461949173, -3.67206401764407, 0.0 ], [ 39.323890538772879, -3.671197666276357, 0.0 ], [ 39.323149460883428, -3.670272335880318, 0.0 ], [ 39.319856102108758, -3.668884749082854, 0.0 ], [ 39.317318461391373, -3.66527433599427, 0.0 ], [ 39.310562538602703, -3.664533666421041, 0.0 ], [ 39.308681374441726, -3.66342794840949, 0.0 ], [ 39.304890573359266, -3.663899357351416, 0.0 ], [ 39.303990461060792, -3.662775336110888, 0.0 ], [ 39.30223253943786, -3.662034665736699, 0.0 ], [ 39.301491460599742, -3.660276336047294, 0.0 ], [ 39.300197626916969, -3.658075475189912, 0.0 ], [ 39.298437669971101, -3.656666127360717, 0.0 ], [ 39.297326460893636, -3.655278335878984, 0.0 ], [ 39.295477836402995, -3.653798012205742, 0.0 ], [ 39.291033000208955, -3.653242001412424, 0.0 ], [ 39.288063810863896, -3.652046190197841, 0.0 ], [ 39.28603499992083, -3.650743001185938, 0.0 ], [ 39.283073538995723, -3.651946336107778, 0.0 ], [ 39.280371983298792, -3.653534446440618, 0.0 ], [ 39.278849561993596, -3.649921795863351, 0.0 ], [ 39.279199355940293, -3.64710777815552, 0.0 ], [ 39.277152649108899, -3.64546862179572, 0.0 ], [ 39.273425707348714, -3.644402968219315, 0.0 ], [ 39.269675173303426, -3.642198446861852, 0.0 ], [ 39.264747538728642, -3.640376665558973, 0.0 ], [ 39.261925994898689, -3.638717986913073, 0.0 ], [ 39.259526646336369, -3.634768151995269, 0.0 ], [ 39.254939452308719, -3.631981790712677, 0.0 ], [ 39.252252539197691, -3.631213665698327, 0.0 ], [ 39.251511460635975, -3.630288335563767, 0.0 ], [ 39.250586538938428, -3.629547666142505, 0.0 ], [ 39.249716524775053, -3.628461268101999, 0.0 ], [ 39.248150175708247, -3.630417475586265, 0.0 ], [ 39.245726830200958, -3.628992874973944, 0.0 ], [ 39.241401981167925, -3.627170483788075, 0.0 ], [ 39.235608401263569, -3.62789102059172, 0.0 ], [ 39.234018460568649, -3.626956336301576, 0.0 ], [ 39.230131670189145, -3.625845127376079, 0.0 ], [ 39.228467703870542, -3.623766898018674, 0.0 ], [ 39.22735446106185, -3.621125335587569, 0.0 ], [ 39.225857665368864, -3.619926881865973, 0.0 ], [ 39.224855460986532, -3.615294335611105, 0.0 ], [ 39.222264538657498, -3.611221665922945, 0.0 ], [ 39.22048587171372, -3.605001620551382, 0.0 ], [ 39.216659685281769, -3.605477504380791, 0.0 ], [ 39.211621010616, -3.603540819901516, 0.0 ], [ 39.210015207935214, -3.597924577741293, 0.0 ], [ 39.208936538980439, -3.597060665990801, 0.0 ], [ 39.208195460986708, -3.595302335559589, 0.0 ], [ 39.207270538592745, -3.594561665657467, 0.0 ], [ 39.205696461229181, -3.591970336236913, 0.0 ], [ 39.202136280612379, -3.589807912121409, 0.0 ], [ 39.198807942150118, -3.585651454142722, 0.0 ], [ 39.199402999741856, -3.584103000902869, 0.0 ], [ 39.196190987622998, -3.580091950916051, 0.0 ], [ 39.191443539335616, -3.578734666410108, 0.0 ], [ 39.190702461369959, -3.577809336109547, 0.0 ], [ 39.189086896686057, -3.576515704847613, 0.0 ], [ 39.186194987969209, -3.57529711662333, 0.0 ], [ 39.184522886872955, -3.573208923052915, 0.0 ], [ 39.184929217898407, -3.569942001253165, 0.0 ], [ 39.184733577061806, -3.56836995838111, 0.0 ], [ 39.183576000133094, -3.567443000730028, 0.0 ], [ 39.18477181136624, -3.562282103091005, 0.0 ], [ 39.183213188680483, -3.559475812203247, 0.0 ], [ 39.180424592400904, -3.557323555778078, 0.0 ], [ 39.179766081712792, -3.552865501114164, 0.0 ], [ 39.179892577966442, -3.552008097037182, 0.0 ], [ 39.178543020619053, -3.548575428579612, 0.0 ], [ 39.179773810918242, -3.546980812291353, 0.0 ], [ 39.182380189647887, -3.545422189864231, 0.0 ], [ 39.183105810786884, -3.543648811685082, 0.0 ], [ 39.185712189188784, -3.542923190077571, 0.0 ], [ 39.189787300230556, -3.539469168791606, 0.0 ], [ 39.19273899961378, -3.539954000621401, 0.0 ], [ 39.193186411579653, -3.54033958892491, 0.0 ], [ 39.194343176411401, -3.541682028727519, 0.0 ], [ 39.197498650804114, -3.544400667438383, 0.0 ], [ 39.197228576833723, -3.547759715409268, 0.0 ], [ 39.203840514563588, -3.548290915987459, 0.0 ], [ 39.204875663636265, -3.545970880009727, 0.0 ], [ 39.2081185884009, -3.543671588879435, 0.0 ], [ 39.212345411782692, -3.542900412921055, 0.0 ], [ 39.215629417361811, -3.542001725441688, 0.0 ], [ 39.218172345227245, -3.542205908088389, 0.0 ], [ 39.221162685253333, -3.53873541259909, 0.0 ], [ 39.225673412116031, -3.53950658932308, 0.0 ], [ 39.226556440711072, -3.540531365733921, 0.0 ], [ 39.229807500404441, -3.540270037102297, 0.0 ], [ 39.232581048016016, -3.54049292942574, 0.0 ], [ 39.239245047692009, -3.539459203939019, 0.0 ], [ 39.241052999692123, -3.539604408659888, 0.0 ], [ 39.243828581927104, -3.539381313973164, 0.0 ], [ 39.250018731985776, -3.543916649153642, 0.0 ], [ 39.254322430113071, -3.538921292962635, 0.0 ], [ 39.258120551971956, -3.537526587269122, 0.0 ], [ 39.261261790835739, -3.541172588831296, 0.0 ], [ 39.263513495433891, -3.540257224197516, 0.0 ], [ 39.265767637730981, -3.537640880110801, 0.0 ], [ 39.270440248087752, -3.535924851838077, 0.0 ], [ 39.272805837396014, -3.538670334666536, 0.0 ], [ 39.27670605141256, -3.539556414065545, 0.0 ], [ 39.281422587809473, -3.542900413074621, 0.0 ], [ 39.284816411718488, -3.543671588704997, 0.0 ], [ 39.287802685197299, -3.545337588818062, 0.0 ], [ 39.292313412284969, -3.544566413389125, 0.0 ], [ 39.295500612861403, -3.543396024105502, 0.0 ], [ 39.300973684393384, -3.541898210319702, 0.0 ], [ 39.303111500125382, -3.542070056612631, 0.0 ], [ 39.303967684203769, -3.542001114949942, 0.0 ], [ 39.305587315834629, -3.542904886709505, 0.0 ], [ 39.307276499777572, -3.542769036643287, 0.0 ], [ 39.309404148372479, -3.542940069918119, 0.0 ], [ 39.31435700024884, -3.54245300084238, 0.0 ] ] ] ] } },
{ "type": "Feature", "properties": { "OBJECTID_1": 501, "OBJECTID": 983, "WRUA_NAME": "Marenje Mlunguni", "SRO": "Coastal Athi", "Area": 112.464, "status": "Formed", "Basin": "ACA", "B_code": 20, "Areakm2": 112.55, "CentroidX": 39.273351, "CentroidY": -4.028858, "Subbasin": "3MA", "layer": "Marenje Mlunguni", "path": "X:/Mwache Catchment/Data/Vector/Mwache WRUA Subcatchment Boundary/Individual Mwache WRUAs/Marenje Mlunguni.shp" }, "geometry": { "type": "MultiPolygon", "coordinates": [ [ [ [ 39.336847999722686, -3.973114001370268, 0.0 ], [ 39.336462412295454, -3.976893413403113, 0.0 ], [ 39.335550097893204, -3.978528500647913, 0.0 ], [ 39.337233587665239, -3.981545481914414, 0.0 ], [ 39.336462412301223, -3.982724412899871, 0.0 ], [ 39.332230706964772, -3.985164232804558, 0.0 ], [ 39.332841627738205, -3.992765561231701, 0.0 ], [ 39.330631412347678, -3.997718413066318, 0.0 ], [ 39.328986969182836, -3.999135083415881, 0.0 ], [ 39.328132411674972, -4.001050412683247, 0.0 ], [ 39.324762585005971, -4.005803557221741, 0.0 ], [ 39.323967412172792, -4.011879413243244, 0.0 ], [ 39.32266422259876, -4.016641097600546, 0.0 ], [ 39.326300056086374, -4.019773390028556, 0.0 ], [ 39.3285179996344, -4.024760000726344, 0.0 ], [ 39.328147461328669, -4.030220463283838, 0.0 ], [ 39.327684999866747, -4.033923000948834, 0.0 ], [ 39.327216436597318, -4.034447694350982, 0.0 ], [ 39.322246908618503, -4.035981910316542, 0.0 ], [ 39.319795091134793, -4.036862091570468, 0.0 ], [ 39.317248908858666, -4.037647910134288, 0.0 ], [ 39.316069774650792, -4.038967776197131, 0.0 ], [ 39.31386240635473, -4.040940457392326, 0.0 ], [ 39.314099128324671, -4.044911848719144, 0.0 ], [ 39.307539659858229, -4.053321569557964, 0.0 ], [ 39.301159155573934, -4.054512500080696, 0.0 ], [ 39.298087468781013, -4.058476570999145, 0.0 ], [ 39.298262366215589, -4.061412001203477, 0.0 ], [ 39.298039066894155, -4.065160501025664, 0.0 ], [ 39.298263180206064, -4.068924456661636, 0.0 ], [ 39.296580096962977, -4.072592422947094, 0.0 ], [ 39.293139090602686, -4.073514091859929, 0.0 ], [ 39.289759908663974, -4.074299910087662, 0.0 ], [ 39.287304429974796, -4.076015531607355, 0.0 ], [ 39.285148311033893, -4.075887003449816, 0.0 ], [ 39.282262908834149, -4.078464909809485, 0.0 ], [ 39.281477091346446, -4.079345092251527, 0.0 ], [ 39.276483971997081, -4.083239204286757, 0.0 ], [ 39.275475667145649, -4.08757381432566, 0.0 ], [ 39.266435908843825, -4.09262591017888, 0.0 ], [ 39.26525677535431, -4.093945775884498, 0.0 ], [ 39.263374797091657, -4.095627639120645, 0.0 ], [ 39.262265621570187, -4.10039379760728, 0.0 ], [ 39.260211999830943, -4.102229000943511, 0.0 ], [ 39.258160411660306, -4.099282588595008, 0.0 ], [ 39.257265587774832, -4.098511413347969, 0.0 ], [ 39.256494411812099, -4.097616588678052, 0.0 ], [ 39.255391745181115, -4.096666447842354, 0.0 ], [ 39.251692459975047, -4.096963774258109, 0.0 ], [ 39.241672055746008, -4.09587900334146, 0.0 ], [ 39.240583216632466, -4.088732612254473, 0.0 ], [ 39.240789026796755, -4.086172194316449, 0.0 ], [ 39.239597284266495, -4.084036818376644, 0.0 ], [ 39.238168411997016, -4.079290588566229, 0.0 ], [ 39.237273587759198, -4.078519413405877, 0.0 ], [ 39.23649834537202, -4.07761970780137, 0.0 ], [ 39.234887254358, -4.077749457680122, 0.0 ], [ 39.232726253601442, -4.076543884703652, 0.0 ], [ 39.230458688330863, -4.07391188202225, 0.0 ], [ 39.227140517333872, -4.075763355135207, 0.0 ], [ 39.218947587815769, -4.077624589116899, 0.0 ], [ 39.215749405015671, -4.079892154909368, 0.0 ], [ 39.212331583141264, -4.077984959316003, 0.0 ], [ 39.20563057036815, -4.078523480943028, 0.0 ], [ 39.202338837250153, -4.077314654273509, 0.0 ], [ 39.199017412357612, -4.073459589246928, 0.0 ], [ 39.198569999717606, -4.073074001370811, 0.0 ], [ 39.200890849287823, -4.067362581703646, 0.0 ], [ 39.204030460713682, -4.066039463338376, 0.0 ], [ 39.20660430118901, -4.064526803427979, 0.0 ], [ 39.20853549514505, -4.057772506837596, 0.0 ], [ 39.210694461416232, -4.056043463446111, 0.0 ], [ 39.213166616555142, -4.052956319077881, 0.0 ], [ 39.213974806157587, -4.045587035202045, 0.0 ], [ 39.219055373911999, -4.044134571692402, 0.0 ], [ 39.222264539137022, -4.041790539588783, 0.0 ], [ 39.225084455259946, -4.040602050380313, 0.0 ], [ 39.227891356068795, -4.042252187933313, 0.0 ], [ 39.228928538892156, -4.040957540176047, 0.0 ], [ 39.230686461374582, -4.040216462880872, 0.0 ], [ 39.231596742008826, -4.039079628698792, 0.0 ], [ 39.231237998699989, -4.036195855230593, 0.0 ], [ 39.2343889999552, -4.032257000760628, 0.0 ], [ 39.235677139958483, -4.032634861173454, 0.0 ], [ 39.239182004419455, -4.033951879774209, 0.0 ], [ 39.243995345147582, -4.033461353432175, 0.0 ], [ 39.24560765533667, -4.034384649054266, 0.0 ], [ 39.246737166960457, -4.034269542345479, 0.0 ], [ 39.248100961007843, -4.032627540151266, 0.0 ], [ 39.250216000212063, -4.032843111326754, 0.0 ], [ 39.25336252738137, -4.03252260080774, 0.0 ], [ 39.256651412553659, -4.024938965750566, 0.0 ], [ 39.256208881900385, -4.020595000729097, 0.0 ], [ 39.256734793705952, -4.015435525835462, 0.0 ], [ 39.259001140419272, -4.01355314059809, 0.0 ], [ 39.261014088129656, -4.006692686677313, 0.0 ], [ 39.264217152249905, -4.00110003492343, 0.0 ], [ 39.268164140095088, -4.000225141131173, 0.0 ], [ 39.271426181252018, -3.996297676021952, 0.0 ], [ 39.272933960118309, -3.99116036856669, 0.0 ], [ 39.278671409680157, -3.990137828847037, 0.0 ], [ 39.279844443024572, -3.987432409026956, 0.0 ], [ 39.281812243403216, -3.98579793124175, 0.0 ], [ 39.281407131939552, -3.981823690958039, 0.0 ], [ 39.284824140218639, -3.981065938009296, 0.0 ], [ 39.286868000388367, -3.977279001063314, 0.0 ], [ 39.287238538741612, -3.976816336070774, 0.0 ], [ 39.288996462119677, -3.976075665376575, 0.0 ], [ 39.290576232655575, -3.972327166034714, 0.0 ], [ 39.291403538778205, -3.968341537350381, 0.0 ], [ 39.292969678859208, -3.966006566917998, 0.0 ], [ 39.29883059182562, -3.959828910096705, 0.0 ], [ 39.306265114008745, -3.95551766267693, 0.0 ], [ 39.312842359855729, -3.953360939619274, 0.0 ], [ 39.319134007129392, -3.952353215983182, 0.0 ], [ 39.324283028900389, -3.954936325229416, 0.0 ], [ 39.327151668345046, -3.958199010283012, 0.0 ], [ 39.330291453256223, -3.960965867413888, 0.0 ], [ 39.334516983034831, -3.961250665686231, 0.0 ], [ 39.337420280957886, -3.965345503399495, 0.0 ], [ 39.337231148187016, -3.967699500898644, 0.0 ], [ 39.337298259415768, -3.968535550716376, 0.0 ], [ 39.336847999722686, -3.973114001370268, 0.0 ] ] ] ] } },
{ "type": "Feature", "properties": { "OBJECTID_1": 566, "OBJECTID": 1048, "WRUA_NAME": "Marungu", "SRO": "Coastal Athi", "Area": 361.038, "status": "Formed", "Basin": "ACA", "B_code": 20, "Areakm2": 361.32, "CentroidX": 38.868552, "CentroidY": -3.599735, "Subbasin": "3LA", "layer": "Marungu", "path": "X:/Mwache Catchment/Data/Vector/Mwache WRUA Subcatchment Boundary/Individual Mwache WRUAs/Marungu.shp" }, "geometry": { "type": "MultiPolygon", "coordinates": [ [ [ [ 38.972674412557346, -3.634205261573972, 0.0 ], [ 38.972430328816301, -3.634400749618658, 0.0 ], [ 38.972166863598218, -3.63461176065317, 0.0 ], [ 38.970790461804164, -3.637877665822228, 0.0 ], [ 38.969994533429222, -3.638515002422346, 0.0 ], [ 38.969673820641695, -3.638771810041605, 0.0 ], [ 38.969477917303522, -3.638928676555695, 0.0 ], [ 38.970066875303758, -3.643662500924991, 0.0 ], [ 38.969855778117896, -3.645358396238949, 0.0 ], [ 38.970349280917851, -3.646197828065753, 0.0 ], [ 38.971130902031462, -3.647527328371689, 0.0 ], [ 38.968662001233263, -3.648978569870129, 0.0 ], [ 38.9667984869319, -3.647883109600345, 0.0 ], [ 38.965883978115052, -3.647345515775599, 0.0 ], [ 38.965826865951783, -3.647481073920131, 0.0 ], [ 38.965318030379443, -3.648688802435549, 0.0 ], [ 38.964789037731087, -3.64994437006346, 0.0 ], [ 38.960584177133157, -3.64942130420963, 0.0 ], [ 38.960598588902975, -3.649537188047267, 0.0 ], [ 38.960764863713607, -3.65087422138882, 0.0 ], [ 38.961157188581581, -3.654028928299899, 0.0 ], [ 38.961173542184852, -3.654160416368776, 0.0 ], [ 38.960196539148335, -3.65647883333394, 0.0 ], [ 38.960083987023999, -3.656745913042955, 0.0 ], [ 38.959961461690121, -3.657036666326449, 0.0 ], [ 38.958273894910562, -3.657747741199299, 0.0 ], [ 38.958192556863864, -3.657782012641694, 0.0 ], [ 38.958273863969268, -3.658436227014858, 0.0 ], [ 38.958372740581318, -3.659231832312679, 0.0 ], [ 38.957462461655396, -3.660368665147215, 0.0 ], [ 38.956539914760782, -3.660757365976339, 0.0 ], [ 38.955704539086369, -3.661109335970111, 0.0 ], [ 38.955334000435499, -3.664071000765476, 0.0 ], [ 38.954030811018498, -3.664433811863263, 0.0 ], [ 38.952546622651091, -3.666357072752299, 0.0 ], [ 38.949919499695199, -3.665968841661291, 0.0 ], [ 38.946937701741142, -3.666409542847146, 0.0 ], [ 38.944301630758751, -3.669824721371304, 0.0 ], [ 38.941589499863241, -3.669423879679376, 0.0 ], [ 38.939795378268485, -3.669689073447743, 0.0 ], [ 38.938311189702127, -3.667765811264187, 0.0 ], [ 38.935571400621278, -3.667002974313335, 0.0 ], [ 38.935827238714033, -3.665272912701143, 0.0 ], [ 38.9340388106801, -3.664541190883161, 0.0 ], [ 38.932480189623789, -3.663600811728438, 0.0 ], [ 38.928247670706398, -3.661868512576314, 0.0 ], [ 38.926572722691894, -3.664668703281845, 0.0 ], [ 38.923680001002154, -3.664241220863671, 0.0 ], [ 38.920347999906582, -3.664733781295401, 0.0 ], [ 38.917030235593437, -3.664243458145053, 0.0 ], [ 38.914154188806222, -3.665374190162227, 0.0 ], [ 38.910714811410713, -3.666099810900922, 0.0 ], [ 38.909156189716867, -3.667040189628165, 0.0 ], [ 38.905004611835395, -3.668196140965926, 0.0 ], [ 38.902935942104328, -3.670876343020621, 0.0 ], [ 38.898957226840317, -3.668476585751365, 0.0 ], [ 38.897397792423611, -3.670496855120228, 0.0 ], [ 38.895358000022931, -3.67019546286623, 0.0 ], [ 38.893275499601671, -3.670503159616087, 0.0 ], [ 38.891565572437365, -3.670250575574494, 0.0 ], [ 38.889527000139815, -3.673234000764145, 0.0 ], [ 38.877542191899231, -3.671042040344039, 0.0 ], [ 38.865630271420429, -3.663859318057047, 0.0 ], [ 38.846569810465972, -3.662898777630028, 0.0 ], [ 38.830845902788298, -3.657151141631684, 0.0 ], [ 38.81988470699487, -3.664329990973422, 0.0 ], [ 38.807017677290048, -3.669593355969977, 0.0 ], [ 38.796532887922936, -3.675814537859798, 0.0 ], [ 38.779941539188137, -3.67369666493956, 0.0 ], [ 38.778779488002904, -3.670939183809727, 0.0 ], [ 38.778215787483575, -3.667216931697234, 0.0 ], [ 38.776786989560492, -3.664200568179962, 0.0 ], [ 38.774786672676711, -3.660035102256307, 0.0 ], [ 38.772357334922994, -3.6565876217698, 0.0 ], [ 38.766639036277731, -3.65730424390823, 0.0 ], [ 38.764923900647943, -3.656154840520828, 0.0 ], [ 38.75806290396995, -3.653424244973999, 0.0 ], [ 38.751989670554046, -3.654167128347394, 0.0 ], [ 38.750794674197067, -3.652674802763309, 0.0 ], [ 38.749136402230839, -3.652881019583373, 0.0 ], [ 38.74754646199235, -3.651946336189846, 0.0 ], [ 38.743721087964673, -3.651118623804103, 0.0 ], [ 38.741715461821549, -3.648614337166309, 0.0 ], [ 38.736608862942418, -3.64472795218945, 0.0 ], [ 38.735051461664966, -3.642783335433117, 0.0 ], [ 38.730794539076044, -3.642042665425302, 0.0 ], [ 38.728757999652011, -3.640747000047825, 0.0 ], [ 38.72778945916518, -3.638895079164248, 0.0 ], [ 38.729505709628171, -3.636023217095916, 0.0 ], [ 38.731222163047299, -3.632433256230536, 0.0 ], [ 38.731509332091221, -3.628124771349936, 0.0 ], [ 38.73265375879236, -3.625252729792114, 0.0 ], [ 38.734369924657067, -3.622524474215014, 0.0 ], [ 38.736515168897981, -3.618934624866652, 0.0 ], [ 38.739232098170653, -3.615632172602465, 0.0 ], [ 38.742235018701557, -3.611898934312227, 0.0 ], [ 38.742950835892323, -3.608021418239024, 0.0 ], [ 38.742094421855306, -3.603568979396429, 0.0 ], [ 38.741952893210502, -3.598542264678448, 0.0 ], [ 38.742382973240133, -3.594090190194618, 0.0 ], [ 38.742813449217309, -3.58820192118233, 0.0 ], [ 38.743100334551912, -3.584611519388323, 0.0 ], [ 38.743959378998952, -3.579585083598511, 0.0 ], [ 38.745675377827496, -3.577000415187479, 0.0 ], [ 38.747819792742469, -3.575852053824055, 0.0 ], [ 38.750106909726448, -3.5755654426299, 0.0 ], [ 38.753966288626643, -3.575566490144774, 0.0 ], [ 38.758397390863159, -3.575711290930181, 0.0 ], [ 38.76440072675156, -3.576287335574965, 0.0 ], [ 38.768688968571155, -3.576144811339974, 0.0 ], [ 38.770690631575306, -3.57413464020456, 0.0 ], [ 38.77354993692051, -3.572067229789874, 0.0 ], [ 38.774979893441966, -3.569769666580411, 0.0 ], [ 38.776552745709417, -3.567615756665096, 0.0 ], [ 38.777553801644899, -3.565605324397589, 0.0 ], [ 38.779939724654284, -3.564132927075656, 0.0 ], [ 38.780844089930014, -3.563717887421011, 0.0 ], [ 38.78227580896943, -3.562115543278574, 0.0 ], [ 38.7849220490397, -3.561957727961315, 0.0 ], [ 38.788042138446805, -3.56365321699493, 0.0 ], [ 38.789150500814998, -3.563719311226973, 0.0 ], [ 38.790003429833526, -3.563668467861989, 0.0 ], [ 38.815532355640883, -3.54937930503568, 0.0 ], [ 38.827683821925454, -3.550563251974745, 0.0 ], [ 38.836700227940419, -3.547020111215646, 0.0 ], [ 38.844932526725657, -3.543870611933295, 0.0 ], [ 38.85159626103907, -3.544265573605196, 0.0 ], [ 38.862180180568132, -3.542691754351254, 0.0 ], [ 38.880604219198503, -3.537967933306882, 0.0 ], [ 38.895892515797328, -3.530486327743185, 0.0 ], [ 38.908829152250696, -3.518277839146319, 0.0 ], [ 38.92685993932939, -3.521036498347127, 0.0 ], [ 38.93234696997861, -3.530489708702786, 0.0 ], [ 38.943322439423092, -3.531672045159437, 0.0 ], [ 38.953906069288749, -3.530491032850866, 0.0 ], [ 38.982605170173052, -3.540029685754762, 0.0 ], [ 38.989227064310874, -3.545207861537944, 0.0 ], [ 38.993801739234463, -3.550562026425838, 0.0 ], [ 38.998566306835983, -3.559179296972123, 0.0 ], [ 39.001901565660219, -3.569472121326109, 0.0 ], [ 38.996183920656719, -3.57713189025218, 0.0 ], [ 38.997613319736175, -3.583355462236967, 0.0 ], [ 38.996151001342866, -3.58576900031907, 0.0 ], [ 38.995725146265883, -3.589174618996358, 0.0 ], [ 38.992173913566958, -3.594756085688564, 0.0 ], [ 38.993690234051861, -3.600065444716191, 0.0 ], [ 38.991675252212971, -3.601678974661668, 0.0 ], [ 38.995619799629672, -3.604837704025785, 0.0 ], [ 38.995889873685854, -3.60701049964077, 0.0 ], [ 38.99402253860454, -3.60779733631241, 0.0 ], [ 38.991615461894497, -3.609555665063988, 0.0 ], [ 38.989857540231768, -3.610296337445104, 0.0 ], [ 38.988905363660578, -3.612555563969808, 0.0 ], [ 38.985020200661886, -3.615666705174467, 0.0 ], [ 38.984801783138082, -3.617422999872408, 0.0 ], [ 38.985188182649495, -3.620529058123986, 0.0 ], [ 38.983167099659283, -3.620277692985061, 0.0 ], [ 38.9790285392641, -3.622791335973838, 0.0 ], [ 38.976608040037533, -3.624559426874283, 0.0 ], [ 38.97490950003715, -3.624348125905916, 0.0 ], [ 38.974122461566132, -3.626215664563678, 0.0 ], [ 38.972456461951069, -3.62754976608147, 0.0 ], [ 38.973197537891949, -3.628714663613061, 0.0 ], [ 38.974197709019201, -3.629515533238878, 0.0 ], [ 38.973289461156327, -3.63371266469211, 0.0 ], [ 38.972674412557346, -3.634205261573972, 0.0 ] ] ] ] } },
{ "type": "Feature", "properties": { "OBJECTID_1": 502, "OBJECTID": 984, "WRUA_NAME": "Mazola Mienzeni", "SRO": "Coastal Athi", "Area": 198.73418326800001, "status": "Formed", "Basin": "ACA", "B_code": 20, "Areakm2": 164.34, "CentroidX": 39.391528, "CentroidY": -4.053801, "Subbasin": "3MB", "layer": "Mazola Mienzeni WRUA Extended Map", "path": "X:/Mwache Catchment/Mwache WRUAS Grants Proposals/Mazola Mienzeni WRUA Extended Map.shp" }, "geometry": { "type": "MultiPolygon", "coordinates": [ [ [ [ 39.526771999920321, -4.013931000957269, 0.0 ], [ 39.524462539985123, -4.019665196807685, 0.0 ], [ 39.521303810822531, -4.020957811609014, 0.0 ], [ 39.518912190301442, -4.022731190945281, 0.0 ], [ 39.516414002602332, -4.023753730194377, 0.0 ], [ 39.513699431889677, -4.025848432606436, 0.0 ], [ 39.512611001319648, -4.027259001400294, 0.0 ], [ 39.510373533196244, -4.029186533778981, 0.0 ], [ 39.507803353559659, -4.034946354891042, 0.0 ], [ 39.505499587906129, -4.035974588089273, 0.0 ], [ 39.49955836198032, -4.04062726809383, 0.0 ], [ 39.493334046425169, -4.038923847933438, 0.0 ], [ 39.492233411883973, -4.040201412605269, 0.0 ], [ 39.49089117614453, -4.041358176908636, 0.0 ], [ 39.489088918945939, -4.043450031141136, 0.0 ], [ 39.487061734642232, -4.044354616614063, 0.0 ], [ 39.485569413363145, -4.047698412932919, 0.0 ], [ 39.484674588012176, -4.049302588209622, 0.0 ], [ 39.483517824358152, -4.051894325032199, 0.0 ], [ 39.481574836223949, -4.055377224877441, 0.0 ], [ 39.478072411599491, -4.052634588651491, 0.0 ], [ 39.475988285369674, -4.051863413118459, 0.0 ], [ 39.467335335399348, -4.05550778812974, 0.0 ], [ 39.46557741186097, -4.053467588089097, 0.0 ], [ 39.46189968498291, -4.052696413206034, 0.0 ], [ 39.45974641232975, -4.055195412795518, 0.0 ], [ 39.455747767770013, -4.056104065829045, 0.0 ], [ 39.451416412896229, -4.057694413073962, 0.0 ], [ 39.445104241364007, -4.058520497587912, 0.0 ], [ 39.439754411924824, -4.061859412639111, 0.0 ], [ 39.437193587751757, -4.062630588656644, 0.0 ], [ 39.433806271280709, -4.064520295432237, 0.0 ], [ 39.428774106150072, -4.068461589094161, 0.0 ], [ 39.426511013717686, -4.073533208929101, 0.0 ], [ 39.423480000421776, -4.073289572706793, 0.0 ], [ 39.415639712871659, -4.073919609712204, 0.0 ], [ 39.409766412150773, -4.078519412908941, 0.0 ], [ 39.40734753964697, -4.079598895866985, 0.0 ], [ 39.403718213982877, -4.084653025697902, 0.0 ], [ 39.397380825084511, -4.090113080725919, 0.0 ], [ 39.392425126150982, -4.093216900627903, 0.0 ], [ 39.388015269432167, -4.094544901424522, 0.0 ], [ 39.38253772414469, -4.094104811029462, 0.0 ], [ 39.380498746227602, -4.095242457270052, 0.0 ], [ 39.378497999665932, -4.095081389249353, 0.0 ], [ 39.37558249972944, -4.09531567119866, 0.0 ], [ 39.367697878576131, -4.09468237934921, 0.0 ], [ 39.36561741297669, -4.099344412615578, 0.0 ], [ 39.36360568527946, -4.100948589262563, 0.0 ], [ 39.360619413167292, -4.099282588872741, 0.0 ], [ 39.3551378005846, -4.09828241882356, 0.0 ], [ 39.350176000275752, -4.098681429591009, 0.0 ], [ 39.346010999585552, -4.098346684554341, 0.0 ], [ 39.343587654143278, -4.098541511176821, 0.0 ], [ 39.34067744096928, -4.101919473349644, 0.0 ], [ 39.33758419695306, -4.101670955857371, 0.0 ], [ 39.33476550111677, -4.100098099227454, 0.0 ], [ 39.332020015900262, -4.101629875069976, 0.0 ], [ 39.32826541640371, -4.105988075572418, 0.0 ], [ 39.323072587696323, -4.106779588714469, 0.0 ], [ 39.321853999825002, -4.10722700091287, 0.0 ], [ 39.320558539406683, -4.106856462601369, 0.0 ], [ 39.311029881013077, -4.105665939980261, 0.0 ], [ 39.307786957421101, -4.106069424200962, 0.0 ], [ 39.306193356204602, -4.108059188156608, 0.0 ], [ 39.303392555970198, -4.106412710838745, 0.0 ], [ 39.29865120776477, -4.107002482153819, 0.0 ], [ 39.293299345890659, -4.103856768312317, 0.0 ], [ 39.289829460633669, -4.105190462623129, 0.0 ], [ 39.286761435098086, -4.106067796560984, 0.0 ], [ 39.285201999568848, -4.105873782610656, 0.0 ], [ 39.283119500423275, -4.106132874666288, 0.0 ], [ 39.281130956642166, -4.105885577700805, 0.0 ], [ 39.279825327088453, -4.104254965063268, 0.0 ], [ 39.278121499936375, -4.104466875071475, 0.0 ], [ 39.275160444715887, -4.104098777335095, 0.0 ], [ 39.270208000250435, -4.108060001028777, 0.0 ], [ 39.266539221310765, -4.108961332689907, 0.0 ], [ 39.261630702769004, -4.107860698608876, 0.0 ], [ 39.260211999830943, -4.102229000943511, 0.0 ], [ 39.262265621570187, -4.10039379760728, 0.0 ], [ 39.263374797091657, -4.095627639120645, 0.0 ], [ 39.26525677535431, -4.093945775884498, 0.0 ], [ 39.266435908843825, -4.09262591017888, 0.0 ], [ 39.275475667145649, -4.08757381432566, 0.0 ], [ 39.276483971997081, -4.083239204286757, 0.0 ], [ 39.281477091346446, -4.079345092251527, 0.0 ], [ 39.282262908834149, -4.078464909809485, 0.0 ], [ 39.285148311033893, -4.075887003449816, 0.0 ], [ 39.287304429974796, -4.076015531607355, 0.0 ], [ 39.289759908663974, -4.074299910087662, 0.0 ], [ 39.293139090602686, -4.073514091859929, 0.0 ], [ 39.296580096962977, -4.072592422947094, 0.0 ], [ 39.298263180206064, -4.068924456661636, 0.0 ], [ 39.298039066894155, -4.065160501025664, 0.0 ], [ 39.298262366215589, -4.061412001203477, 0.0 ], [ 39.298087468781013, -4.058476570999145, 0.0 ], [ 39.301159155573934, -4.054512500080696, 0.0 ], [ 39.307539659858229, -4.053321569557964, 0.0 ], [ 39.314099128324671, -4.044911848719144, 0.0 ], [ 39.31386240635473, -4.040940457392326, 0.0 ], [ 39.316069774650792, -4.038967776197131, 0.0 ], [ 39.317248908858666, -4.037647910134288, 0.0 ], [ 39.319795091134793, -4.036862091570468, 0.0 ], [ 39.322246908618503, -4.035981910316542, 0.0 ], [ 39.327216436597318, -4.034447694350982, 0.0 ], [ 39.327684999866747, -4.033923000948834, 0.0 ], [ 39.331697879755751, -4.034834502390359, 0.0 ], [ 39.33472604572377, -4.032622659077587, 0.0 ], [ 39.343341169771257, -4.031550903001788, 0.0 ], [ 39.349618768693901, -4.033964081550865, 0.0 ], [ 39.353970461159477, -4.03271946343625, 0.0 ], [ 39.355221181660511, -4.031157588136578, 0.0 ], [ 39.358135461082114, -4.029387462606779, 0.0 ], [ 39.358876538654044, -4.028462540326148, 0.0 ], [ 39.359801461399108, -4.027721463391041, 0.0 ], [ 39.361655373637767, -4.025406307801491, 0.0 ], [ 39.364753499933272, -4.025021126807724, 0.0 ], [ 39.366836000082664, -4.025280219288083, 0.0 ], [ 39.3701781679422, -4.024864532582759, 0.0 ], [ 39.372250499690892, -4.026082714397381, 0.0 ], [ 39.373870538774575, -4.025130540098596, 0.0 ], [ 39.380626460737062, -4.024389463296538, 0.0 ], [ 39.384877689871828, -4.021890463328601, 0.0 ], [ 39.390125426699846, -4.022843856854417, 0.0 ], [ 39.391827626688539, -4.024969471170712, 0.0 ], [ 39.396369672717164, -4.025534430630104, 0.0 ], [ 39.399262802853869, -4.021921374807667, 0.0 ], [ 39.402832744973566, -4.020900867641428, 0.0 ], [ 39.403858539233852, -4.018466539795016, 0.0 ], [ 39.405246330216343, -4.016105830921299, 0.0 ], [ 39.406357539436449, -4.013468539608498, 0.0 ], [ 39.410614460698341, -4.012727462590346, 0.0 ], [ 39.413021539077093, -4.010969539554674, 0.0 ], [ 39.419896143112666, -4.007135147697362, 0.0 ], [ 39.421457376688124, -4.005137576294059, 0.0 ], [ 39.421988730966852, -4.001844330729266, 0.0 ], [ 39.422591099706032, -3.99938357556908, 0.0 ], [ 39.423264864376797, -3.997671614059145, 0.0 ], [ 39.423758931433518, -3.991752029369745, 0.0 ], [ 39.429510795306911, -3.991178497765291, 0.0 ], [ 39.431994393810697, -3.987540017945851, 0.0 ], [ 39.433769218083647, -3.986540641558565, 0.0 ], [ 39.433910124314771, -3.984401052909397, 0.0 ], [ 39.4339798675583, -3.981976233227601, 0.0 ], [ 39.433694992824087, -3.980407406407809, 0.0 ], [ 39.434333701356692, -3.979622580535406, 0.0 ], [ 39.438310289387957, -3.979335201398159, 0.0 ], [ 39.440368345162227, -3.976838003387108, 0.0 ], [ 39.444133518205845, -3.979617344242234, 0.0 ], [ 39.455920823631438, -3.978041918582527, 0.0 ], [ 39.46124896911499, -3.981961375915178, 0.0 ], [ 39.464230801702762, -3.980675993081543, 0.0 ], [ 39.46479786620953, -3.978821434518734, 0.0 ], [ 39.469058877695367, -3.979246915507476, 0.0 ], [ 39.471118168670962, -3.979103104417486, 0.0 ], [ 39.473107625852798, -3.981027514565374, 0.0 ], [ 39.475664050635928, -3.980954722025012, 0.0 ], [ 39.479995548099559, -3.98045298654062, 0.0 ], [ 39.482906948821771, -3.980237331038589, 0.0 ], [ 39.486527804476424, -3.978880179780747, 0.0 ], [ 39.488090124033491, -3.978950570399229, 0.0 ], [ 39.489936325361015, -3.978735522537138, 0.0 ], [ 39.491073498034041, -3.980375125385423, 0.0 ], [ 39.492493709614571, -3.980302959016419, 0.0 ], [ 39.493842015938867, -3.978733185951505, 0.0 ], [ 39.496681534491636, -3.977091195623661, 0.0 ], [ 39.498457314732427, -3.977874602938007, 0.0 ], [ 39.500305014098615, -3.980155608244447, 0.0 ], [ 39.503145343809848, -3.979868608636543, 0.0 ], [ 39.507762467424847, -3.982005261249709, 0.0 ], [ 39.509821922094254, -3.982146618533468, 0.0 ], [ 39.512379171046049, -3.983428721647737, 0.0 ], [ 39.515361882676082, -3.983712120523308, 0.0 ], [ 39.516216080862144, -3.986992133424061, 0.0 ], [ 39.514164025531294, -3.99876061166726, 0.0 ], [ 39.515799712024986, -4.002539344365932, 0.0 ], [ 39.517576548353624, -4.004891657222438, 0.0 ], [ 39.519829791063039, -4.006712210283867, 0.0 ], [ 39.521858194959705, -4.011525957948079, 0.0 ], [ 39.524643538834098, -4.013560462647545, 0.0 ], [ 39.526771999920321, -4.013931000957269, 0.0 ] ] ] ] } },
{ "type": "Feature", "properties": { "OBJECTID_1": 469, "OBJECTID": 951, "WRUA_NAME": "Mlunguni", "SRO": "Coastal Athi", "Area": 144.617, "status": "Formed", "Basin": "ACA", "B_code": 20, "Areakm2": 144.73, "CentroidX": 39.093244, "CentroidY": -4.002081, "Subbasin": "3MA", "layer": "Mlunguni", "path": "X:/Mwache Catchment/Data/Vector/Mwache WRUA Subcatchment Boundary/Individual Mwache WRUAs/Mlunguni.shp" }, "geometry": { "type": "MultiPolygon", "coordinates": [ [ [ [ 39.232723000119776, -3.982277001365917, 0.0 ], [ 39.232443164048128, -3.98366316542412, 0.0 ], [ 39.231889999784045, -3.984776000558563, 0.0 ], [ 39.22810286003638, -3.984397938017911, 0.0 ], [ 39.227053475065901, -3.983134811889153, 0.0 ], [ 39.22332327776499, -3.98527140840815, 0.0 ], [ 39.217574032762606, -3.984208194397718, 0.0 ], [ 39.212888813884057, -3.985968760685674, 0.0 ], [ 39.211459943343321, -3.984248664981047, 0.0 ], [ 39.208258099220245, -3.982731937888859, 0.0 ], [ 39.205487398334455, -3.98722395509897, 0.0 ], [ 39.200328329567682, -3.986698042923473, 0.0 ], [ 39.195000871728809, -3.98788409169831, 0.0 ], [ 39.192361140116667, -3.991061938394944, 0.0 ], [ 39.186016430360951, -3.992768408275458, 0.0 ], [ 39.18480353611929, -3.9926447602154, 0.0 ], [ 39.181954741255815, -3.993715294616527, 0.0 ], [ 39.180699139826942, -3.995227140998923, 0.0 ], [ 39.177498517059142, -3.996166300300183, 0.0 ], [ 39.175635654831289, -3.995976353151596, 0.0 ], [ 39.173645892422407, -3.99711603416276, 0.0 ], [ 39.170248000374322, -3.996769492573558, 0.0 ], [ 39.168990364788343, -3.996897614787995, 0.0 ], [ 39.162888478262509, -3.995932831593683, 0.0 ], [ 39.159745204017, -3.999717124975808, 0.0 ], [ 39.159880647848794, -4.001046345665857, 0.0 ], [ 39.158490009575637, -4.003474166733421, 0.0 ], [ 39.155631859635982, -4.004312861229762, 0.0 ], [ 39.15393210072849, -4.00635956802927, 0.0 ], [ 39.148134859629586, -4.007644860898116, 0.0 ], [ 39.141513974181692, -4.01156744524843, 0.0 ], [ 39.14071513997677, -4.016052140739932, 0.0 ], [ 39.138766863794253, -4.017640860559899, 0.0 ], [ 39.137089474806103, -4.015621811705303, 0.0 ], [ 39.134884140223242, -4.016885140801394, 0.0 ], [ 39.133140860155386, -4.017640860780789, 0.0 ], [ 39.132064223662091, -4.018937135769738, 0.0 ], [ 39.126742053260372, -4.012529787680039, 0.0 ], [ 39.122389139959097, -4.014386141272128, 0.0 ], [ 39.119812859623188, -4.015141860866676, 0.0 ], [ 39.117174754793218, -4.017040515022616, 0.0 ], [ 39.114053039065084, -4.016722445716434, 0.0 ], [ 39.110262237641741, -4.021286049040027, 0.0 ], [ 39.105651859557284, -4.022638861119185, 0.0 ], [ 39.104063140049689, -4.023549141225145, 0.0 ], [ 39.100842993415903, -4.024493994012444, 0.0 ], [ 39.099783846734965, -4.028103796994484, 0.0 ], [ 39.096488859567053, -4.030135861228077, 0.0 ], [ 39.095733139657376, -4.031879140695258, 0.0 ], [ 39.094822859820802, -4.03263486056896, 0.0 ], [ 39.094067139878092, -4.0352111409626, 0.0 ], [ 39.092378770011507, -4.036613575425561, 0.0 ], [ 39.09156814026187, -4.03937614076427, 0.0 ], [ 39.090312539004593, -4.040419018233097, 0.0 ], [ 39.088236140347135, -4.045207141288829, 0.0 ], [ 39.084874041257784, -4.046665298077743, 0.0 ], [ 39.079500214746361, -4.043587508778499, 0.0 ], [ 39.0760067397147, -4.048504161594488, 0.0 ], [ 39.074908139954381, -4.051038141101513, 0.0 ], [ 39.069340707303127, -4.052030176147356, 0.0 ], [ 39.067788999854109, -4.054748000783102, 0.0 ], [ 39.065215566598461, -4.054310756786892, 0.0 ], [ 39.06284835023029, -4.051243950572845, 0.0 ], [ 39.058611764312118, -4.052909543718473, 0.0 ], [ 39.054877499752585, -4.052357599695542, 0.0 ], [ 39.051676876014454, -4.052830636695957, 0.0 ], [ 39.049912038916837, -4.051766203217886, 0.0 ], [ 39.049013961032692, -4.051898799204432, 0.0 ], [ 39.047434189115585, -4.050945811676696, 0.0 ], [ 39.043994810574858, -4.050220191425433, 0.0 ], [ 39.041546246190457, -4.047047632133713, 0.0 ], [ 39.03818699540296, -4.04438919085913, 0.0 ], [ 39.033273189255027, -4.048554191314322, 0.0 ], [ 39.031933800286936, -4.049279811613724, 0.0 ], [ 39.030758732847318, -4.045059495265777, 0.0 ], [ 39.028759208309552, -4.046265473703334, 0.0 ], [ 39.025722500137789, -4.045816841774306, 0.0 ], [ 39.023640000058386, -4.046124742860178, 0.0 ], [ 39.022390499908816, -4.045940084047848, 0.0 ], [ 39.020019623063746, -4.046290285063767, 0.0 ], [ 39.018930376832756, -4.044879716585568, 0.0 ], [ 39.015216449872561, -4.045428406598015, 0.0 ], [ 39.014060499848064, -4.049579984904392, 0.0 ], [ 39.011653830348727, -4.051778811909665, 0.0 ], [ 39.008283188862983, -4.049279812154003, 0.0 ], [ 39.005973729315649, -4.048554191067852, 0.0 ], [ 39.004951188809962, -4.051053190553509, 0.0 ], [ 39.00364799973304, -4.051416001013051, 0.0 ], [ 39.003262411607167, -4.050968589284585, 0.0 ], [ 39.002984610379457, -4.047512533971007, 0.0 ], [ 38.999868588075721, -4.043533413130183, 0.0 ], [ 38.99765511766067, -4.038573240291763, 0.0 ], [ 38.995703587699396, -4.037702412909914, 0.0 ], [ 38.994099412349954, -4.03514158858461, 0.0 ], [ 38.992368334058483, -4.033650080106552, 0.0 ], [ 38.984812764187311, -4.031933237286109, 0.0 ], [ 38.980081990842244, -4.029293913133989, 0.0 ], [ 38.979074500254491, -4.029374853613907, 0.0 ], [ 38.977825000163364, -4.029274389399449, 0.0 ], [ 38.976575500046565, -4.029374854121768, 0.0 ], [ 38.975742499860935, -4.02930814884491, 0.0 ], [ 38.974493000356894, -4.029408613074823, 0.0 ], [ 38.972826999549895, -4.029274388606661, 0.0 ], [ 38.970701792195179, -4.029445219012571, 0.0 ], [ 38.964497000112289, -4.02809200121129, 0.0 ], [ 38.9641341887286, -4.026788811683444, 0.0 ], [ 38.962360810753822, -4.024397191152405, 0.0 ], [ 38.961635188965118, -4.022623811680157, 0.0 ], [ 38.960662678073483, -4.021011500853442, 0.0 ], [ 38.962043555055132, -4.018722378417925, 0.0 ], [ 38.961150763814459, -4.012681501362012, 0.0 ], [ 38.961642916652586, -4.009349501060031, 0.0 ], [ 38.961426532722527, -4.007885649768914, 0.0 ], [ 38.959028811382559, -4.006904191160308, 0.0 ], [ 38.956461478646112, -4.003577885045848, 0.0 ], [ 38.957581636429531, -4.001721124847899, 0.0 ], [ 38.957350201943825, -4.000153961700113, 0.0 ], [ 38.95831579794298, -3.998553040385486, 0.0 ], [ 38.958003423168137, -3.996438001059675, 0.0 ], [ 38.958372741957199, -3.993939001127798, 0.0 ], [ 38.95800545659214, -3.991454236692968, 0.0 ], [ 38.958665999601585, -3.989774001187038, 0.0 ], [ 38.959863031399003, -3.990805082848156, 0.0 ], [ 38.961017761106859, -3.993393158042489, 0.0 ], [ 38.966296817392838, -3.99498228519982, 0.0 ], [ 38.97079493582514, -3.997492267240341, 0.0 ], [ 38.974112292731824, -3.998490808788366, 0.0 ], [ 38.974000846811421, -3.99987941398968, 0.0 ], [ 38.978628715127279, -4.000251172656375, 0.0 ], [ 38.982437412158369, -3.998551413185245, 0.0 ], [ 38.985423685285816, -3.996885412584037, 0.0 ], [ 38.991000880111606, -3.997690347880409, 0.0 ], [ 38.99556000915701, -4.000234089745112, 0.0 ], [ 38.997830828582842, -4.000051464295682, 0.0 ], [ 39.000117918410851, -4.001071969649326, 0.0 ], [ 39.002181707740952, -4.003467658737678, 0.0 ], [ 39.003231499916538, -4.003551853582819, 0.0 ], [ 39.004897499860498, -4.003418036648663, 0.0 ], [ 39.009238618212045, -4.003767018327151, 0.0 ], [ 39.011779917961881, -4.002633031866596, 0.0 ], [ 39.013196588109651, -4.000988589431396, 0.0 ], [ 39.014091411924696, -4.000217412864346, 0.0 ], [ 39.01544788414369, -3.998643335873284, 0.0 ], [ 39.018198654720074, -3.998422069732941, 0.0 ], [ 39.020383652931947, -4.000958490379434, 0.0 ], [ 39.021557499895756, -4.001052854419926, 0.0 ], [ 39.022413683837016, -4.000984114987647, 0.0 ], [ 39.025757886382124, -4.002849823107821, 0.0 ], [ 39.0286416612389, -4.002618388722032, 0.0 ], [ 39.032031824169103, -4.00553917673828, 0.0 ], [ 39.033773883827585, -4.007560666445196, 0.0 ], [ 39.036135000022504, -4.007750612906866, 0.0 ], [ 39.038217499747702, -4.007583037019655, 0.0 ], [ 39.042798999866804, -4.007951134793073, 0.0 ], [ 39.0465474998025, -4.007650149364759, 0.0 ], [ 39.048186654960418, -4.007781932240482, 0.0 ], [ 39.049502454213176, -4.006254223117187, 0.0 ], [ 39.05407541240627, -4.005215412559169, 0.0 ], [ 39.056080631994512, -4.002014382891526, 0.0 ], [ 39.061696467250442, -3.999508467740407, 0.0 ], [ 39.064009587665389, -3.996823588972562, 0.0 ], [ 39.06657041194326, -3.996052412570537, 0.0 ], [ 39.067410327276278, -3.992355161747794, 0.0 ], [ 39.071133201830335, -3.993722210297177, 0.0 ], [ 39.074036499963441, -3.993489149146088, 0.0 ], [ 39.077058565001124, -3.99373197056808, 0.0 ], [ 39.079127235995983, -3.991949237054202, 0.0 ], [ 39.080669587647712, -3.988493588709038, 0.0 ], [ 39.083657893706494, -3.987593680906718, 0.0 ], [ 39.082037042208853, -3.984688552310986, 0.0 ], [ 39.08794654204349, -3.979800371784323, 0.0 ], [ 39.090727411697948, -3.978559413263491, 0.0 ], [ 39.092331587717702, -3.977664589338578, 0.0 ], [ 39.097657012119875, -3.976852942831508, 0.0 ], [ 39.100475707781463, -3.973581342683827, 0.0 ], [ 39.104583357724756, -3.973251274740983, 0.0 ], [ 39.111096458301404, -3.974672011853117, 0.0 ], [ 39.113280236227268, -3.972790441413929, 0.0 ], [ 39.115593764097973, -3.967606561432299, 0.0 ], [ 39.116935999689623, -3.966450000699159, 0.0 ], [ 39.121563461183257, -3.962747666285091, 0.0 ], [ 39.122304538637593, -3.961822336327012, 0.0 ], [ 39.124062460938298, -3.961081665567265, 0.0 ], [ 39.12480353862631, -3.960156336176021, 0.0 ], [ 39.129893460853651, -3.959415666035601, 0.0 ], [ 39.130642673048605, -3.958479965362657, 0.0 ], [ 39.133745680188817, -3.958865958835486, 0.0 ], [ 39.134891461130053, -3.956916666394336, 0.0 ], [ 39.136267864311087, -3.953650760899938, 0.0 ], [ 39.137853330382939, -3.952381126689639, 0.0 ], [ 39.139260643930498, -3.950623610864587, 0.0 ], [ 39.141463539381711, -3.951918665639118, 0.0 ], [ 39.143221460639957, -3.952659335968009, 0.0 ], [ 39.144795539120494, -3.953584666422225, 0.0 ], [ 39.148589999568479, -3.953955000564066, 0.0 ], [ 39.15570914043623, -3.95433306370335, 0.0 ], [ 39.156989958800665, -3.955874806150125, 0.0 ], [ 39.159962808885609, -3.956177825973226, 0.0 ], [ 39.164039139672305, -3.954409937981493, 0.0 ], [ 39.164794860239496, -3.953500064247714, 0.0 ], [ 39.166920473620188, -3.952578191820341, 0.0 ], [ 39.170703139680299, -3.950244938074574, 0.0 ], [ 39.171914000292169, -3.948787187953426, 0.0 ], [ 39.173124859939115, -3.950244938341205, 0.0 ], [ 39.17403513987481, -3.951001064339196, 0.0 ], [ 39.174790859578785, -3.951910937666367, 0.0 ], [ 39.175701140123145, -3.952667064369039, 0.0 ], [ 39.176658194567288, -3.953819151091506, 0.0 ], [ 39.182045444376293, -3.953270054411559, 0.0 ], [ 39.186994635230413, -3.956832064252067, 0.0 ], [ 39.189862140001466, -3.95607593783974, 0.0 ], [ 39.192245626379425, -3.954710924244251, 0.0 ], [ 39.194860139678617, -3.953576938342537, 0.0 ], [ 39.195621960979949, -3.952659743010587, 0.0 ], [ 39.19648749990688, -3.952748005103599, 0.0 ], [ 39.20035476837554, -3.952353875669265, 0.0 ], [ 39.20204883316967, -3.958126916203772, 0.0 ], [ 39.204085370951908, -3.96057873370089, 0.0 ], [ 39.208982500355766, -3.961078004603377, 0.0 ], [ 39.210655414721998, -3.960907379061415, 0.0 ], [ 39.21485213997385, -3.963496064101432, 0.0 ], [ 39.215607860348037, -3.964405937789559, 0.0 ], [ 39.218222374206164, -3.965539923623859, 0.0 ], [ 39.220658328588549, -3.966934833269872, 0.0 ], [ 39.222066863706509, -3.965238937985136, 0.0 ], [ 39.225311007596481, -3.96649779311585, 0.0 ], [ 39.227354054967407, -3.969336622792516, 0.0 ], [ 39.227183631161139, -3.971008519773109, 0.0 ], [ 39.232258912382385, -3.974614458621248, 0.0 ], [ 39.229846140215699, -3.976618864694012, 0.0 ], [ 39.23070720505806, -3.98168539973077, 0.0 ], [ 39.232723000119776, -3.982277001365917, 0.0 ] ] ] ] } },
{ "type": "Feature", "properties": { "OBJECTID_1": 504, "OBJECTID": 986, "WRUA_NAME": "Mwachiga", "SRO": "Coastal Athi", "Area": 115.62573647000001, "status": "Formed", "Basin": "ACA", "B_code": 20, "Areakm2": 145.8, "CentroidX": 39.481453, "CentroidY": -3.934695, "Subbasin": "3MB", "layer": "Mwachiga WRUA Reduced Map", "path": "X:/Mwache Catchment/Mwache WRUAS Grants Proposals/Mwachiga WRUA Reduced Map.shp" }, "geometry": { "type": "MultiPolygon", "coordinates": [ [ [ [ 39.545097999859571, -3.986442000663101, 0.0 ], [ 39.543265237174666, -3.989322725148456, 0.0 ], [ 39.546666382576426, -3.995108780783694, 0.0 ], [ 39.545455116731823, -3.997984012798748, 0.0 ], [ 39.543802539087139, -3.999307538651307, 0.0 ], [ 39.542228462173263, -4.001898463311813, 0.0 ], [ 39.54176600130846, -4.002269001153733, 0.0 ], [ 39.540994823803047, -4.0013741774347, 0.0 ], [ 39.538954217936364, -3.999615846936431, 0.0 ], [ 39.531397834716778, -4.003831689309498, 0.0 ], [ 39.527812029737078, -4.007993434720101, 0.0 ], [ 39.52811626999398, -4.011777321647978, 0.0 ], [ 39.526771999920321, -4.013931000957269, 0.0 ], [ 39.524643538834098, -4.013560462647545, 0.0 ], [ 39.521858194959705, -4.011525957948079, 0.0 ], [ 39.519829791063039, -4.006712210283867, 0.0 ], [ 39.517516669789757, -4.004860330845359, 0.0 ], [ 39.515852703729443, -4.002781898440153, 0.0 ], [ 39.514155674621797, -3.998733939339828, 0.0 ], [ 39.516221953416569, -3.986998733089571, 0.0 ], [ 39.515360649487633, -3.983711593028383, 0.0 ], [ 39.512379121404926, -3.983428193409624, 0.0 ], [ 39.509815954002498, -3.982144905361694, 0.0 ], [ 39.507756499336494, -3.982003548062307, 0.0 ], [ 39.50310625098794, -3.979890687836203, 0.0 ], [ 39.500246938575657, -3.980101627965561, 0.0 ], [ 39.498456080846339, -3.977872886807183, 0.0 ], [ 39.496689766078902, -3.977084719339244, 0.0 ], [ 39.493829721509321, -3.978707704273197, 0.0 ], [ 39.492467229605793, -3.980306012440544, 0.0 ], [ 39.491078567009069, -3.98035755734847, 0.0 ], [ 39.489941404654843, -3.978735387442713, 0.0 ], [ 39.488073103987098, -3.978939354740698, 0.0 ], [ 39.48652025372855, -3.97887054329768, 0.0 ], [ 39.482903349253036, -3.980237993492952, 0.0 ], [ 39.47930474793182, -3.980533290817979, 0.0 ], [ 39.475662817848594, -3.98095485480661, 0.0 ], [ 39.473107181343359, -3.981026326208612, 0.0 ], [ 39.47111654129418, -3.979103105350003, 0.0 ], [ 39.469059026311193, -3.979248104036105, 0.0 ], [ 39.464797422379249, -3.978821434769637, 0.0 ], [ 39.464230800454537, -3.980673764430657, 0.0 ], [ 39.46124896911499, -3.981961375915195, 0.0 ], [ 39.455966999618688, -3.97811200111092, 0.0 ], [ 39.455339403433356, -3.975403734107372, 0.0 ], [ 39.45643718903969, -3.973584191201338, 0.0 ], [ 39.457525621019258, -3.970924325580957, 0.0 ], [ 39.459423462354451, -3.967778002203479, 0.0 ], [ 39.462685095787215, -3.959680046053568, 0.0 ], [ 39.466585310139763, -3.955078411982269, 0.0 ], [ 39.465129999865162, -3.953955000877504, 0.0 ], [ 39.465459228314906, -3.95143925463187, 0.0 ], [ 39.465515588255798, -3.951008589232261, 0.0 ], [ 39.466410411743638, -3.949404413127242, 0.0 ], [ 39.467181588000273, -3.946942630322078, 0.0 ], [ 39.463016588076385, -3.941907413309406, 0.0 ], [ 39.461750004729204, -3.939068787434783, 0.0 ], [ 39.460579412292709, -3.935181588679901, 0.0 ], [ 39.457953102555024, -3.931828234590737, 0.0 ], [ 39.458082853425964, -3.930214500601012, 0.0 ], [ 39.457965304770262, -3.928748210224162, 0.0 ], [ 39.452989675947883, -3.92652802919172, 0.0 ], [ 39.450365806893146, -3.92506417795114, 0.0 ], [ 39.447302254144596, -3.925310253796086, 0.0 ], [ 39.445585411977582, -3.92435258878808, 0.0 ], [ 39.442511283994122, -3.923426853010445, 0.0 ], [ 39.437194807686396, -3.923854130938417, 0.0 ], [ 39.435108240834829, -3.916922903996953, 0.0 ], [ 39.429792577900386, -3.914550807000436, 0.0 ], [ 39.431480134883692, -3.908384451038591, 0.0 ], [ 39.430841148913693, -3.90043414117188, 0.0 ], [ 39.432364791284627, -3.894867317701686, 0.0 ], [ 39.432191113832388, -3.89270631725652, 0.0 ], [ 39.433090412014352, -3.891094412895244, 0.0 ], [ 39.434088548187354, -3.887779903340513, 0.0 ], [ 39.437640999703156, -3.88731500107645, 0.0 ], [ 39.437241583257105, -3.885125731601766, 0.0 ], [ 39.43336170742964, -3.878396247435587, 0.0 ], [ 39.427516471321262, -3.874734993084869, 0.0 ], [ 39.425527114303208, -3.871929108552683, 0.0 ], [ 39.425629611827276, -3.870655000832554, 0.0 ], [ 39.42526110685754, -3.866073500605891, 0.0 ], [ 39.425696317248111, -3.860659000632535, 0.0 ], [ 39.425457562196733, -3.857686761193788, 0.0 ], [ 39.426364588223201, -3.852714588875558, 0.0 ], [ 39.430515351603937, -3.850114718053374, 0.0 ], [ 39.432195588251176, -3.842718589218217, 0.0 ], [ 39.43264299979073, -3.842333000924567, 0.0 ], [ 39.435141999647378, -3.841415196067474, 0.0 ], [ 39.438859587731862, -3.842780412745492, 0.0 ], [ 39.442253412154862, -3.843551588910108, 0.0 ], [ 39.443857588340705, -3.846112413143574, 0.0 ], [ 39.445275883670867, -3.84733425527691, 0.0 ], [ 39.446418411800039, -3.849382589419478, 0.0 ], [ 39.447360417644568, -3.851493357316657, 0.0 ], [ 39.451416412364566, -3.852714588549952, 0.0 ], [ 39.454752478772839, -3.85507997534181, 0.0 ], [ 39.457632999617537, -3.855311410304027, 0.0 ], [ 39.462379228755509, -3.854930092347173, 0.0 ], [ 39.465885720211816, -3.860528234709024, 0.0 ], [ 39.468909412346534, -3.861877589387772, 0.0 ], [ 39.470670589091334, -3.864688964195215, 0.0 ], [ 39.472241412130174, -3.86604258866515, 0.0 ], [ 39.474168945283175, -3.8682798525664, 0.0 ], [ 39.481233988827327, -3.874366690804729, 0.0 ], [ 39.481789999801478, -3.87981800066762, 0.0 ], [ 39.484862094008413, -3.879063501958244, 0.0 ], [ 39.4864479672447, -3.880158237950324, 0.0 ], [ 39.487961033380017, -3.882809765342285, 0.0 ], [ 39.489779967244168, -3.883490238328954, 0.0 ], [ 39.491293033141808, -3.884475764703863, 0.0 ], [ 39.493451999861435, -3.884816000937005, 0.0 ], [ 39.496336588058981, -3.886929413255844, 0.0 ], [ 39.49871275322441, -3.887989779850995, 0.0 ], [ 39.500130643043477, -3.904951986378533, 0.0 ], [ 39.502167587961637, -3.906088413345729, 0.0 ], [ 39.506941882065789, -3.906959443231548, 0.0 ], [ 39.509726411912752, -3.909358588840214, 0.0 ], [ 39.51049758813155, -3.911086412685369, 0.0 ], [ 39.511392412142435, -3.911857589430143, 0.0 ], [ 39.512163587562405, -3.912752412732354, 0.0 ], [ 39.513058412129382, -3.913523589040854, 0.0 ], [ 39.513829588170893, -3.914418413051832, 0.0 ], [ 39.518056412039677, -3.915189589355625, 0.0 ], [ 39.518827588236086, -3.916084413243057, 0.0 ], [ 39.523568528595227, -3.917883619893922, 0.0 ], [ 39.523887411724637, -3.921853589290256, 0.0 ], [ 39.524272999574023, -3.922301000934433, 0.0 ], [ 39.521773999889767, -3.922942223708512, 0.0 ], [ 39.522417460168164, -3.925811559318246, 0.0 ], [ 39.520108000010829, -3.930631001010995, 0.0 ], [ 39.521540939139072, -3.931697061719594, 0.0 ], [ 39.523317572302588, -3.934085428840026, 0.0 ], [ 39.525511111274383, -3.935717060097863, 0.0 ], [ 39.526294489174802, -3.938605714982843, 0.0 ], [ 39.528082510828824, -3.942648286551895, 0.0 ], [ 39.528847991712304, -3.949958390702788, 0.0 ], [ 39.53232316402169, -3.951339470723978, 0.0 ], [ 39.535531108703232, -3.955651506262833, 0.0 ], [ 39.539960081942141, -3.958259715573939, 0.0 ], [ 39.542121489258292, -3.961929715387322, 0.0 ], [ 39.543960759599479, -3.963297983450528, 0.0 ], [ 39.543460878033294, -3.966202094158264, 0.0 ], [ 39.544620489211482, -3.967760714765686, 0.0 ], [ 39.547095492407827, -3.969602018825666, 0.0 ], [ 39.545989163551035, -3.976029500964015, 0.0 ], [ 39.546761560271399, -3.980518264978369, 0.0 ], [ 39.545453488595179, -3.982632286637786, 0.0 ], [ 39.545097999859571, -3.986442000663101, 0.0 ] ] ] ] } },
{ "type": "Feature", "properties": { "OBJECTID_1": 477, "OBJECTID": 959, "WRUA_NAME": "Mwadudua Vigurungani", "SRO": "Coastal Athi", "Area": 170.095, "status": "Formed", "Basin": "ACA", "B_code": 20, "Areakm2": 170.23, "CentroidX": 39.180794, "CentroidY": -4.023681, "Subbasin": "3MA", "layer": "Mwadudua Vigurungani", "path": "X:/Mwache Catchment/Data/Vector/Mwache WRUA Subcatchment Boundary/Individual Mwache WRUAs/Mwadudua Vigurungani.shp" }, "geometry": { "type": "MultiPolygon", "coordinates": [ [ [ [ 39.291403538778205, -3.968341537350381, 0.0 ], [ 39.290576232655575, -3.972327166034714, 0.0 ], [ 39.288996462119677, -3.976075665376575, 0.0 ], [ 39.287238538741612, -3.976816336070774, 0.0 ], [ 39.286868000388367, -3.977279001063314, 0.0 ], [ 39.284824140218639, -3.981065938009296, 0.0 ], [ 39.281407131939552, -3.981823690958039, 0.0 ], [ 39.281812243403216, -3.98579793124175, 0.0 ], [ 39.279844443024572, -3.987432409026956, 0.0 ], [ 39.278671409680157, -3.990137828847037, 0.0 ], [ 39.272933960118309, -3.99116036856669, 0.0 ], [ 39.271426181252018, -3.996297676021952, 0.0 ], [ 39.268164140095088, -4.000225141131173, 0.0 ], [ 39.264217152249905, -4.00110003492343, 0.0 ], [ 39.261014088129656, -4.006692686677313, 0.0 ], [ 39.259001140419272, -4.01355314059809, 0.0 ], [ 39.256734793705952, -4.015435525835462, 0.0 ], [ 39.256208881900385, -4.020595000729097, 0.0 ], [ 39.256651412553659, -4.024938965750566, 0.0 ], [ 39.25336252738137, -4.03252260080774, 0.0 ], [ 39.250216000212063, -4.032843111326754, 0.0 ], [ 39.248100961007843, -4.032627540151266, 0.0 ], [ 39.246737166960457, -4.034269542345479, 0.0 ], [ 39.24560765533667, -4.034384649054266, 0.0 ], [ 39.243995345147582, -4.033461353432175, 0.0 ], [ 39.239182004419455, -4.033951879774209, 0.0 ], [ 39.235677139958483, -4.032634861173454, 0.0 ], [ 39.2343889999552, -4.032257000760628, 0.0 ], [ 39.231237998699989, -4.036195855230593, 0.0 ], [ 39.231596742008826, -4.039079628698792, 0.0 ], [ 39.230686461374582, -4.040216462880872, 0.0 ], [ 39.228928538892156, -4.040957540176047, 0.0 ], [ 39.227891356068795, -4.042252187933313, 0.0 ], [ 39.225084455259946, -4.040602050380313, 0.0 ], [ 39.222264539137022, -4.041790539588783, 0.0 ], [ 39.219055373911999, -4.044134571692402, 0.0 ], [ 39.213974806157587, -4.045587035202045, 0.0 ], [ 39.213166616555142, -4.052956319077881, 0.0 ], [ 39.210694461416232, -4.056043463446111, 0.0 ], [ 39.20853549514505, -4.057772506837596, 0.0 ], [ 39.20660430118901, -4.064526803427979, 0.0 ], [ 39.204030460713682, -4.066039463338376, 0.0 ], [ 39.200890849287823, -4.067362581703646, 0.0 ], [ 39.198569999717606, -4.073074001370811, 0.0 ], [ 39.198122588005219, -4.074292589324466, 0.0 ], [ 39.196442758971124, -4.079871817964085, 0.0 ], [ 39.192654805429974, -4.084268658654731, 0.0 ], [ 39.186085167858245, -4.086056679668202, 0.0 ], [ 39.183945724865879, -4.089472875039855, 0.0 ], [ 39.179304434604518, -4.091543987392408, 0.0 ], [ 39.175583186304344, -4.094182090770291, 0.0 ], [ 39.171323008864107, -4.095150128431166, 0.0 ], [ 39.169538241644581, -4.097221646158653, 0.0 ], [ 39.166791944826798, -4.09485605610965, 0.0 ], [ 39.164271388132768, -4.091929981060725, 0.0 ], [ 39.160099065669421, -4.090788266913945, 0.0 ], [ 39.157779437563917, -4.092082507724024, 0.0 ], [ 39.147309588064722, -4.091014412695513, 0.0 ], [ 39.145046088950359, -4.087400949964524, 0.0 ], [ 39.141482654564392, -4.087687293654705, 0.0 ], [ 39.140292132418814, -4.086305604265936, 0.0 ], [ 39.135687448295215, -4.087996414720694, 0.0 ], [ 39.132514483447459, -4.084313399909787, 0.0 ], [ 39.128150588126445, -4.083517413415558, 0.0 ], [ 39.124016906606343, -4.080586456887234, 0.0 ], [ 39.11482258832131, -4.081789588832416, 0.0 ], [ 39.111486519885766, -4.084155178625801, 0.0 ], [ 39.108779677366662, -4.084372377170817, 0.0 ], [ 39.105783235784244, -4.080894765061069, 0.0 ], [ 39.101154960966269, -4.078829348198996, 0.0 ], [ 39.099381176162346, -4.077300824821881, 0.0 ], [ 39.097838824343995, -4.075511177280431, 0.0 ], [ 39.096496588377974, -4.074354413273182, 0.0 ], [ 39.094892411885269, -4.071793588833037, 0.0 ], [ 39.08597752203103, -4.070884122119454, 0.0 ], [ 39.084896411618104, -4.068461589327397, 0.0 ], [ 39.082335587662634, -4.06769041282927, 0.0 ], [ 39.080907937144296, -4.064491416758207, 0.0 ], [ 39.079065411829752, -4.063463589216552, 0.0 ], [ 39.077337587678358, -4.062692412693645, 0.0 ], [ 39.07585787367929, -4.059376275804469, 0.0 ], [ 39.073172587794708, -4.057694413149013, 0.0 ], [ 39.070735412037678, -4.055966588692792, 0.0 ], [ 39.06862200035291, -4.055581000776085, 0.0 ], [ 39.068622000366318, -4.054748000938444, 0.0 ], [ 39.067788999854109, -4.054748000783102, 0.0 ], [ 39.069340707303127, -4.052030176147356, 0.0 ], [ 39.074908139954381, -4.051038141101513, 0.0 ], [ 39.0760067397147, -4.048504161594488, 0.0 ], [ 39.079500214746361, -4.043587508778499, 0.0 ], [ 39.084874041257784, -4.046665298077743, 0.0 ], [ 39.088236140347135, -4.045207141288829, 0.0 ], [ 39.090312539004593, -4.040419018233097, 0.0 ], [ 39.09156814026187, -4.03937614076427, 0.0 ], [ 39.092378770011507, -4.036613575425561, 0.0 ], [ 39.094067139878092, -4.0352111409626, 0.0 ], [ 39.094822859820802, -4.03263486056896, 0.0 ], [ 39.095733139657376, -4.031879140695258, 0.0 ], [ 39.096488859567053, -4.030135861228077, 0.0 ], [ 39.099783846734965, -4.028103796994484, 0.0 ], [ 39.100842993415903, -4.024493994012444, 0.0 ], [ 39.104063140049689, -4.023549141225145, 0.0 ], [ 39.105651859557284, -4.022638861119185, 0.0 ], [ 39.110262237641741, -4.021286049040027, 0.0 ], [ 39.114053039065084, -4.016722445716434, 0.0 ], [ 39.117174754793218, -4.017040515022616, 0.0 ], [ 39.119812859623188, -4.015141860866676, 0.0 ], [ 39.122389139959097, -4.014386141272128, 0.0 ], [ 39.126742053260372, -4.012529787680039, 0.0 ], [ 39.132064223662091, -4.018937135769738, 0.0 ], [ 39.133140860155386, -4.017640860780789, 0.0 ], [ 39.134884140223242, -4.016885140801394, 0.0 ], [ 39.137089474806103, -4.015621811705303, 0.0 ], [ 39.138766863794253, -4.017640860559899, 0.0 ], [ 39.14071513997677, -4.016052140739932, 0.0 ], [ 39.141513974181692, -4.01156744524843, 0.0 ], [ 39.148134859629586, -4.007644860898116, 0.0 ], [ 39.15393210072849, -4.00635956802927, 0.0 ], [ 39.155631859635982, -4.004312861229762, 0.0 ], [ 39.158490009575637, -4.003474166733421, 0.0 ], [ 39.159880647848794, -4.001046345665857, 0.0 ], [ 39.159745204017, -3.999717124975808, 0.0 ], [ 39.162888478262509, -3.995932831593683, 0.0 ], [ 39.168990364788343, -3.996897614787995, 0.0 ], [ 39.170248000374322, -3.996769492573558, 0.0 ], [ 39.173645892422407, -3.99711603416276, 0.0 ], [ 39.175635654831289, -3.995976353151596, 0.0 ], [ 39.177498517059142, -3.996166300300183, 0.0 ], [ 39.180699139826942, -3.995227140998923, 0.0 ], [ 39.181954741255815, -3.993715294616527, 0.0 ], [ 39.18480353611929, -3.9926447602154, 0.0 ], [ 39.186016430360951, -3.992768408275458, 0.0 ], [ 39.192361140116667, -3.991061938394944, 0.0 ], [ 39.195000871728809, -3.98788409169831, 0.0 ], [ 39.200328329567682, -3.986698042923473, 0.0 ], [ 39.205487398334455, -3.98722395509897, 0.0 ], [ 39.208258099220245, -3.982731937888859, 0.0 ], [ 39.211459943343321, -3.984248664981047, 0.0 ], [ 39.212888813884057, -3.985968760685674, 0.0 ], [ 39.217574032762606, -3.984208194397718, 0.0 ], [ 39.22332327776499, -3.98527140840815, 0.0 ], [ 39.227053475065901, -3.983134811889153, 0.0 ], [ 39.22810286003638, -3.984397938017911, 0.0 ], [ 39.231889999784045, -3.984776000558563, 0.0 ], [ 39.232443164048128, -3.98366316542412, 0.0 ], [ 39.232723000119776, -3.982277001365917, 0.0 ], [ 39.234165371593235, -3.981726446519315, 0.0 ], [ 39.234880396381236, -3.981696321940129, 0.0 ], [ 39.236310359470778, -3.981336866165916, 0.0 ], [ 39.237350461298909, -3.981073666424448, 0.0 ], [ 39.238091538935855, -3.979315336196451, 0.0 ], [ 39.23956962467588, -3.976801084002188, 0.0 ], [ 39.242206102630945, -3.974689705229037, 0.0 ], [ 39.244847460900559, -3.973576666401621, 0.0 ], [ 39.246814040713154, -3.972420715855671, 0.0 ], [ 39.252136617830693, -3.970898904298367, 0.0 ], [ 39.253085539441848, -3.96791486878981, 0.0 ], [ 39.251010766922995, -3.962517451951539, 0.0 ], [ 39.25268246071483, -3.959673741388334, 0.0 ], [ 39.250679682136827, -3.952660353329404, 0.0 ], [ 39.249753538893401, -3.951918665756712, 0.0 ], [ 39.249012460949146, -3.948494336065353, 0.0 ], [ 39.247843902187299, -3.94545417136439, 0.0 ], [ 39.248259996388974, -3.942108748588699, 0.0 ], [ 39.250929011588667, -3.940984117275201, 0.0 ], [ 39.251881999764151, -3.939794001063932, 0.0 ], [ 39.253951484186651, -3.938464779882453, 0.0 ], [ 39.256409811214368, -3.939431190281625, 0.0 ], [ 39.26145702614339, -3.940288594744165, 0.0 ], [ 39.263101469433998, -3.946193620926417, 0.0 ], [ 39.268125500356838, -3.946936121837749, 0.0 ], [ 39.268958499629683, -3.94681287990882, 0.0 ], [ 39.269803296107881, -3.946937748587595, 0.0 ], [ 39.274564558788796, -3.949736206607843, 0.0 ], [ 39.275780059253876, -3.95124528209819, 0.0 ], [ 39.277140334238084, -3.955049209932068, 0.0 ], [ 39.279857940895397, -3.95677170798808, 0.0 ], [ 39.279833461783682, -3.960251919435551, 0.0 ], [ 39.281861052063178, -3.965613340576732, 0.0 ], [ 39.291403538778205, -3.968341537350381, 0.0 ] ] ] ] } },
{ "type": "Feature", "properties": { "OBJECTID_1": 480, "OBJECTID": 962, "WRUA_NAME": "Mwang'ombe", "SRO": "Coastal Athi", "Area": 176.329, "status": "Formed", "Basin": "ACA", "B_code": 20, "Areakm2": 176.47, "CentroidX": 39.236718, "CentroidY": -3.714931, "Subbasin": "3MB", "layer": "Mwang'ombe", "path": "X:/Mwache Catchment/Data/Vector/Mwache WRUA Subcatchment Boundary/Individual Mwache WRUAs/Mwang'ombe.shp" }, "geometry": { "type": "MultiPolygon", "coordinates": [ [ [ [ 39.357673000123107, -3.730711001147442, 0.0 ], [ 39.357306121570964, -3.733711712726404, 0.0 ], [ 39.353523049107302, -3.736516579826236, 0.0 ], [ 39.349027778345324, -3.738356461402969, 0.0 ], [ 39.348527082784805, -3.741743369949604, 0.0 ], [ 39.350283378881329, -3.743098825659334, 0.0 ], [ 39.352674999563867, -3.749037001041333, 0.0 ], [ 39.351738687899626, -3.750295856001698, 0.0 ], [ 39.347276769708117, -3.751213863985174, 0.0 ], [ 39.344652086635229, -3.754741709412841, 0.0 ], [ 39.338900808385837, -3.756453670257241, 0.0 ], [ 39.33491233310054, -3.757140447761669, 0.0 ], [ 39.333160511178605, -3.756056287360565, 0.0 ], [ 39.329886673731302, -3.7547553349238, 0.0 ], [ 39.328648969743405, -3.753091367995243, 0.0 ], [ 39.324470141317562, -3.751411539431468, 0.0 ], [ 39.313879489393372, -3.753557286911818, 0.0 ], [ 39.31180471682783, -3.754841359860492, 0.0 ], [ 39.307554709362279, -3.753152581579831, 0.0 ], [ 39.307204913551899, -3.751119501163293, 0.0 ], [ 39.30739730079511, -3.750001580598277, 0.0 ], [ 39.305549489429524, -3.747015714934609, 0.0 ], [ 39.304467565126828, -3.744293822722218, 0.0 ], [ 39.303111499791093, -3.744527290212134, 0.0 ], [ 39.298567826756262, -3.743744929048665, 0.0 ], [ 39.293093943420772, -3.745374322655651, 0.0 ], [ 39.291063504594739, -3.744117501666742, 0.0 ], [ 39.287701000213033, -3.743206001326295, 0.0 ], [ 39.28717630815752, -3.744994429414111, 0.0 ], [ 39.283543320756962, -3.749367882665769, 0.0 ], [ 39.280203999894134, -3.749708118878617, 0.0 ], [ 39.277139634077372, -3.749395947807463, 0.0 ], [ 39.271132922972463, -3.750290568193171, 0.0 ], [ 39.2681641401335, -3.751990937918057, 0.0 ], [ 39.264767874637847, -3.752987650228451, 0.0 ], [ 39.262256267021883, -3.759692730800845, 0.0 ], [ 39.260589860322547, -3.761077063629673, 0.0 ], [ 39.259809328789203, -3.762016833101056, 0.0 ], [ 39.258156344582034, -3.761070353048889, 0.0 ], [ 39.256880000057116, -3.76120030611821, 0.0 ], [ 39.254797499905571, -3.760988191637175, 0.0 ], [ 39.250092757740994, -3.761467736234928, 0.0 ], [ 39.242263859850851, -3.758654937564205, 0.0 ], [ 39.238000429153317, -3.756837020671409, 0.0 ], [ 39.236471499965091, -3.756993005122557, 0.0 ], [ 39.234070116740192, -3.756748148957283, 0.0 ], [ 39.233178140006025, -3.757821938084529, 0.0 ], [ 39.224444249350597, -3.758801364329972, 0.0 ], [ 39.223560000185572, -3.759866000553139, 0.0 ], [ 39.221431538759234, -3.759495665557246, 0.0 ], [ 39.219091572961659, -3.756573860761816, 0.0 ], [ 39.215230000416369, -3.757054016313695, 0.0 ], [ 39.213950401028846, -3.756894981276333, 0.0 ], [ 39.209846005274123, -3.759307549257177, 0.0 ], [ 39.208483025193551, -3.761009749358504, 0.0 ], [ 39.205911625671696, -3.757798956678415, 0.0 ], [ 39.203105539202689, -3.756996665956073, 0.0 ], [ 39.201531461007733, -3.756071336395, 0.0 ], [ 39.19667215858864, -3.75468191824356, 0.0 ], [ 39.192278571987529, -3.751168105617609, 0.0 ], [ 39.191535461096535, -3.750240335805297, 0.0 ], [ 39.190370563007725, -3.749499666285885, 0.0 ], [ 39.189036460645987, -3.751165666339935, 0.0 ], [ 39.184666871753613, -3.751926062938312, 0.0 ], [ 39.184882037336536, -3.753656327638835, 0.0 ], [ 39.183527598373836, -3.754740894993013, 0.0 ], [ 39.181539461313371, -3.753572336389007, 0.0 ], [ 39.178471434696824, -3.752695204818251, 0.0 ], [ 39.177005957130845, -3.752877423835596, 0.0 ], [ 39.175090626195157, -3.755269044662477, 0.0 ], [ 39.172284538941959, -3.756071336391635, 0.0 ], [ 39.168918778787265, -3.757365171127165, 0.0 ], [ 39.166545461222221, -3.760328666118824, 0.0 ], [ 39.164048902283731, -3.761380490991885, 0.0 ], [ 39.159002499919048, -3.760752894162141, 0.0 ], [ 39.15534795739422, -3.761207423591898, 0.0 ], [ 39.154050460826149, -3.762827665648697, 0.0 ], [ 39.15108900013481, -3.76486400103285, 0.0 ], [ 39.14980086043861, -3.763255351218414, 0.0 ], [ 39.143591999943808, -3.764031000714215, 0.0 ], [ 39.144086999581781, -3.760841155847233, 0.0 ], [ 39.14378845490662, -3.757130075839413, 0.0 ], [ 39.142307114065794, -3.754474685284619, 0.0 ], [ 39.142436456924194, -3.752867255012137, 0.0 ], [ 39.14140984928904, -3.751027171145098, 0.0 ], [ 39.139826417029255, -3.751154276713703, 0.0 ], [ 39.136150315872548, -3.750148210064464, 0.0 ], [ 39.133987688850155, -3.750321887263092, 0.0 ], [ 39.131435406092976, -3.74851230917571, 0.0 ], [ 39.126099000234603, -3.749037001196219, 0.0 ], [ 39.125721140832887, -3.748582064339194, 0.0 ], [ 39.12448343578864, -3.743022968684051, 0.0 ], [ 39.126440661058865, -3.741397234778561, 0.0 ], [ 39.123977860048768, -3.740328937203494, 0.0 ], [ 39.122003958816819, -3.739198409435849, 0.0 ], [ 39.119057139861894, -3.734421063663561, 0.0 ], [ 39.11860200023483, -3.734043000817339, 0.0 ], [ 39.119834416742215, -3.726690597062862, 0.0 ], [ 39.121571189936731, -3.725350189669328, 0.0 ], [ 39.122447303698266, -3.722203460363794, 0.0 ], [ 39.122282575397556, -3.721088792673792, 0.0 ], [ 39.123237190330116, -3.720352190168317, 0.0 ], [ 39.124190176851044, -3.718023206741697, 0.0 ], [ 39.127081274194992, -3.71579163675257, 0.0 ], [ 39.125051649011354, -3.707031308205459, 0.0 ], [ 39.123962810933996, -3.706191190050982, 0.0 ], [ 39.123599999839456, -3.704055000549837, 0.0 ], [ 39.128212411889052, -3.701170413294974, 0.0 ], [ 39.128983588040725, -3.700275588558273, 0.0 ], [ 39.132520991407915, -3.699471874062655, 0.0 ], [ 39.134153638222678, -3.69757687985036, 0.0 ], [ 39.138146587573424, -3.696110588843278, 0.0 ], [ 39.144760559207462, -3.694904000175646, 0.0 ], [ 39.147975011691386, -3.691173192802233, 0.0 ], [ 39.155208852441874, -3.688552171406494, 0.0 ], [ 39.156534412326295, -3.686176413081881, 0.0 ], [ 39.157582169925803, -3.681565221198902, 0.0 ], [ 39.163302130017655, -3.682024836306928, 0.0 ], [ 39.166006126282532, -3.678886443444049, 0.0 ], [ 39.17819241210082, -3.680283588898647, 0.0 ], [ 39.179256033231937, -3.682667278804045, 0.0 ], [ 39.181516683823766, -3.682848887366175, 0.0 ], [ 39.184312195993741, -3.681289248744322, 0.0 ], [ 39.186514683774561, -3.681112114969206, 0.0 ], [ 39.188150992266934, -3.682025241648808, 0.0 ], [ 39.190636569796361, -3.681112521876787, 0.0 ], [ 39.191489500273732, -3.681181056777068, 0.0 ], [ 39.193801806783206, -3.680995178234, 0.0 ], [ 39.195658160739058, -3.682030732982244, 0.0 ], [ 39.200384865990607, -3.678679413373633, 0.0 ], [ 39.202349412028951, -3.679450588759396, 0.0 ], [ 39.203961315911847, -3.680349886574612, 0.0 ], [ 39.205234000326875, -3.680247592626797, 0.0 ], [ 39.206483499591201, -3.680348057332455, 0.0 ], [ 39.207339683918846, -3.680279115221133, 0.0 ], [ 39.209753675928937, -3.681626028720931, 0.0 ], [ 39.212633382810232, -3.682911117758623, 0.0 ], [ 39.217689139784596, -3.689446182299665, 0.0 ], [ 39.220613587952833, -3.69284041302818, 0.0 ], [ 39.223759707669529, -3.694244270150353, 0.0 ], [ 39.226157023652327, -3.697625281620904, 0.0 ], [ 39.228797976122991, -3.70354413770358, 0.0 ], [ 39.229838411624698, -3.704440588811016, 0.0 ], [ 39.230995175622851, -3.705783029197638, 0.0 ], [ 39.232337411990251, -3.706939589241013, 0.0 ], [ 39.235180513141657, -3.71089918635179, 0.0 ], [ 39.238168411577284, -3.712770588864077, 0.0 ], [ 39.241692798786801, -3.715269588848573, 0.0 ], [ 39.243999412011355, -3.714498413184571, 0.0 ], [ 39.24678719573803, -3.712943249065714, 0.0 ], [ 39.25117427489289, -3.712590606712241, 0.0 ], [ 39.254482685362035, -3.71443658915334, 0.0 ], [ 39.260443026890023, -3.713576540749639, 0.0 ], [ 39.264614535237662, -3.710618942866739, 0.0 ], [ 39.268941417361575, -3.709434725124286, 0.0 ], [ 39.271874000341732, -3.7096702256193, 0.0 ], [ 39.274809430200357, -3.709434522096201, 0.0 ], [ 39.283495593771789, -3.704457961899948, 0.0 ], [ 39.288746793370954, -3.701068166863952, 0.0 ], [ 39.291498839178544, -3.696795700072571, 0.0 ], [ 39.2941653802228, -3.690667093812578, 0.0 ], [ 39.296076025316268, -3.688430581826607, 0.0 ], [ 39.295575860102574, -3.686183938061855, 0.0 ], [ 39.294495155943132, -3.680118452984998, 0.0 ], [ 39.292243859628378, -3.676187937670314, 0.0 ], [ 39.291488139599466, -3.674445063600934, 0.0 ], [ 39.290269959211194, -3.672317823185865, 0.0 ], [ 39.288125634609038, -3.670536716322081, 0.0 ], [ 39.287323139983215, -3.667434930344039, 0.0 ], [ 39.291386048557591, -3.664059611760784, 0.0 ], [ 39.289744859983507, -3.661193938402895, 0.0 ], [ 39.288442483727486, -3.656755812771134, 0.0 ], [ 39.291033000208927, -3.653242001412402, 0.0 ], [ 39.295477836402981, -3.65379801220578, 0.0 ], [ 39.297326460893636, -3.65527833587897, 0.0 ], [ 39.298437669971094, -3.656666127360687, 0.0 ], [ 39.300197626916933, -3.658075475189921, 0.0 ], [ 39.301491460599728, -3.660276336047255, 0.0 ], [ 39.302232539437846, -3.662034665736734, 0.0 ], [ 39.30399046106082, -3.662775336110869, 0.0 ], [ 39.304890573359231, -3.663899357351391, 0.0 ], [ 39.308681374441768, -3.663427948409464, 0.0 ], [ 39.310562538602703, -3.664533666421009, 0.0 ], [ 39.317318461391352, -3.665274335994289, 0.0 ], [ 39.319856102108716, -3.668884749082886, 0.0 ], [ 39.3231494608834, -3.670272335880348, 0.0 ], [ 39.323890538772922, -3.671197666276378, 0.0 ], [ 39.324972461949159, -3.672064017644111, 0.0 ], [ 39.327314461244299, -3.675270335842717, 0.0 ], [ 39.32879620871654, -3.678786792020841, 0.0 ], [ 39.330646461087831, -3.680268336112383, 0.0 ], [ 39.332066790580328, -3.685235424386056, 0.0 ], [ 39.333702285606357, -3.686545120911201, 0.0 ], [ 39.335430517190368, -3.691041205923149, 0.0 ], [ 39.335653410078059, -3.692833091799216, 0.0 ], [ 39.334504373974433, -3.695821804651784, 0.0 ], [ 39.337140444757885, -3.700306501301867, 0.0 ], [ 39.334682524895932, -3.704488177364191, 0.0 ], [ 39.336372116404839, -3.705840989310702, 0.0 ], [ 39.337218539426658, -3.707849666037009, 0.0 ], [ 39.338143460591816, -3.708590336057421, 0.0 ], [ 39.338884538650646, -3.709515666051637, 0.0 ], [ 39.340179186757318, -3.710552441568467, 0.0 ], [ 39.338860947961621, -3.712794992688854, 0.0 ], [ 39.339719166250035, -3.718689850827603, 0.0 ], [ 39.340634326634948, -3.718575964336187, 0.0 ], [ 39.341383538762535, -3.719511666319666, 0.0 ], [ 39.345441565722979, -3.720389609714363, 0.0 ], [ 39.346570671823493, -3.724338429421381, 0.0 ], [ 39.353137461365328, -3.726083336335607, 0.0 ], [ 39.354711539059522, -3.728674666093395, 0.0 ], [ 39.355174000001085, -3.729045000577784, 0.0 ], [ 39.357393163968766, -3.730157836657689, 0.0 ], [ 39.357673000123107, -3.730711001147442, 0.0 ] ] ] ] } },
{ "type": "Feature", "properties": { "OBJECTID_1": 503, "OBJECTID": 985, "WRUA_NAME": "Mwang'ombe Ngoni", "SRO": "Coastal Athi", "Area": 136.934, "status": "Formed", "Basin": "ACA", "B_code": 20, "Areakm2": 137.04, "CentroidX": 39.401654, "CentroidY": -3.86105, "Subbasin": "3MB", "layer": "Mwang'ombe Ngoni", "path": "X:/Mwache Catchment/Data/Vector/Mwache WRUA Subcatchment Boundary/Individual Mwache WRUAs/Mwang'ombe Ngoni.shp" }, "geometry": { "type": "MultiPolygon", "coordinates": [ [ [ [ 39.410984999657053, -3.774027001272522, 0.0 ], [ 39.412723399315425, -3.776657987944142, 0.0 ], [ 39.413496609001449, -3.780106925199742, 0.0 ], [ 39.411477966634564, -3.781501020280888, 0.0 ], [ 39.412173896243303, -3.782880472962307, 0.0 ], [ 39.414572024574376, -3.78234276486414, 0.0 ], [ 39.419466306671453, -3.789641074291407, 0.0 ], [ 39.420980999787702, -3.790687000604762, 0.0 ], [ 39.420474610605496, -3.792327580409014, 0.0 ], [ 39.417208908819745, -3.795245113933793, 0.0 ], [ 39.416423091438851, -3.801955888962862, 0.0 ], [ 39.414757090593227, -3.805021678307579, 0.0 ], [ 39.419707909415834, -3.809452889251219, 0.0 ], [ 39.423765937350502, -3.812033846359324, 0.0 ], [ 39.427142678227831, -3.815050623736647, 0.0 ], [ 39.428858706954159, -3.821457769034581, 0.0 ], [ 39.427081667354535, -3.826409807204915, 0.0 ], [ 39.429751090939156, -3.830231114209095, 0.0 ], [ 39.430686588999585, -3.835244772782456, 0.0 ], [ 39.432202909052201, -3.836941889097821, 0.0 ], [ 39.433087157865018, -3.837731773635805, 0.0 ], [ 39.432642999790701, -3.842333000924608, 0.0 ], [ 39.432195588251211, -3.842718589218256, 0.0 ], [ 39.430515351603894, -3.85011471805338, 0.0 ], [ 39.426364588223173, -3.852714588875538, 0.0 ], [ 39.425457562196776, -3.857686761193808, 0.0 ], [ 39.425696317248068, -3.860659000632551, 0.0 ], [ 39.425261106857505, -3.866073500605858, 0.0 ], [ 39.425629611827262, -3.870655000832521, 0.0 ], [ 39.425527114303172, -3.871929108552686, 0.0 ], [ 39.427516471321262, -3.8747349930849, 0.0 ], [ 39.433361707429626, -3.878396247435569, 0.0 ], [ 39.437241583257098, -3.885125731601743, 0.0 ], [ 39.437640999703149, -3.887315001076488, 0.0 ], [ 39.43408854818739, -3.887779903340522, 0.0 ], [ 39.433090412014359, -3.891094412895208, 0.0 ], [ 39.432191113832367, -3.892706317256549, 0.0 ], [ 39.432364791284591, -3.894867317701697, 0.0 ], [ 39.430841148913714, -3.900434141171842, 0.0 ], [ 39.431480134883664, -3.908384451038566, 0.0 ], [ 39.429792577900407, -3.914550807000443, 0.0 ], [ 39.435108240834808, -3.91692290399697, 0.0 ], [ 39.437194807686438, -3.923854130938425, 0.0 ], [ 39.442511283994094, -3.923426853010401, 0.0 ], [ 39.445585411977611, -3.924352588788124, 0.0 ], [ 39.447302254144574, -3.925310253796095, 0.0 ], [ 39.450365806893103, -3.925064177951184, 0.0 ], [ 39.452989675947869, -3.926528029191757, 0.0 ], [ 39.457965304770255, -3.928748210224168, 0.0 ], [ 39.458082853425942, -3.930214500601026, 0.0 ], [ 39.457953102554988, -3.931828234590766, 0.0 ], [ 39.460579412292724, -3.935181588679944, 0.0 ], [ 39.461750004729218, -3.939068787434802, 0.0 ], [ 39.463016588076414, -3.94190741330937, 0.0 ], [ 39.46718158800028, -3.946942630322057, 0.0 ], [ 39.466410411743603, -3.949404413127283, 0.0 ], [ 39.465515588255812, -3.951008589232296, 0.0 ], [ 39.465459228314899, -3.951439254631828, 0.0 ], [ 39.465427108589687, -3.95143927269041, 0.0 ], [ 39.463575024686826, -3.951878011081878, 0.0 ], [ 39.462002325752245, -3.952381542347701, 0.0 ], [ 39.455748222909762, -3.956166871499688, 0.0 ], [ 39.453460007020446, -3.955737284358912, 0.0 ], [ 39.448882498698332, -3.952867479284948, 0.0 ], [ 39.445450459175973, -3.952725717936043, 0.0 ], [ 39.43987132438491, -3.948563857842866, 0.0 ], [ 39.434865800432611, -3.947417576557688, 0.0 ], [ 39.430290315004669, -3.948281658142048, 0.0 ], [ 39.426018723350516, -3.946317894548384, 0.0 ], [ 39.422612939711172, -3.940864238935924, 0.0 ], [ 39.421324161873564, -3.937274501188279, 0.0 ], [ 39.414172784314076, -3.934118548170302, 0.0 ], [ 39.408184177160862, -3.931074162059266, 0.0 ], [ 39.406567415761941, -3.927551586198533, 0.0 ], [ 39.402252735636132, -3.923696519611593, 0.0 ], [ 39.40135343668733, -3.920783054086308, 0.0 ], [ 39.398087736335313, -3.917865520195647, 0.0 ], [ 39.397226263787125, -3.91507448183674, 0.0 ], [ 39.394111462070249, -3.91229157880501, 0.0 ], [ 39.393099091354159, -3.906867113920456, 0.0 ], [ 39.392037096720486, -3.90591839702547, 0.0 ], [ 39.385099361551589, -3.907151220219329, 0.0 ], [ 39.382270090998276, -3.90270211368607, 0.0 ], [ 39.37301801484525, -3.897651643895192, 0.0 ], [ 39.371441090876537, -3.899416889400386, 0.0 ], [ 39.368764345877885, -3.901036113664421, 0.0 ], [ 39.367276090736389, -3.899370113570292, 0.0 ], [ 39.36536889474592, -3.897666083936116, 0.0 ], [ 39.362876809621234, -3.897814543409677, 0.0 ], [ 39.359902739049652, -3.901142678724028, 0.0 ], [ 39.357045809939471, -3.900972459425347, 0.0 ], [ 39.356007000230889, -3.899810000557768, 0.0 ], [ 39.356485731327197, -3.897703300361791, 0.0 ], [ 39.353974123052986, -3.894264938190236, 0.0 ], [ 39.352973140099365, -3.887387603680714, 0.0 ], [ 39.350651883922609, -3.885529014009946, 0.0 ], [ 39.349805462320177, -3.883520335620807, 0.0 ], [ 39.348870777066985, -3.88193039594463, 0.0 ], [ 39.348978155969021, -3.881067500606131, 0.0 ], [ 39.34881546056674, -3.879758413795301, 0.0 ], [ 39.350341948931195, -3.870289952615737, 0.0 ], [ 39.34588124961784, -3.866717773948381, 0.0 ], [ 39.346479155710838, -3.861908500587881, 0.0 ], [ 39.346106177150816, -3.858907382633523, 0.0 ], [ 39.348182168800371, -3.856065501776662, 0.0 ], [ 39.347677000154675, -3.855661001417435, 0.0 ], [ 39.348039811347739, -3.853524812277617, 0.0 ], [ 39.348980188778334, -3.851966190992479, 0.0 ], [ 39.350158103769189, -3.84503109893748, 0.0 ], [ 39.3492681596057, -3.839008525641867, 0.0 ], [ 39.347363811901594, -3.835851422607217, 0.0 ], [ 39.349122955393902, -3.829817663796634, 0.0 ], [ 39.350646188772963, -3.828642191228713, 0.0 ], [ 39.351391334119121, -3.82083281622844, 0.0 ], [ 39.353145189304193, -3.819479190828734, 0.0 ], [ 39.354078654405669, -3.815054894952832, 0.0 ], [ 39.353861861882521, -3.813587587037115, 0.0 ], [ 39.354826645244245, -3.808568842737536, 0.0 ], [ 39.353870810777394, -3.806984191166136, 0.0 ], [ 39.352049030304642, -3.801990460655245, 0.0 ], [ 39.350023880189575, -3.798633039933741, 0.0 ], [ 39.348039810943988, -3.7978211911434, 0.0 ], [ 39.347676999722673, -3.795685001269007, 0.0 ], [ 39.346487290696267, -3.790341476913577, 0.0 ], [ 39.352942633630633, -3.789379947983821, 0.0 ], [ 39.354534200758899, -3.789542033000556, 0.0 ], [ 39.359727842309645, -3.792814851983074, 0.0 ], [ 39.360588499803995, -3.792726996977423, 0.0 ], [ 39.361838000166628, -3.792854305752284, 0.0 ], [ 39.363665475325817, -3.792668222725234, 0.0 ], [ 39.367136986154797, -3.788488987441812, 0.0 ], [ 39.370122038582437, -3.786009104419282, 0.0 ], [ 39.374652696340505, -3.78321460912903, 0.0 ], [ 39.381557484624118, -3.783918266126733, 0.0 ], [ 39.384863047252985, -3.782676290574, 0.0 ], [ 39.384585245440846, -3.779950331319549, 0.0 ], [ 39.385161999987659, -3.777359000549771, 0.0 ], [ 39.386056823885923, -3.776588029094155, 0.0 ], [ 39.387996558573477, -3.774336529089461, 0.0 ], [ 39.393407398146572, -3.774771331994538, 0.0 ], [ 39.399911549907294, -3.771142413073735, 0.0 ], [ 39.403102411878741, -3.771913588790162, 0.0 ], [ 39.40775590519906, -3.775212847227629, 0.0 ], [ 39.410984999657053, -3.774027001272522, 0.0 ] ] ] ] } },
{ "type": "Feature", "properties": { "OBJECTID_1": 479, "OBJECTID": 961, "WRUA_NAME": "Mwaruphesa Dambale", "SRO": "Coastal Athi", "Area": 205.653, "status": "Formed", "Basin": "ACA", "B_code": 20, "Areakm2": 205.82, "CentroidX": 39.191709, "CentroidY": -3.645214, "Subbasin": "3MB", "layer": "Mwaruphesa Dambale", "path": "X:/Mwache Catchment/Data/Vector/Mwache WRUA Subcatchment Boundary/Individual Mwache WRUAs/Mwaruphesa Dambale.shp" }, "geometry": { "type": "MultiPolygon", "coordinates": [ [ [ [ 39.291033000208955, -3.653242001412424, 0.0 ], [ 39.288442483727451, -3.656755812771104, 0.0 ], [ 39.289744859983536, -3.661193938402904, 0.0 ], [ 39.291386048557555, -3.664059611760803, 0.0 ], [ 39.287323139983179, -3.667434930344013, 0.0 ], [ 39.288125634609045, -3.670536716322123, 0.0 ], [ 39.290269959211194, -3.672317823185897, 0.0 ], [ 39.291488139599487, -3.674445063600915, 0.0 ], [ 39.292243859628357, -3.676187937670336, 0.0 ], [ 39.294495155943146, -3.680118452984979, 0.0 ], [ 39.295575860102552, -3.686183938061846, 0.0 ], [ 39.296076025316246, -3.688430581826649, 0.0 ], [ 39.294165380222815, -3.690667093812569, 0.0 ], [ 39.29149883917858, -3.696795700072561, 0.0 ], [ 39.288746793370983, -3.701068166863938, 0.0 ], [ 39.283495593771825, -3.704457961899985, 0.0 ], [ 39.274809430200392, -3.709434522096186, 0.0 ], [ 39.271874000341739, -3.709670225619285, 0.0 ], [ 39.268941417361553, -3.709434725124269, 0.0 ], [ 39.264614535237669, -3.710618942866714, 0.0 ], [ 39.26044302689003, -3.713576540749672, 0.0 ], [ 39.254482685362049, -3.714436589153367, 0.0 ], [ 39.251174274892911, -3.712590606712238, 0.0 ], [ 39.246787195738023, -3.71294324906569, 0.0 ], [ 39.243999412011313, -3.714498413184594, 0.0 ], [ 39.241692798786801, -3.715269588848544, 0.0 ], [ 39.238168411577263, -3.712770588864087, 0.0 ], [ 39.235180513141657, -3.710899186351754, 0.0 ], [ 39.232337411990265, -3.706939589241029, 0.0 ], [ 39.23099517562288, -3.705783029197649, 0.0 ], [ 39.229838411624691, -3.704440588810973, 0.0 ], [ 39.228797976123026, -3.703544137703582, 0.0 ], [ 39.226157023652355, -3.697625281620906, 0.0 ], [ 39.223759707669565, -3.694244270150379, 0.0 ], [ 39.220613587952819, -3.692840413028184, 0.0 ], [ 39.217689139784568, -3.689446182299702, 0.0 ], [ 39.212633382810253, -3.682911117758633, 0.0 ], [ 39.209753675928944, -3.681626028720961, 0.0 ], [ 39.207339683918832, -3.680279115221116, 0.0 ], [ 39.206483499591222, -3.680348057332425, 0.0 ], [ 39.205234000326897, -3.680247592626804, 0.0 ], [ 39.20396131591189, -3.680349886574605, 0.0 ], [ 39.202349412028987, -3.679450588759367, 0.0 ], [ 39.200384865990607, -3.678679413373595, 0.0 ], [ 39.19565816073905, -3.682030732982264, 0.0 ], [ 39.193801806783249, -3.680995178234001, 0.0 ], [ 39.191489500273697, -3.681181056777047, 0.0 ], [ 39.190636569796339, -3.681112521876803, 0.0 ], [ 39.188150992266941, -3.682025241648831, 0.0 ], [ 39.18651468377459, -3.681112114969229, 0.0 ], [ 39.184312195993726, -3.681289248744343, 0.0 ], [ 39.181516683823794, -3.68284888736615, 0.0 ], [ 39.179256033231916, -3.682667278804006, 0.0 ], [ 39.178192412100834, -3.680283588898634, 0.0 ], [ 39.166006126282518, -3.678886443444016, 0.0 ], [ 39.163302130017669, -3.682024836306938, 0.0 ], [ 39.157582169925782, -3.681565221198921, 0.0 ], [ 39.156534412326252, -3.686176413081918, 0.0 ], [ 39.155208852441909, -3.688552171406476, 0.0 ], [ 39.147975011691408, -3.691173192802219, 0.0 ], [ 39.144760559207484, -3.694904000175656, 0.0 ], [ 39.138146587573466, -3.696110588843302, 0.0 ], [ 39.134153638222664, -3.697576879850403, 0.0 ], [ 39.132520991407944, -3.699471874062618, 0.0 ], [ 39.12898358804074, -3.700275588558286, 0.0 ], [ 39.128212411889088, -3.701170413294994, 0.0 ], [ 39.123599999839456, -3.70405500054983, 0.0 ], [ 39.123071241356769, -3.703394660571932, 0.0 ], [ 39.119805539112768, -3.702018665915494, 0.0 ], [ 39.119064460772648, -3.699427335917979, 0.0 ], [ 39.117306538059388, -3.69868666558367, 0.0 ], [ 39.115732461942024, -3.697761336307001, 0.0 ], [ 39.113974538808563, -3.697020666366688, 0.0 ], [ 39.113110626334027, -3.693999006912127, 0.0 ], [ 39.110642538931309, -3.69202266634617, 0.0 ], [ 39.109901461331667, -3.691097335548851, 0.0 ], [ 39.107310538762825, -3.690356665985392, 0.0 ], [ 39.105589629081756, -3.688207460619539, 0.0 ], [ 39.105746223172957, -3.68694860520887, 0.0 ], [ 39.104074121768512, -3.684104488276593, 0.0 ], [ 39.10101667137689, -3.681656126661989, 0.0 ], [ 39.099905462156698, -3.680268336368728, 0.0 ], [ 39.098980539346357, -3.67952766492384, 0.0 ], [ 39.097301522678613, -3.667877256674332, 0.0 ], [ 39.097414596249919, -3.666968400701451, 0.0 ], [ 39.096481539244479, -3.663700666132117, 0.0 ], [ 39.095740461607804, -3.660276337097032, 0.0 ], [ 39.09481553879808, -3.659535664881561, 0.0 ], [ 39.093969115900002, -3.657526988074986, 0.0 ], [ 39.09185366972914, -3.655833127290284, 0.0 ], [ 39.091113000343938, -3.654908001256727, 0.0 ], [ 39.09314953938641, -3.653612335901987, 0.0 ], [ 39.096988333811503, -3.652781777113842, 0.0 ], [ 39.09624481708714, -3.646803943622165, 0.0 ], [ 39.098236207315587, -3.647051647985764, 0.0 ], [ 39.098980538240575, -3.644449336199704, 0.0 ], [ 39.100010399897151, -3.643624673665266, 0.0 ], [ 39.09965246983014, -3.64074700067035, 0.0 ], [ 39.100296744197955, -3.635566579425395, 0.0 ], [ 39.102034328624519, -3.634175127428038, 0.0 ], [ 39.10372798835396, -3.632059885414138, 0.0 ], [ 39.105736460797964, -3.63121366572968, 0.0 ], [ 39.106477538635723, -3.628622335678608, 0.0 ], [ 39.109068460772114, -3.627048666332575, 0.0 ], [ 39.110763747228042, -3.623025821100975, 0.0 ], [ 39.110616100612397, -3.621840178773547, 0.0 ], [ 39.112543226124458, -3.622079747653037, 0.0 ], [ 39.11397453903345, -3.620292336421657, 0.0 ], [ 39.114899460880032, -3.619551666208051, 0.0 ], [ 39.11621037868332, -3.616440727671408, 0.0 ], [ 39.119897460609224, -3.615386665786877, 0.0 ], [ 39.120638538018, -3.614461335635175, 0.0 ], [ 39.121563461084222, -3.613720666115147, 0.0 ], [ 39.123333586083781, -3.610806386188345, 0.0 ], [ 39.125757746179104, -3.60886522805198, 0.0 ], [ 39.125541361669242, -3.607126015195758, 0.0 ], [ 39.126588713139412, -3.605344501434268, 0.0 ], [ 39.125609287289038, -3.60367850108406, 0.0 ], [ 39.128039548583729, -3.599544209832581, 0.0 ], [ 39.129060460643068, -3.598726665924809, 0.0 ], [ 39.130883055661528, -3.595726360950832, 0.0 ], [ 39.130628843621665, -3.593682500815917, 0.0 ], [ 39.130732155789552, -3.592849501351222, 0.0 ], [ 39.130623962967654, -3.591976844251219, 0.0 ], [ 39.134106862900289, -3.589861194782271, 0.0 ], [ 39.133841670010419, -3.587727038757568, 0.0 ], [ 39.137549903153285, -3.586164553663637, 0.0 ], [ 39.139249255025661, -3.582131133613151, 0.0 ], [ 39.144275319979755, -3.580694127402148, 0.0 ], [ 39.14809418571015, -3.58348374174878, 0.0 ], [ 39.14923102017778, -3.584903461906749, 0.0 ], [ 39.155588745842735, -3.583459337940206, 0.0 ], [ 39.161492145368129, -3.584572580883902, 0.0 ], [ 39.16381421388791, -3.584283592602419, 0.0 ], [ 39.164892883686278, -3.581723988882954, 0.0 ], [ 39.166545460919203, -3.580400666214176, 0.0 ], [ 39.169752999218524, -3.575837469450258, 0.0 ], [ 39.17237646082728, -3.57373666565036, 0.0 ], [ 39.173117539060279, -3.572811336152712, 0.0 ], [ 39.176179464092378, -3.570359314610369, 0.0 ], [ 39.182060086375287, -3.569335961417605, 0.0 ], [ 39.183576000133094, -3.567443000730028, 0.0 ], [ 39.184733577061806, -3.56836995838111, 0.0 ], [ 39.184929217898407, -3.569942001253165, 0.0 ], [ 39.184522886872955, -3.573208923052915, 0.0 ], [ 39.186194987969209, -3.57529711662333, 0.0 ], [ 39.189086896686057, -3.576515704847613, 0.0 ], [ 39.190702461369959, -3.577809336109547, 0.0 ], [ 39.191443539335616, -3.578734666410108, 0.0 ], [ 39.196190987622998, -3.580091950916051, 0.0 ], [ 39.199402999741856, -3.584103000902869, 0.0 ], [ 39.198807942150118, -3.585651454142722, 0.0 ], [ 39.202136280612379, -3.589807912121409, 0.0 ], [ 39.205696461229181, -3.591970336236913, 0.0 ], [ 39.207270538592745, -3.594561665657467, 0.0 ], [ 39.208195460986708, -3.595302335559589, 0.0 ], [ 39.208936538980439, -3.597060665990801, 0.0 ], [ 39.210015207935214, -3.597924577741293, 0.0 ], [ 39.211621010616, -3.603540819901516, 0.0 ], [ 39.216659685281769, -3.605477504380791, 0.0 ], [ 39.22048587171372, -3.605001620551382, 0.0 ], [ 39.222264538657498, -3.611221665922945, 0.0 ], [ 39.224855460986532, -3.615294335611105, 0.0 ], [ 39.225857665368864, -3.619926881865973, 0.0 ], [ 39.22735446106185, -3.621125335587569, 0.0 ], [ 39.228467703870542, -3.623766898018674, 0.0 ], [ 39.230131670189145, -3.625845127376079, 0.0 ], [ 39.234018460568649, -3.626956336301576, 0.0 ], [ 39.235608401263569, -3.62789102059172, 0.0 ], [ 39.241401981167925, -3.627170483788075, 0.0 ], [ 39.245726830200958, -3.628992874973944, 0.0 ], [ 39.248150175708247, -3.630417475586265, 0.0 ], [ 39.249716524775053, -3.628461268101999, 0.0 ], [ 39.250586538938428, -3.629547666142505, 0.0 ], [ 39.251511460635975, -3.630288335563767, 0.0 ], [ 39.252252539197691, -3.631213665698327, 0.0 ], [ 39.254939452308719, -3.631981790712677, 0.0 ], [ 39.259526646336369, -3.634768151995269, 0.0 ], [ 39.261925994898689, -3.638717986913073, 0.0 ], [ 39.264747538728642, -3.640376665558973, 0.0 ], [ 39.269675173303426, -3.642198446861852, 0.0 ], [ 39.273425707348714, -3.644402968219315, 0.0 ], [ 39.277152649108899, -3.64546862179572, 0.0 ], [ 39.279199355940293, -3.64710777815552, 0.0 ], [ 39.278849561993596, -3.649921795863351, 0.0 ], [ 39.280371983298792, -3.653534446440618, 0.0 ], [ 39.283073538995723, -3.651946336107778, 0.0 ], [ 39.28603499992083, -3.650743001185938, 0.0 ], [ 39.288063810863896, -3.652046190197841, 0.0 ], [ 39.291033000208955, -3.653242001412424, 0.0 ] ] ] ] } },
{ "type": "Feature", "properties": { "OBJECTID_1": 467, "OBJECTID": 949, "WRUA_NAME": "Ndokoko Lukakani", "SRO": "Coastal Athi", "Area": 143.677, "status": "Formed", "Basin": "ACA", "B_code": 20, "Areakm2": 143.79, "CentroidX": 38.906789, "CentroidY": -4.037562, "Subbasin": "3MC", "layer": "Ndokoko Lukakani", "path": "X:/Mwache Catchment/Data/Vector/Mwache WRUA Subcatchment Boundary/Individual Mwache WRUAs/Ndokoko Lukakani.shp" }, "geometry": { "type": "MultiPolygon", "coordinates": [ [ [ [ 38.958665999601585, -3.989774001187038, 0.0 ], [ 38.95800545659214, -3.991454236692968, 0.0 ], [ 38.958372741957199, -3.993939001127798, 0.0 ], [ 38.958003423168137, -3.996438001059675, 0.0 ], [ 38.95831579794298, -3.998553040385486, 0.0 ], [ 38.957350201943825, -4.000153961700113, 0.0 ], [ 38.957581636429531, -4.001721124847899, 0.0 ], [ 38.956461478646112, -4.003577885045848, 0.0 ], [ 38.959028811382559, -4.006904191160308, 0.0 ], [ 38.961426532722527, -4.007885649768914, 0.0 ], [ 38.961642916652586, -4.009349501060031, 0.0 ], [ 38.961150763814459, -4.012681501362012, 0.0 ], [ 38.962043555055132, -4.018722378417925, 0.0 ], [ 38.960662678073483, -4.021011500853442, 0.0 ], [ 38.961635188965118, -4.022623811680157, 0.0 ], [ 38.962360810753822, -4.024397191152405, 0.0 ], [ 38.9641341887286, -4.026788811683444, 0.0 ], [ 38.964497000112289, -4.02809200121129, 0.0 ], [ 38.967008609338933, -4.033749324231382, 0.0 ], [ 38.965092464702906, -4.040750509876565, 0.0 ], [ 38.967261599968886, -4.044638521435582, 0.0 ], [ 38.963467139318844, -4.047907476941068, 0.0 ], [ 38.962445412445696, -4.050197412630405, 0.0 ], [ 38.960922583569008, -4.051509551000807, 0.0 ], [ 38.96033200024312, -4.054748001419659, 0.0 ], [ 38.960993356043112, -4.055277574264879, 0.0 ], [ 38.960503644387792, -4.059216427934063, 0.0 ], [ 38.96162746112622, -4.060116540385836, 0.0 ], [ 38.962738670315858, -4.061504331420638, 0.0 ], [ 38.965796121928989, -4.063952488390763, 0.0 ], [ 38.967639053027028, -4.067087626638797, 0.0 ], [ 38.96728031036816, -4.069973434902083, 0.0 ], [ 38.9716234610922, -4.072611539716773, 0.0 ], [ 38.972364539134688, -4.073536462558378, 0.0 ], [ 38.974122461365496, -4.074277539902225, 0.0 ], [ 38.975021760312181, -4.075400137316896, 0.0 ], [ 38.980489949220434, -4.077704309946304, 0.0 ], [ 38.988191539417485, -4.083866801359646, 0.0 ], [ 38.987317457992027, -4.087402577431307, 0.0 ], [ 38.984859538728081, -4.088438540367898, 0.0 ], [ 38.984488999738545, -4.088901001084375, 0.0 ], [ 38.983655999596174, -4.088901000788878, 0.0 ], [ 38.981664107197503, -4.088562622574541, 0.0 ], [ 38.981407746091385, -4.085730249132089, 0.0 ], [ 38.977403060164335, -4.084293955682226, 0.0 ], [ 38.97482863751425, -4.083001307220622, 0.0 ], [ 38.970966985525585, -4.081995843373862, 0.0 ], [ 38.966533213352797, -4.081708432068352, 0.0 ], [ 38.961635188697159, -4.081766811789054, 0.0 ], [ 38.960295799963369, -4.081041190901056, 0.0 ], [ 38.955663288489035, -4.081851523320887, 0.0 ], [ 38.949799325231751, -4.080702225767672, 0.0 ], [ 38.945508517010758, -4.081563659867902, 0.0 ], [ 38.942790988088333, -4.082281565074828, 0.0 ], [ 38.937766973802049, -4.081050139068063, 0.0 ], [ 38.936175000438247, -4.080571001407405, 0.0 ], [ 38.933845202646495, -4.081089592291685, 0.0 ], [ 38.930492865815872, -4.080747932232862, 0.0 ], [ 38.925342025040017, -4.080987558895819, 0.0 ], [ 38.920941023921991, -4.083680921866071, 0.0 ], [ 38.918304140022137, -4.085191140974596, 0.0 ], [ 38.911691389408112, -4.086037156629549, 0.0 ], [ 38.909518999566679, -4.085815890737896, 0.0 ], [ 38.90743650031088, -4.086027802058387, 0.0 ], [ 38.905162425855735, -4.085795961285674, 0.0 ], [ 38.903310139757458, -4.086857141238207, 0.0 ], [ 38.901346408038442, -4.08770844532623, 0.0 ], [ 38.89926919513232, -4.090209478062432, 0.0 ], [ 38.895844865613711, -4.089860496595685, 0.0 ], [ 38.894980140329885, -4.091855141275333, 0.0 ], [ 38.89269752537097, -4.095839956331213, 0.0 ], [ 38.891570860190356, -4.096775861120614, 0.0 ], [ 38.890436874063667, -4.098140875334897, 0.0 ], [ 38.887732063730091, -4.100388103617645, 0.0 ], [ 38.883504425652966, -4.099956960785098, 0.0 ], [ 38.881045693345165, -4.101365496170759, 0.0 ], [ 38.874077860262382, -4.102606861064393, 0.0 ], [ 38.873322139835345, -4.103517140737276, 0.0 ], [ 38.86790072637541, -4.107604860992717, 0.0 ], [ 38.8643755254176, -4.105585812135546, 0.0 ], [ 38.863326140379002, -4.106849141013944, 0.0 ], [ 38.86215107258775, -4.10782490606608, 0.0 ], [ 38.858775958743436, -4.107480806169148, 0.0 ], [ 38.856656038808019, -4.104928930365324, 0.0 ], [ 38.852792024919076, -4.10532265295088, 0.0 ], [ 38.849998140416389, -4.104272861365486, 0.0 ], [ 38.845129890377741, -4.102844396422798, 0.0 ], [ 38.840755419109676, -4.105349903981024, 0.0 ], [ 38.839169139616139, -4.103439861192912, 0.0 ], [ 38.838258859748748, -4.102684140658051, 0.0 ], [ 38.837124874069879, -4.101319127665546, 0.0 ], [ 38.835759860174363, -4.100185141144417, 0.0 ], [ 38.835004139992549, -4.099274860591171, 0.0 ], [ 38.833260860362302, -4.098519141157206, 0.0 ], [ 38.830048033985179, -4.096679057193429, 0.0 ], [ 38.828009055362884, -4.096886900901984, 0.0 ], [ 38.824391524858576, -4.092531953685983, 0.0 ], [ 38.823342139897605, -4.090111861388843, 0.0 ], [ 38.822431859965903, -4.088523140720666, 0.0 ], [ 38.822053999892454, -4.087235001141396, 0.0 ], [ 38.825853342143219, -4.0868640561568, 0.0 ], [ 38.830013460698993, -4.083532462599413, 0.0 ], [ 38.831336987907711, -4.0818798848239, 0.0 ], [ 38.833931571425786, -4.080786571551807, 0.0 ], [ 38.83541331869165, -4.077270319672541, 0.0 ], [ 38.838343460986053, -4.076035462725356, 0.0 ], [ 38.839666987670924, -4.074382885089465, 0.0 ], [ 38.842318920683574, -4.073265575019578, 0.0 ], [ 38.846673461034811, -4.070204462733704, 0.0 ], [ 38.848247538673, -4.067613540047263, 0.0 ], [ 38.848709999886417, -4.06724300134985, 0.0 ], [ 38.849913539072062, -4.06511454030599, 0.0 ], [ 38.850838461200368, -4.064373463217317, 0.0 ], [ 38.851579538964415, -4.06261554020074, 0.0 ], [ 38.854170460736206, -4.059375462936208, 0.0 ], [ 38.854911539034759, -4.056784540290534, 0.0 ], [ 38.856669461282259, -4.056043463207724, 0.0 ], [ 38.857780669751321, -4.054655672371785, 0.0 ], [ 38.859168460994667, -4.053544462656786, 0.0 ], [ 38.861741895376085, -4.049883817635545, 0.0 ], [ 38.861212321339991, -4.045626488225382, 0.0 ], [ 38.865165817348874, -4.043960488159035, 0.0 ], [ 38.864896557095044, -4.041795014036618, 0.0 ], [ 38.867857205316653, -4.040547548377313, 0.0 ], [ 38.866565404352585, -4.03602339790182, 0.0 ], [ 38.867036000140523, -4.032257000802284, 0.0 ], [ 38.868952957839234, -4.031679840150035, 0.0 ], [ 38.870836968736747, -4.027457082615102, 0.0 ], [ 38.872928824189074, -4.025654825325296, 0.0 ], [ 38.875087791261748, -4.023149317907135, 0.0 ], [ 38.874896624095115, -4.020768678133466, 0.0 ], [ 38.878247334235844, -4.017881649963515, 0.0 ], [ 38.881055862369543, -4.010481453933599, 0.0 ], [ 38.886704236251759, -4.006943237077651, 0.0 ], [ 38.888246588150672, -4.005153588550501, 0.0 ], [ 38.889141411958967, -4.004382412828553, 0.0 ], [ 38.88952700028743, -4.00393500132906, 0.0 ], [ 38.889093416613044, -4.002698110089495, 0.0 ], [ 38.889131244280975, -4.0017414619511, 0.0 ], [ 38.89116452762498, -3.999857449833319, 0.0 ], [ 38.897409180632117, -3.995825046567267, 0.0 ], [ 38.895567877140394, -3.992345401252893, 0.0 ], [ 38.893259637055728, -3.990206364203094, 0.0 ], [ 38.892401013348838, -3.987493825663266, 0.0 ], [ 38.892459175858754, -3.986025500988086, 0.0 ], [ 38.89241890873987, -3.985017806806743, 0.0 ], [ 38.889926417031198, -3.98270834717219, 0.0 ], [ 38.889991088071369, -3.981071836039449, 0.0 ], [ 38.888645597998497, -3.978528501317155, 0.0 ], [ 38.890628853879797, -3.974780000988618, 0.0 ], [ 38.889001494177514, -3.971704043224209, 0.0 ], [ 38.889127175691158, -3.96853250107708, 0.0 ], [ 38.889093824085855, -3.967699501367869, 0.0 ], [ 38.889127582654865, -3.966851654815526, 0.0 ], [ 38.888261637035122, -3.966049363556409, 0.0 ], [ 38.887357865349273, -3.964134237098191, 0.0 ], [ 38.884929637280969, -3.961884363766463, 0.0 ], [ 38.884529000307147, -3.960619001076723, 0.0 ], [ 38.885423824099725, -3.959848029044552, 0.0 ], [ 38.886584654971152, -3.958500912305682, 0.0 ], [ 38.887861000155446, -3.958603410129066, 0.0 ], [ 38.889110499806129, -3.958502945044815, 0.0 ], [ 38.891192999704963, -3.958670318347943, 0.0 ], [ 38.894096704898764, -3.958437053943084, 0.0 ], [ 38.895743587822757, -3.96106641274426, 0.0 ], [ 38.898304412330667, -3.962670589364512, 0.0 ], [ 38.899908587637128, -3.965231413024392, 0.0 ], [ 38.900803411646237, -3.966002589079495, 0.0 ], [ 38.901638038726311, -3.968774103998571, 0.0 ], [ 38.905739587893898, -3.971062412617696, 0.0 ], [ 38.907467411674929, -3.971833588769433, 0.0 ], [ 38.909644682089642, -3.974360451085798, 0.0 ], [ 38.91579741222489, -3.975165588927884, 0.0 ], [ 38.916583229781516, -3.976926765624542, 0.0 ], [ 38.920298785123755, -3.974292524938336, 0.0 ], [ 38.921909061965046, -3.974422071216574, 0.0 ], [ 38.92662641206617, -3.973561413305413, 0.0 ], [ 38.929063587832083, -3.972666589232973, 0.0 ], [ 38.932457411833916, -3.971895412579327, 0.0 ], [ 38.934488663289571, -3.97076223970477, 0.0 ], [ 38.939710775699979, -3.971181790881592, 0.0 ], [ 38.944890587830933, -3.965169589162451, 0.0 ], [ 38.945337999955257, -3.964784001298857, 0.0 ], [ 38.946618412306336, -3.966835588935522, 0.0 ], [ 38.947656000709003, -3.978128271063239, 0.0 ], [ 38.952947260016593, -3.985496944684827, 0.0 ], [ 38.95828041175087, -3.989326589434947, 0.0 ], [ 38.958665999601585, -3.989774001187038, 0.0 ] ] ] ] } },
{ "type": "Feature", "properties": { "OBJECTID_1": 478, "OBJECTID": 960, "WRUA_NAME": "Nyongoni", "SRO": "Coastal Athi", "Area": 186.311, "status": "Formed", "Basin": "ACA", "B_code": 20, "Areakm2": 186.46, "CentroidX": 39.252988, "CentroidY": -3.816805, "Subbasin": "3MB", "layer": "Nyongoni", "path": "X:/Mwache Catchment/Data/Vector/Mwache WRUA Subcatchment Boundary/Individual Mwache WRUAs/Nyongoni.shp" }, "geometry": { "type": "MultiPolygon", "coordinates": [ [ [ [ 39.223560000185593, -3.759866000553122, 0.0 ], [ 39.223961857063145, -3.763078013346108, 0.0 ], [ 39.226429539310132, -3.766159666074928, 0.0 ], [ 39.231568270345136, -3.767271484811916, 0.0 ], [ 39.23411079073918, -3.769307209873593, 0.0 ], [ 39.235592539257638, -3.77115766562329, 0.0 ], [ 39.23651746095225, -3.771898335878818, 0.0 ], [ 39.238369748442928, -3.774211253617396, 0.0 ], [ 39.241607791040714, -3.776804209629256, 0.0 ], [ 39.243089538605361, -3.778654665808121, 0.0 ], [ 39.244847460559143, -3.779395335983624, 0.0 ], [ 39.247254539100169, -3.782819666394674, 0.0 ], [ 39.249012460952073, -3.783560336302214, 0.0 ], [ 39.25078258560373, -3.786474615889199, 0.0 ], [ 39.252344460778701, -3.787725335731559, 0.0 ], [ 39.254205696071971, -3.792760145583349, 0.0 ], [ 39.256119805958562, -3.795149936895478, 0.0 ], [ 39.262340461365881, -3.796055335994639, 0.0 ], [ 39.263406116294178, -3.79978166909157, 0.0 ], [ 39.266413538901574, -3.801978665811853, 0.0 ], [ 39.269837461194903, -3.80271933600965, 0.0 ], [ 39.270876677857053, -3.80401683075374, 0.0 ], [ 39.273077539005136, -3.805310666253545, 0.0 ], [ 39.274372999885571, -3.805681000988956, 0.0 ], [ 39.275188916791521, -3.804661918277316, 0.0 ], [ 39.280002665333782, -3.802811666119607, 0.0 ], [ 39.28233246121853, -3.803552336195634, 0.0 ], [ 39.283073539443627, -3.804477665596737, 0.0 ], [ 39.28483146062274, -3.805218335566626, 0.0 ], [ 39.286857832425717, -3.806409672569897, 0.0 ], [ 39.291866000155935, -3.805786753296756, 0.0 ], [ 39.29688027014609, -3.806410485624232, 0.0 ], [ 39.309454583278594, -3.798890302261623, 0.0 ], [ 39.315494240077548, -3.796345341166071, 0.0 ], [ 39.316393538723055, -3.795222336067025, 0.0 ], [ 39.318243791036018, -3.793740792407183, 0.0 ], [ 39.320021643692755, -3.79152061104425, 0.0 ], [ 39.322686999724368, -3.793087570383066, 0.0 ], [ 39.325904706683559, -3.791196033868535, 0.0 ], [ 39.328980460692826, -3.790316665856527, 0.0 ], [ 39.331183355689021, -3.789021610877272, 0.0 ], [ 39.332986426891672, -3.791272908279106, 0.0 ], [ 39.336961886889405, -3.79077851691588, 0.0 ], [ 39.342587076832849, -3.795277652752213, 0.0 ], [ 39.347676999722687, -3.795685001268998, 0.0 ], [ 39.348039810944016, -3.797821191143411, 0.0 ], [ 39.350023880189539, -3.798633039933738, 0.0 ], [ 39.352049030304606, -3.801990460655266, 0.0 ], [ 39.353870810777394, -3.806984191166149, 0.0 ], [ 39.354826645244259, -3.808568842737534, 0.0 ], [ 39.353861861882528, -3.813587587037146, 0.0 ], [ 39.354078654405662, -3.815054894952849, 0.0 ], [ 39.353145189304179, -3.819479190828731, 0.0 ], [ 39.351391334119093, -3.820832816228412, 0.0 ], [ 39.350646188772956, -3.828642191228679, 0.0 ], [ 39.349122955393881, -3.829817663796673, 0.0 ], [ 39.347363811901587, -3.835851422607214, 0.0 ], [ 39.349268159605735, -3.83900852564186, 0.0 ], [ 39.350158103769168, -3.845031098937488, 0.0 ], [ 39.348980188778377, -3.851966190992515, 0.0 ], [ 39.348039811347782, -3.853524812277617, 0.0 ], [ 39.347677000154697, -3.855661001417418, 0.0 ], [ 39.348182168800363, -3.856065501776671, 0.0 ], [ 39.346106177150844, -3.858907382633534, 0.0 ], [ 39.346479155710881, -3.86190850058786, 0.0 ], [ 39.34164434551797, -3.865202726558623, 0.0 ], [ 39.33683395280439, -3.867553441406199, 0.0 ], [ 39.334247250412638, -3.869148840091449, 0.0 ], [ 39.330774401081506, -3.869150206088276, 0.0 ], [ 39.32624471218891, -3.869455285896625, 0.0 ], [ 39.321327913195717, -3.867716295235732, 0.0 ], [ 39.319779390292567, -3.869033376620043, 0.0 ], [ 39.318171417849904, -3.870709523027846, 0.0 ], [ 39.316827410925576, -3.871716697362179, 0.0 ], [ 39.31680062209842, -3.871680030027766, 0.0 ], [ 39.316628633380127, -3.871865657157256, 0.0 ], [ 39.313924637586631, -3.872721637973173, 0.0 ], [ 39.312288329240921, -3.873587583956714, 0.0 ], [ 39.309016120019827, -3.873457834924574, 0.0 ], [ 39.307985038103268, -3.874570873688929, 0.0 ], [ 39.302753570918306, -3.873476545071872, 0.0 ], [ 39.297822275098618, -3.876869758925503, 0.0 ], [ 39.293110212245644, -3.874376249146225, 0.0 ], [ 39.292129566760565, -3.875434785654006, 0.0 ], [ 39.288019882865946, -3.874357946212123, 0.0 ], [ 39.285633143101897, -3.874452511667057, 0.0 ], [ 39.284072081158541, -3.872767395592999, 0.0 ], [ 39.275619652637801, -3.871886603934191, 0.0 ], [ 39.269625957376178, -3.872780412408714, 0.0 ], [ 39.268116144878931, -3.872720620559198, 0.0 ], [ 39.265210000256381, -3.873154000612109, 0.0 ], [ 39.263544000098463, -3.869822000712206, 0.0 ], [ 39.262255859999257, -3.869443937323433, 0.0 ], [ 39.26066714007937, -3.868534064862414, 0.0 ], [ 39.256590809298004, -3.866766176438316, 0.0 ], [ 39.254527832644762, -3.866976459563806, 0.0 ], [ 39.253098960778516, -3.868696556162918, 0.0 ], [ 39.250632500355323, -3.868445192414435, 0.0 ], [ 39.24265473591862, -3.869258262045969, 0.0 ], [ 39.237403744275959, -3.865479053154272, 0.0 ], [ 39.234844140355321, -3.866944936890179, 0.0 ], [ 39.231652465114337, -3.867701064203208, 0.0 ], [ 39.229807499845329, -3.863447191665434, 0.0 ], [ 39.226573118272093, -3.863776854221798, 0.0 ], [ 39.225544883163572, -3.862539147729835, 0.0 ], [ 39.220930843750182, -3.863009541975435, 0.0 ], [ 39.219017140305141, -3.866111938356917, 0.0 ], [ 39.217108318408592, -3.868763872411404, 0.0 ], [ 39.214326635373482, -3.86848037487165, 0.0 ], [ 39.213027106135392, -3.871476613276589, 0.0 ], [ 39.209398999740614, -3.873987001251064, 0.0 ], [ 39.206237016630688, -3.871975273620273, 0.0 ], [ 39.202159872012061, -3.871093261927969, 0.0 ], [ 39.200698461251029, -3.862695336212249, 0.0 ], [ 39.199773539232503, -3.861121665958053, 0.0 ], [ 39.199032461390296, -3.858530335632091, 0.0 ], [ 39.198107539298228, -3.85778966607245, 0.0 ], [ 39.197010565258267, -3.85148746002458, 0.0 ], [ 39.197377037211936, -3.848542673924724, 0.0 ], [ 39.196441539113131, -3.847793665719843, 0.0 ], [ 39.195055373949941, -3.846062791005264, 0.0 ], [ 39.188784690352676, -3.84515007021787, 0.0 ], [ 39.187370460714305, -3.840204335698702, 0.0 ], [ 39.185425438848959, -3.837541828318533, 0.0 ], [ 39.185710156252568, -3.83525250102946, 0.0 ], [ 39.185468552569994, -3.833310122167619, 0.0 ], [ 39.180843938738292, -3.831361236403916, 0.0 ], [ 39.179873461285311, -3.82687633555153, 0.0 ], [ 39.177915016990219, -3.824195117867565, 0.0 ], [ 39.174945013966884, -3.824564639193104, 0.0 ], [ 39.172930439244553, -3.823380421230213, 0.0 ], [ 39.173318874181831, -3.820258500706073, 0.0 ], [ 39.173111843731007, -3.818592500983095, 0.0 ], [ 39.17321840979649, -3.8177359100633, 0.0 ], [ 39.172284539034699, -3.815306666281435, 0.0 ], [ 39.171543461123484, -3.812715335914704, 0.0 ], [ 39.170618538560859, -3.811974665696924, 0.0 ], [ 39.169877460767061, -3.809383336051572, 0.0 ], [ 39.169414999696109, -3.808180000576753, 0.0 ], [ 39.169907967423107, -3.807839765180807, 0.0 ], [ 39.170588033082268, -3.805188237894094, 0.0 ], [ 39.172254032555315, -3.802629854315773, 0.0 ], [ 39.171477162855275, -3.797941991733209, 0.0 ], [ 39.169907966863285, -3.795192238031939, 0.0 ], [ 39.168089032733214, -3.794511764789918, 0.0 ], [ 39.166923321424314, -3.792823394336606, 0.0 ], [ 39.164076967145995, -3.791758145896393, 0.0 ], [ 39.166113911789083, -3.787075571852147, 0.0 ], [ 39.166916000066301, -3.78652200059931, 0.0 ], [ 39.165725883773852, -3.783426113304875, 0.0 ], [ 39.164682599574824, -3.777431603865553, 0.0 ], [ 39.161085000284885, -3.777879015824501, 0.0 ], [ 39.158193498147334, -3.777519458605214, 0.0 ], [ 39.15310886195045, -3.774530542923768, 0.0 ], [ 39.153223155917807, -3.773610501273525, 0.0 ], [ 39.153047038205131, -3.772192204699207, 0.0 ], [ 39.151449777098108, -3.769475395864416, 0.0 ], [ 39.151795097750089, -3.766700830875278, 0.0 ], [ 39.151089000134782, -3.764864001032828, 0.0 ], [ 39.15405046082612, -3.762827665648691, 0.0 ], [ 39.155347957394262, -3.761207423591903, 0.0 ], [ 39.15900249991904, -3.760752894162164, 0.0 ], [ 39.164048902283739, -3.76138049099187, 0.0 ], [ 39.166545461222249, -3.760328666118804, 0.0 ], [ 39.168918778787301, -3.757365171127178, 0.0 ], [ 39.172284538941973, -3.75607133639165, 0.0 ], [ 39.1750906261952, -3.75526904466251, 0.0 ], [ 39.177005957130831, -3.752877423835618, 0.0 ], [ 39.178471434696796, -3.752695204818232, 0.0 ], [ 39.181539461313378, -3.753572336388986, 0.0 ], [ 39.183527598373871, -3.754740894993, 0.0 ], [ 39.18488203733655, -3.753656327638852, 0.0 ], [ 39.184666871753599, -3.751926062938268, 0.0 ], [ 39.189036460646001, -3.751165666339959, 0.0 ], [ 39.19037056300774, -3.749499666285869, 0.0 ], [ 39.191535461096578, -3.750240335805274, 0.0 ], [ 39.192278571987529, -3.751168105617628, 0.0 ], [ 39.196672158588648, -3.75468191824356, 0.0 ], [ 39.201531461007761, -3.756071336395026, 0.0 ], [ 39.20310553920266, -3.756996665956089, 0.0 ], [ 39.20591162567171, -3.75779895667839, 0.0 ], [ 39.208483025193559, -3.761009749358477, 0.0 ], [ 39.209846005274088, -3.75930754925716, 0.0 ], [ 39.213950401028825, -3.756894981276302, 0.0 ], [ 39.215230000416341, -3.757054016313707, 0.0 ], [ 39.219091572961624, -3.756573860761856, 0.0 ], [ 39.221431538759191, -3.759495665557208, 0.0 ], [ 39.223560000185593, -3.759866000553122, 0.0 ] ] ] ] } },
{ "type": "Feature", "properties": { "OBJECTID_1": 572, "OBJECTID": 1054, "WRUA_NAME": "Nzovuni Gandini", "SRO": "Coastal Athi", "Area": 128.19, "status": "Formed", "Basin": "ACA", "B_code": 20, "Areakm2": 128.28, "CentroidX": 39.491234, "CentroidY": -4.055515, "Subbasin": "3MB", "layer": "Nzovuni Gandini", "path": "X:/Mwache Catchment/Data/Vector/Mwache WRUA Subcatchment Boundary/Individual Mwache WRUAs/Nzovuni Gandini.shp" }, "geometry": { "type": "MultiPolygon", "coordinates": [ [ [ [ 39.636057015603512, -4.012304452120938, 0.0 ], [ 39.636843817906822, -4.012662864367664, 0.0 ], [ 39.637738011704322, -4.013200704001738, 0.0 ], [ 39.63871575657312, -4.013906022762201, 0.0 ], [ 39.639491387627885, -4.015221843964332, 0.0 ], [ 39.639194764775027, -4.01689753055213, 0.0 ], [ 39.639016987220039, -4.018154261787474, 0.0 ], [ 39.639197466855094, -4.020368113993653, 0.0 ], [ 39.639496515396047, -4.021803982705405, 0.0 ], [ 39.639914641914793, -4.023120082025686, 0.0 ], [ 39.640489606721488, -4.023902641168773, 0.0 ], [ 39.64027209594348, -4.024515829799311, 0.0 ], [ 39.640456333222069, -4.025345413361157, 0.0 ], [ 39.641741378768572, -4.025252207044092, 0.0 ], [ 39.642660694331447, -4.027003127197757, 0.0 ], [ 39.643487567881792, -4.02792439163556, 0.0 ], [ 39.645598402877738, -4.027369564699166, 0.0 ], [ 39.648076777296588, -4.027275399606021, 0.0 ], [ 39.649912735264905, -4.027366125346097, 0.0 ], [ 39.649832081569805, -4.029012470878444, 0.0 ], [ 39.649456029944147, -4.030224435774619, 0.0 ], [ 39.648172292845302, -4.031977106273397, 0.0 ], [ 39.647818313554268, -4.032729171685743, 0.0 ], [ 39.645561948262589, -4.032818705794936, 0.0 ], [ 39.638910278848208, -4.03071270369991, 0.0 ], [ 39.637615375898541, -4.031340128020942, 0.0 ], [ 39.636514553694042, -4.032262912292515, 0.0 ], [ 39.635964714563549, -4.033461840069306, 0.0 ], [ 39.635506814410732, -4.03484507932693, 0.0 ], [ 39.636333258941853, -4.035213199378793, 0.0 ], [ 39.637894643225316, -4.036318275789972, 0.0 ], [ 39.638905618843381, -4.037884743339069, 0.0 ], [ 39.639226336090985, -4.038848522204672, 0.0 ], [ 39.638209184622333, -4.040017847915331, 0.0 ], [ 39.634415716954258, -4.041004211397246, 0.0 ], [ 39.629764429730521, -4.040639075091432, 0.0 ], [ 39.628314877983264, -4.040745368334528, 0.0 ], [ 39.627278087205504, -4.040782075284808, 0.0 ], [ 39.626134093862689, -4.040890668125927, 0.0 ], [ 39.625168807883455, -4.04092731711617, 0.0 ], [ 39.624382310212461, -4.040999729264536, 0.0 ], [ 39.623739041017572, -4.041359252159191, 0.0 ], [ 39.62288131186223, -4.041790744016636, 0.0 ], [ 39.621987829763256, -4.042222264386206, 0.0 ], [ 39.621416009373817, -4.042509924656299, 0.0 ], [ 39.620736712367439, -4.04251044595699, 0.0 ], [ 39.619851653816369, -4.042244725132624, 0.0 ], [ 39.617524840687707, -4.040525579861241, 0.0 ], [ 39.611160201315457, -4.040407486144568, 0.0 ], [ 39.605653507775365, -4.041886704858131, 0.0 ], [ 39.602226794228585, -4.04238095592496, 0.0 ], [ 39.598431893883948, -4.041523306272419, 0.0 ], [ 39.594542859688644, -4.041721468705992, 0.0 ], [ 39.593385162158093, -4.041382070308961, 0.0 ], [ 39.591704866636348, -4.041491008234397, 0.0 ], [ 39.590310696360589, -4.041743347288138, 0.0 ], [ 39.58895209479121, -4.041744336013506, 0.0 ], [ 39.587629556996731, -4.042176132320394, 0.0 ], [ 39.586700167919567, -4.042428127004269, 0.0 ], [ 39.585841896839675, -4.042141524910656, 0.0 ], [ 39.585055080906109, -4.041783065339919, 0.0 ], [ 39.584697758745449, -4.042070547399321, 0.0 ], [ 39.585020022675657, -4.04275247040494, 0.0 ], [ 39.584627103145856, -4.04325539544895, 0.0 ], [ 39.584054878609038, -4.043004488107291, 0.0 ], [ 39.58358973399519, -4.042502181594729, 0.0 ], [ 39.583053186383601, -4.042143538594898, 0.0 ], [ 39.5826238206648, -4.041677109826933, 0.0 ], [ 39.582766446696496, -4.041138463444591, 0.0 ], [ 39.583123794040482, -4.040886884603809, 0.0 ], [ 39.583660084101105, -4.040886498175853, 0.0 ], [ 39.584124662575555, -4.040598940124172, 0.0 ], [ 39.584124278236146, -4.040060395897269, 0.0 ], [ 39.583766160785522, -4.039234885646978, 0.0 ], [ 39.583908786741098, -4.038696239201931, 0.0 ], [ 39.584230252309396, -4.038265171989517, 0.0 ], [ 39.584372824714478, -4.037654718898507, 0.0 ], [ 39.58455410038664, -4.036626481738379, 0.0 ], [ 39.585331579042318, -4.036001312413005, 0.0 ], [ 39.586062955313331, -4.031821373306608, 0.0 ], [ 39.585992590734193, -4.030222493136923, 0.0 ], [ 39.586369328215405, -4.029790532659403, 0.0 ], [ 39.586511925025853, -4.029215982818899, 0.0 ], [ 39.586976136857494, -4.028425783362453, 0.0 ], [ 39.587333142972383, -4.027707466109307, 0.0 ], [ 39.587332472836792, -4.026773990231289, 0.0 ], [ 39.587439162844554, -4.025984048202789, 0.0 ], [ 39.587724920585671, -4.025624812012216, 0.0 ], [ 39.588046122219936, -4.024834714829248, 0.0 ], [ 39.587974052022929, -4.024044903013122, 0.0 ], [ 39.587294560405731, -4.023758170275569, 0.0 ], [ 39.586615403110088, -4.023938175390649, 0.0 ], [ 39.585972177348189, -4.024369474687459, 0.0 ], [ 39.585221565764812, -4.024621336022003, 0.0 ], [ 39.584113204637134, -4.024550327425489, 0.0 ], [ 39.582933390809785, -4.024551174326172, 0.0 ], [ 39.581824927602256, -4.024336550114969, 0.0 ], [ 39.580823822551132, -4.024265460164953, 0.0 ], [ 39.579500950171578, -4.024194598380957, 0.0 ], [ 39.577999419098148, -4.024267473166274, 0.0 ], [ 39.576461982641689, -4.024124953043282, 0.0 ], [ 39.574485544097399, -4.023994322378686, 0.0 ], [ 39.573573022582067, -4.023717305063821, 0.0 ], [ 39.571980535420288, -4.02175163990953, 0.0 ], [ 39.570511045733376, -4.020646355298583, 0.0 ], [ 39.567082762730557, -4.018804886714475, 0.0 ], [ 39.565855785146667, -4.014380464880416, 0.0 ], [ 39.563406000990959, -4.011554901369783, 0.0 ], [ 39.562426697267419, -4.011309727811883, 0.0 ], [ 39.559613353953999, -4.013770153102589, 0.0 ], [ 39.558526309656486, -4.014559788091985, 0.0 ], [ 39.557411374644353, -4.015369680592427, 0.0 ], [ 39.556282697623352, -4.015467415389127, 0.0 ], [ 39.554995926754025, -4.015899129899578, 0.0 ], [ 39.553422995604606, -4.016115619408742, 0.0 ], [ 39.552851885994691, -4.017480327373866, 0.0 ], [ 39.55292450167714, -4.019131822883812, 0.0 ], [ 39.552138540304, -4.0199940333257, 0.0 ], [ 39.55128121731984, -4.021071709246469, 0.0 ], [ 39.550351810155362, -4.02128775707383, 0.0 ], [ 39.549136530091047, -4.021719417386747, 0.0 ], [ 39.548136385173855, -4.023084412070874, 0.0 ], [ 39.547136379942167, -4.024664826359201, 0.0 ], [ 39.547137386572324, -4.026172759334665, 0.0 ], [ 39.547495820767892, -4.027536838964005, 0.0 ], [ 39.548354789201603, -4.028900581283432, 0.0 ], [ 39.548498664157734, -4.030192997734359, 0.0 ], [ 39.547926962405924, -4.030696028242184, 0.0 ], [ 39.546773447745068, -4.03074247894307, 0.0 ], [ 39.5460399672045, -4.030006811980611, 0.0 ], [ 39.544787476869494, -4.028750583059368, 0.0 ], [ 39.545259631956611, -4.02825185885983, 0.0 ], [ 39.545640592314804, -4.027653216998948, 0.0 ], [ 39.545830791874373, -4.026935024928866, 0.0 ], [ 39.545973339067714, -4.026240800885281, 0.0 ], [ 39.54611577355503, -4.025379029304696, 0.0 ], [ 39.546139097691785, -4.024613078210857, 0.0 ], [ 39.54609099835811, -4.023966853373304, 0.0 ], [ 39.545899936989251, -4.023392529849543, 0.0 ], [ 39.545518390125906, -4.023105560877758, 0.0 ], [ 39.545160662893444, -4.02279463879279, 0.0 ], [ 39.544755487941281, -4.022818846322638, 0.0 ], [ 39.544411549888395, -4.023044823793951, 0.0 ], [ 39.542728625553039, -4.022017534231024, 0.0 ], [ 39.539789795795095, -4.019929767707362, 0.0 ], [ 39.538730400884987, -4.018253333979702, 0.0 ], [ 39.537490029027936, -4.016770152590707, 0.0 ], [ 39.536965354697024, -4.016291789225965, 0.0 ], [ 39.536297549779526, -4.015622034785169, 0.0 ], [ 39.535582482293769, -4.015574633953642, 0.0 ], [ 39.5348675688249, -4.015766587641965, 0.0 ], [ 39.533819127654837, -4.016198114668432, 0.0 ], [ 39.532675409405307, -4.01672544530066, 0.0 ], [ 39.531436133783629, -4.016917738978352, 0.0 ], [ 39.531103191634045, -4.018066860969514, 0.0 ], [ 39.531148825969822, -4.019500700085308, 0.0 ], [ 39.531099599185843, -4.019566710899811, 0.0 ], [ 39.53167587117499, -4.020227296648846, 0.0 ], [ 39.532814388683441, -4.021532390168057, 0.0 ], [ 39.534284399258659, -4.023498224608, 0.0 ], [ 39.534774698119641, -4.024604227201687, 0.0 ], [ 39.536243431648394, -4.024603259650581, 0.0 ], [ 39.536977864396341, -4.025616079894787, 0.0 ], [ 39.536475284776913, -4.026104471615453, 0.0 ], [ 39.53597510500056, -4.02664335077648, 0.0 ], [ 39.535403442583686, -4.027218179557321, 0.0 ], [ 39.534617008678225, -4.027398213885478, 0.0 ], [ 39.533651812366458, -4.027578364957227, 0.0 ], [ 39.533616620977455, -4.028440065660286, 0.0 ], [ 39.533688921241897, -4.02966073035441, 0.0 ], [ 39.533654057804604, -4.031025077308579, 0.0 ], [ 39.534297955330928, -4.031563201949693, 0.0 ], [ 39.534584703170175, -4.032676014122947, 0.0 ], [ 39.534621440808529, -4.034183927277466, 0.0 ], [ 39.534657851140615, -4.035189194209474, 0.0 ], [ 39.535659579584717, -4.03618664267392, 0.0 ], [ 39.536517786747567, -4.036401495016237, 0.0 ], [ 39.537769345897395, -4.036723795433792, 0.0 ], [ 39.539521207258346, -4.036686726626479, 0.0 ], [ 39.541130080205392, -4.036685654938585, 0.0 ], [ 39.542631598979952, -4.036541037592043, 0.0 ], [ 39.544061754991439, -4.036611886005401, 0.0 ], [ 39.545409799881199, -4.03686230225909, 0.0 ], [ 39.546089077354758, -4.036825941270914, 0.0 ], [ 39.546532518282824, -4.036520102015393, 0.0 ], [ 39.546901187019785, -4.038732497107675, 0.0 ], [ 39.544576311031612, -4.03971746103001, 0.0 ], [ 39.543962628792187, -4.039971726062506, 0.0 ], [ 39.542799931073283, -4.039973265213979, 0.0 ], [ 39.542120744920901, -4.040153236291131, 0.0 ], [ 39.54122687583353, -4.04008202792677, 0.0 ], [ 39.54026140614755, -4.039867252838212, 0.0 ], [ 39.539403193865603, -4.039652406005265, 0.0 ], [ 39.538724127064057, -4.040011890445703, 0.0 ], [ 39.538724742938165, -4.040945373854852, 0.0 ], [ 39.538725215884554, -4.041663438419105, 0.0 ], [ 39.538791144944547, -4.042129556097338, 0.0 ], [ 39.538091072272799, -4.042426143356268, 0.0 ], [ 39.537313907753749, -4.043082553772601, 0.0 ], [ 39.536211522846479, -4.043083285005897, 0.0 ], [ 39.535318088946106, -4.043682264237356, 0.0 ], [ 39.534633332073483, -4.044460620184696, 0.0 ], [ 39.534544400228661, -4.04514882487482, 0.0 ], [ 39.534872686939273, -4.045986349732109, 0.0 ], [ 39.534754216078866, -4.047063525964765, 0.0 ], [ 39.534963266628182, -4.047811371345054, 0.0 ], [ 39.535529478012805, -4.047990512676511, 0.0 ], [ 39.535946206088497, -4.047391848870783, 0.0 ], [ 39.536690494150164, -4.046523694064161, 0.0 ], [ 39.53746500790605, -4.046313743971472, 0.0 ], [ 39.538120719996101, -4.046672340273725, 0.0 ], [ 39.538925027661904, -4.046462368983414, 0.0 ], [ 39.53969936317592, -4.045983142698004, 0.0 ], [ 39.540444260352217, -4.046042483908971, 0.0 ], [ 39.541248982670687, -4.046460816623929, 0.0 ], [ 39.54214324968455, -4.047118443171902, 0.0 ], [ 39.542769309138784, -4.047686489735733, 0.0 ], [ 39.543752762118281, -4.048044860832798, 0.0 ], [ 39.544676366242754, -4.048014319589575, 0.0 ], [ 39.545481114079479, -4.048462566831654, 0.0 ], [ 39.546255566059976, -4.04816285043986, 0.0 ], [ 39.546165441247652, -4.047055897093008, 0.0 ], [ 39.546423318810689, -4.046282162596269, 0.0 ], [ 39.547640596075986, -4.046230400309456, 0.0 ], [ 39.548290300986039, -4.046952134371304, 0.0 ], [ 39.548266899667823, -4.047598406797457, 0.0 ], [ 39.547957344662549, -4.048053389821247, 0.0 ], [ 39.547600102998921, -4.048484470892619, 0.0 ], [ 39.547433495622755, -4.048843614725159, 0.0 ], [ 39.547696087929943, -4.049441823184727, 0.0 ], [ 39.548220614292553, -4.049656885983852, 0.0 ], [ 39.548840272806125, -4.049560724000409, 0.0 ], [ 39.549435902274006, -4.049177352334441, 0.0 ], [ 39.549983746916546, -4.048626463611091, 0.0 ], [ 39.550698470663306, -4.048123333798701, 0.0 ], [ 39.55172305495698, -4.047619991122007, 0.0 ], [ 39.553224702769477, -4.047642899823076, 0.0 ], [ 39.554154398091541, -4.047809811174661, 0.0 ], [ 39.55545388427722, -4.04824095894166, 0.0 ], [ 39.556503034609072, -4.048814686752431, 0.0 ], [ 39.557170919129561, -4.049532289052413, 0.0 ], [ 39.556885678657252, -4.05068138471619, 0.0 ], [ 39.555170045394156, -4.051448498649899, 0.0 ], [ 39.554026231778245, -4.051880121730553, 0.0 ], [ 39.553169031147675, -4.05317322222035, 0.0 ], [ 39.552788408847242, -4.05427451161505, 0.0 ], [ 39.553074924687543, -4.054992379141629, 0.0 ], [ 39.554075533214153, -4.054273629809133, 0.0 ], [ 39.554837912601599, -4.053746527385558, 0.0 ], [ 39.555934024057507, -4.053267063803032, 0.0 ], [ 39.557125704244747, -4.053122630043502, 0.0 ], [ 39.558269876604804, -4.053217580645727, 0.0 ], [ 39.559176088802886, -4.053887144606447, 0.0 ], [ 39.559843286768384, -4.05359945793152, 0.0 ], [ 39.5597949578898, -4.052642076159172, 0.0 ], [ 39.559746398038371, -4.05134959755423, 0.0 ], [ 39.560126975833782, -4.050200436226801, 0.0 ], [ 39.560460113079039, -4.049386401054909, 0.0 ], [ 39.560554696950085, -4.048285307199704, 0.0 ], [ 39.560410269628605, -4.046226963723862, 0.0 ], [ 39.560409349440945, -4.044886581938565, 0.0 ], [ 39.560980804143078, -4.044024511579289, 0.0 ], [ 39.56131413460205, -4.043497702206453, 0.0 ], [ 39.561265970860255, -4.042779674378503, 0.0 ], [ 39.5609316517221, -4.041870360905362, 0.0 ], [ 39.561264358076393, -4.040434005919566, 0.0 ], [ 39.562455326344931, -4.039284281322351, 0.0 ], [ 39.563646950921452, -4.039091969956141, 0.0 ], [ 39.564505280366753, -4.039474338161861, 0.0 ], [ 39.564029337760445, -4.040575697570423, 0.0 ], [ 39.563362448166856, -4.041294222863732, 0.0 ], [ 39.562743591125688, -4.042539294235334, 0.0 ], [ 39.562220073002258, -4.043784298209028, 0.0 ], [ 39.561934643811931, -4.044646169688901, 0.0 ], [ 39.561840060668743, -4.045747264390096, 0.0 ], [ 39.561793347245391, -4.047135548999412, 0.0 ], [ 39.562127735400779, -4.048140602568404, 0.0 ], [ 39.562700512016875, -4.049193360850376, 0.0 ], [ 39.563259396967815, -4.050140421610857, 0.0 ], [ 39.564213811419371, -4.051575878853795, 0.0 ], [ 39.56478639429924, -4.052341410190961, 0.0 ], [ 39.565692010118553, -4.05214929329861, 0.0 ], [ 39.566788342578832, -4.052004911627636, 0.0 ], [ 39.5677892996057, -4.051812725571144, 0.0 ], [ 39.568314450211723, -4.052913382810628, 0.0 ], [ 39.569078726208701, -4.055114897371679, 0.0 ], [ 39.569128072409782, -4.057508398139218, 0.0 ], [ 39.569129914984138, -4.06014128499371, 0.0 ], [ 39.569035611981754, -4.061625343342365, 0.0 ], [ 39.569179818266001, -4.06332465082305, 0.0 ], [ 39.569132514655465, -4.063851262371729, 0.0 ], [ 39.568417137585172, -4.063420932306459, 0.0 ], [ 39.567845045440848, -4.06337346415385, 0.0 ], [ 39.567368529388098, -4.063661024661434, 0.0 ], [ 39.566701260350385, -4.063852977384217, 0.0 ], [ 39.566190400643137, -4.063437252279032, 0.0 ], [ 39.565642009586838, -4.063198283962874, 0.0 ], [ 39.564688277134799, -4.062768115812352, 0.0 ], [ 39.56390146209359, -4.062433573238176, 0.0 ], [ 39.563424000094763, -4.06224500092601, 0.0 ], [ 39.561328078227945, -4.061787826923, 0.0 ], [ 39.559706412076096, -4.062692413051403, 0.0 ], [ 39.553447929973579, -4.064395832953602, 0.0 ], [ 39.55136339581496, -4.06422866401118, 0.0 ], [ 39.548859922275909, -4.067715223919519, 0.0 ], [ 39.547211411846234, -4.066795589056058, 0.0 ], [ 39.544312587759329, -4.065922729439562, 0.0 ], [ 39.542598999659113, -4.06606061209863, 0.0 ], [ 39.540100001151075, -4.065859684375726, 0.0 ], [ 39.535809724896282, -4.066204192143372, 0.0 ], [ 39.53322002236564, -4.064759456634812, 0.0 ], [ 39.523289100066997, -4.066105759764502, 0.0 ], [ 39.519722411987985, -4.06512958895676, 0.0 ], [ 39.515474031448619, -4.064164398875478, 0.0 ], [ 39.512194500214399, -4.064427964822501, 0.0 ], [ 39.509614558553466, -4.064220527661009, 0.0 ], [ 39.50728923706486, -4.066919236714126, 0.0 ], [ 39.502167587714723, -4.06846158882904, 0.0 ], [ 39.498897412294312, -4.071022412670198, 0.0 ], [ 39.492259036989303, -4.072829551345167, 0.0 ], [ 39.489686418114218, -4.07262252069521, 0.0 ], [ 39.48610061159539, -4.073603980799598, 0.0 ], [ 39.484736413275662, -4.075187412887713, 0.0 ], [ 39.481597612797728, -4.077891815135635, 0.0 ], [ 39.480451018395286, -4.084178768940481, 0.0 ], [ 39.47763923592656, -4.088144467340724, 0.0 ], [ 39.473446577696095, -4.08940657665485, 0.0 ], [ 39.47224141293291, -4.096012412725711, 0.0 ], [ 39.471346587571901, -4.097616588771489, 0.0 ], [ 39.470367569397816, -4.100868461112048, 0.0 ], [ 39.466348589398173, -4.10178158894273, 0.0 ], [ 39.463911413116406, -4.103509412612825, 0.0 ], [ 39.459194062447828, -4.104370071799588, 0.0 ], [ 39.457894532936272, -4.104265539017602, 0.0 ], [ 39.456028823575579, -4.100084676230162, 0.0 ], [ 39.454510470140598, -4.097362783907341, 0.0 ], [ 39.449978591772911, -4.097727221418888, 0.0 ], [ 39.441373637323657, -4.105095691877212, 0.0 ], [ 39.44058741160579, -4.106008413085336, 0.0 ], [ 39.438797763759162, -4.10755076465029, 0.0 ], [ 39.436472441304751, -4.110249473451253, 0.0 ], [ 39.432405872235002, -4.109922454679635, 0.0 ], [ 39.429758413314111, -4.108445588835972, 0.0 ], [ 39.428030587567903, -4.107674413153282, 0.0 ], [ 39.426426411969146, -4.106779588851515, 0.0 ], [ 39.421915683599657, -4.105175412984172, 0.0 ], [ 39.41892168495518, -4.106845886739672, 0.0 ], [ 39.417649000815686, -4.106743389184428, 0.0 ], [ 39.414791663285015, -4.106973195695138, 0.0 ], [ 39.410940665427077, -4.113121451717126, 0.0 ], [ 39.407408551329965, -4.114276589230323, 0.0 ], [ 39.399529623288501, -4.11255812025769, 0.0 ], [ 39.394780954233461, -4.112939640418398, 0.0 ], [ 39.389455529024644, -4.115910863308345, 0.0 ], [ 39.3847145883812, -4.116775589002328, 0.0 ], [ 39.383079501326648, -4.117687903197185, 0.0 ], [ 39.381444411971451, -4.116775588276775, 0.0 ], [ 39.378253550749534, -4.116004412646221, 0.0 ], [ 39.37068943900573, -4.118782028925692, 0.0 ], [ 39.366002999803598, -4.118405389144018, 0.0 ], [ 39.364753499970398, -4.118505854287777, 0.0 ], [ 39.36267100023845, -4.118338684415255, 0.0 ], [ 39.360172000341301, -4.118539613195979, 0.0 ], [ 39.356168881687495, -4.1182178826742, 0.0 ], [ 39.354341000297694, -4.118889001393375, 0.0 ], [ 39.35175089111447, -4.119818398297346, 0.0 ], [ 39.347607855205993, -4.115181581772918, 0.0 ], [ 39.340863727257187, -4.116987905884359, 0.0 ], [ 39.338867048575061, -4.115902729235996, 0.0 ], [ 39.335104720365635, -4.116127248063082, 0.0 ], [ 39.331808513143621, -4.114944452755784, 0.0 ], [ 39.324832545056168, -4.115360140329658, 0.0 ], [ 39.322986359976603, -4.113293909003088, 0.0 ], [ 39.321853999825002, -4.10722700091287, 0.0 ], [ 39.323072587696323, -4.106779588714469, 0.0 ], [ 39.32826541640371, -4.105988075572418, 0.0 ], [ 39.332020015900262, -4.101629875069976, 0.0 ], [ 39.33476550111677, -4.100098099227454, 0.0 ], [ 39.33758419695306, -4.101670955857371, 0.0 ], [ 39.34067744096928, -4.101919473349644, 0.0 ], [ 39.343587654143278, -4.098541511176821, 0.0 ], [ 39.346010999585552, -4.098346684554341, 0.0 ], [ 39.350176000275752, -4.098681429591009, 0.0 ], [ 39.3551378005846, -4.09828241882356, 0.0 ], [ 39.360619413167292, -4.099282588872741, 0.0 ], [ 39.36360568527946, -4.100948589262563, 0.0 ], [ 39.36561741297669, -4.099344412615578, 0.0 ], [ 39.367697878576131, -4.09468237934921, 0.0 ], [ 39.37558249972944, -4.09531567119866, 0.0 ], [ 39.378497999665932, -4.095081389249353, 0.0 ], [ 39.380498746227602, -4.095242457270052, 0.0 ], [ 39.38253772414469, -4.094104811029462, 0.0 ], [ 39.388015269432167, -4.094544901424522, 0.0 ], [ 39.392425126150982, -4.093216900627903, 0.0 ], [ 39.397380825084511, -4.090113080725919, 0.0 ], [ 39.403718213982877, -4.084653025697902, 0.0 ], [ 39.40734753964697, -4.079598895866985, 0.0 ], [ 39.409766412150773, -4.078519412908941, 0.0 ], [ 39.415639712871659, -4.073919609712204, 0.0 ], [ 39.423480000421776, -4.073289572706793, 0.0 ], [ 39.426511013717686, -4.073533208929101, 0.0 ], [ 39.428774106150072, -4.068461589094161, 0.0 ], [ 39.433806271280709, -4.064520295432237, 0.0 ], [ 39.437193587751757, -4.062630588656644, 0.0 ], [ 39.439754411924824, -4.061859412639111, 0.0 ], [ 39.445104241364007, -4.058520497587912, 0.0 ], [ 39.451416412896229, -4.057694413073962, 0.0 ], [ 39.455747767770013, -4.056104065829045, 0.0 ], [ 39.45974641232975, -4.055195412795518, 0.0 ], [ 39.46189968498291, -4.052696413206034, 0.0 ], [ 39.46557741186097, -4.053467588089097, 0.0 ], [ 39.467335335399348, -4.05550778812974, 0.0 ], [ 39.475988285369674, -4.051863413118459, 0.0 ], [ 39.478072411599491, -4.052634588651491, 0.0 ], [ 39.481574836223949, -4.055377224877441, 0.0 ], [ 39.483517824358152, -4.051894325032199, 0.0 ], [ 39.484674588012176, -4.049302588209622, 0.0 ], [ 39.485569413363145, -4.047698412932919, 0.0 ], [ 39.487061734642232, -4.044354616614063, 0.0 ], [ 39.489088918945939, -4.043450031141136, 0.0 ], [ 39.49089117614453, -4.041358176908636, 0.0 ], [ 39.492233411883973, -4.040201412605269, 0.0 ], [ 39.493334046425169, -4.038923847933438, 0.0 ], [ 39.49955836198032, -4.04062726809383, 0.0 ], [ 39.505499587906129, -4.035974588089273, 0.0 ], [ 39.507803353559659, -4.034946354891042, 0.0 ], [ 39.510373533196244, -4.029186533778981, 0.0 ], [ 39.512611001319648, -4.027259001400294, 0.0 ], [ 39.513699431889677, -4.025848432606436, 0.0 ], [ 39.516414002602332, -4.023753730194377, 0.0 ], [ 39.518912190301442, -4.022731190945281, 0.0 ], [ 39.521303810822531, -4.020957811609014, 0.0 ], [ 39.524462539985123, -4.019665196807685, 0.0 ], [ 39.526771999920321, -4.013931000957269, 0.0 ], [ 39.52811626999398, -4.011777321647978, 0.0 ], [ 39.527812029737078, -4.007993434720101, 0.0 ], [ 39.531397834716778, -4.003831689309498, 0.0 ], [ 39.538954217936364, -3.999615846936431, 0.0 ], [ 39.540994823803047, -4.0013741774347, 0.0 ], [ 39.54176600130846, -4.002269001153733, 0.0 ], [ 39.542228462173263, -4.001898463311813, 0.0 ], [ 39.543802539087139, -3.999307538651307, 0.0 ], [ 39.545455116731823, -3.997984012798748, 0.0 ], [ 39.546666382576426, -3.995108780783694, 0.0 ], [ 39.543265237174666, -3.989322725148456, 0.0 ], [ 39.545097999859571, -3.986442000663101, 0.0 ], [ 39.546371091116612, -3.986835113083673, 0.0 ], [ 39.54920809086542, -3.988816945861737, 0.0 ], [ 39.552530735572439, -3.987011230965906, 0.0 ], [ 39.556280048550121, -3.986787729042893, 0.0 ], [ 39.559400138013096, -3.988483216631353, 0.0 ], [ 39.560508500790917, -3.988549311356157, 0.0 ], [ 39.561360209599286, -3.988498468651178, 0.0 ], [ 39.562983909990315, -3.989380887951474, 0.0 ], [ 39.565774948300742, -3.990242766696559, 0.0 ], [ 39.569424202578077, -3.994326622086595, 0.0 ], [ 39.573027091081705, -3.995164909906466, 0.0 ], [ 39.573882054993994, -3.997028177650828, 0.0 ], [ 39.576034920076289, -3.998952050255609, 0.0 ], [ 39.576905949441901, -4.000106639180609, 0.0 ], [ 39.578694880806637, -4.002080042262088, 0.0 ], [ 39.581139215147971, -4.003993134011727, 0.0 ], [ 39.5835831779561, -4.005367672869218, 0.0 ], [ 39.587218042906727, -4.005604420853812, 0.0 ], [ 39.592759286912155, -4.005361064995236, 0.0 ], [ 39.595678435142673, -4.004640882784392, 0.0 ], [ 39.597081186791378, -4.004291304380834, 0.0 ], [ 39.598410000414333, -4.00476800176409, 0.0 ], [ 39.601726789266081, -4.005294669605339, 0.0 ], [ 39.604017216079718, -4.005354314319929, 0.0 ], [ 39.607222594647624, -4.005398691014959, 0.0 ], [ 39.610368253731501, -4.005360850213622, 0.0 ], [ 39.611498759380417, -4.00534725015139, 0.0 ], [ 39.614463152268556, -4.005453273140711, 0.0 ], [ 39.618053269813231, -4.005581669380307, 0.0 ], [ 39.621688483933795, -4.006296964450593, 0.0 ], [ 39.624593448129389, -4.007365354157608, 0.0 ], [ 39.626397003300291, -4.008028663204675, 0.0 ], [ 39.627065032770162, -4.008435271287434, 0.0 ], [ 39.629735311893313, -4.010060578557715, 0.0 ], [ 39.631881750604173, -4.011854051776185, 0.0 ], [ 39.636057015603512, -4.012304452120938, 0.0 ] ] ], [ [ [ 39.566218092702982, -4.034686067648172, 0.0 ], [ 39.566122753222317, -4.034686134216079, 0.0 ], [ 39.56588410502831, -4.034255463939838, 0.0 ], [ 39.567313639105997, -4.033440661695407, 0.0 ], [ 39.567980486093937, -4.03267426438668, 0.0 ], [ 39.568265607013878, -4.031381553702404, 0.0 ], [ 39.56855029604543, -4.029466524623713, 0.0 ], [ 39.56893082171711, -4.028269489892553, 0.0 ], [ 39.569836677356321, -4.028460337665694, 0.0 ], [ 39.570695097005022, -4.028986313307845, 0.0 ], [ 39.570553089231744, -4.030422534661779, 0.0 ], [ 39.570410981206756, -4.031715144200829, 0.0 ], [ 39.57002998906421, -4.032241990361216, 0.0 ], [ 39.569935350256841, -4.033247341880584, 0.0 ], [ 39.569173032328322, -4.03382232566508, 0.0 ], [ 39.568458315986483, -4.034301533626037, 0.0 ], [ 39.567362073011772, -4.034541656077559, 0.0 ], [ 39.566218092702982, -4.034686067648172, 0.0 ] ] ] ] } },
{ "type": "Feature", "properties": { "OBJECTID_1": 536, "OBJECTID": 1018, "WRUA_NAME": "Shirango Kafuloni", "SRO": "Coastal Athi", "Area": 240.702, "status": "Formed", "Basin": "ACA", "B_code": 20, "Areakm2": 240.89, "CentroidX": 39.121826, "CentroidY": -3.544352, "Subbasin": "3LA", "layer": "Shirango Kafuloni", "path": "X:/Mwache Catchment/Data/Vector/Mwache WRUA Subcatchment Boundary/Individual Mwache WRUAs/Shirango Kafuloni.shp" }, "geometry": { "type": "MultiPolygon", "coordinates": [ [ [ [ 39.223559999915494, -3.483310001366577, 0.0 ], [ 39.222527291021272, -3.484508659317784, 0.0 ], [ 39.221061000203619, -3.484626409548505, 0.0 ], [ 39.218156074964867, -3.4843929419175, 0.0 ], [ 39.212837565944476, -3.488164218579923, 0.0 ], [ 39.209784587983812, -3.489526589152989, 0.0 ], [ 39.208180412323507, -3.490421413022302, 0.0 ], [ 39.204291588174137, -3.491592208838953, 0.0 ], [ 39.202381950688839, -3.495015318590342, 0.0 ], [ 39.2022513881303, -3.496638001425109, 0.0 ], [ 39.202442149086927, -3.499009081639767, 0.0 ], [ 39.200693174429915, -3.504818117640882, 0.0 ], [ 39.19154115588637, -3.512655558366182, 0.0 ], [ 39.187925658791684, -3.51374398993248, 0.0 ], [ 39.18831450076506, -3.518582751342078, 0.0 ], [ 39.185627588036212, -3.5220135887955, 0.0 ], [ 39.185242000326717, -3.523294000913255, 0.0 ], [ 39.185712188669378, -3.524489810627793, 0.0 ], [ 39.186478890815152, -3.52812401802681, 0.0 ], [ 39.188697241774165, -3.533544212046466, 0.0 ], [ 39.191435811054312, -3.53709218986574, 0.0 ], [ 39.192376190011153, -3.537817811565977, 0.0 ], [ 39.19273899961378, -3.539954000621401, 0.0 ], [ 39.189787300230556, -3.539469168791606, 0.0 ], [ 39.185712189188784, -3.542923190077571, 0.0 ], [ 39.183105810786884, -3.543648811685082, 0.0 ], [ 39.182380189647887, -3.545422189864231, 0.0 ], [ 39.179773810918242, -3.546980812291353, 0.0 ], [ 39.178543020619053, -3.548575428579612, 0.0 ], [ 39.179892577966442, -3.552008097037182, 0.0 ], [ 39.179766081712792, -3.552865501114164, 0.0 ], [ 39.180424592400904, -3.557323555778078, 0.0 ], [ 39.183213188680483, -3.559475812203247, 0.0 ], [ 39.18477181136624, -3.562282103091005, 0.0 ], [ 39.183576000133094, -3.567443000730028, 0.0 ], [ 39.182060086375287, -3.569335961417605, 0.0 ], [ 39.176179464092378, -3.570359314610369, 0.0 ], [ 39.173117539060279, -3.572811336152712, 0.0 ], [ 39.17237646082728, -3.57373666565036, 0.0 ], [ 39.169752999218524, -3.575837469450258, 0.0 ], [ 39.166545460919203, -3.580400666214176, 0.0 ], [ 39.164892883686278, -3.581723988882954, 0.0 ], [ 39.16381421388791, -3.584283592602419, 0.0 ], [ 39.161492145368129, -3.584572580883902, 0.0 ], [ 39.155588745842735, -3.583459337940206, 0.0 ], [ 39.14923102017778, -3.584903461906749, 0.0 ], [ 39.14809418571015, -3.58348374174878, 0.0 ], [ 39.144275319979755, -3.580694127402148, 0.0 ], [ 39.139249255025661, -3.582131133613151, 0.0 ], [ 39.137549903153285, -3.586164553663637, 0.0 ], [ 39.133841670010419, -3.587727038757568, 0.0 ], [ 39.134106862900289, -3.589861194782271, 0.0 ], [ 39.130623962967654, -3.591976844251219, 0.0 ], [ 39.130732155789552, -3.592849501351222, 0.0 ], [ 39.130628843621665, -3.593682500815917, 0.0 ], [ 39.130883055661528, -3.595726360950832, 0.0 ], [ 39.129060460643068, -3.598726665924809, 0.0 ], [ 39.128039548583729, -3.599544209832581, 0.0 ], [ 39.125609287289038, -3.60367850108406, 0.0 ], [ 39.126588713139412, -3.605344501434268, 0.0 ], [ 39.125541361669242, -3.607126015195758, 0.0 ], [ 39.125757746179104, -3.60886522805198, 0.0 ], [ 39.123333586083781, -3.610806386188345, 0.0 ], [ 39.121563461084222, -3.613720666115147, 0.0 ], [ 39.120638538018, -3.614461335635175, 0.0 ], [ 39.119897460609224, -3.615386665786877, 0.0 ], [ 39.11621037868332, -3.616440727671408, 0.0 ], [ 39.114899460880032, -3.619551666208051, 0.0 ], [ 39.11397453903345, -3.620292336421657, 0.0 ], [ 39.112543226124458, -3.622079747653037, 0.0 ], [ 39.110616100612397, -3.621840178773547, 0.0 ], [ 39.110763747228042, -3.623025821100975, 0.0 ], [ 39.109068460772114, -3.627048666332575, 0.0 ], [ 39.106477538635723, -3.628622335678608, 0.0 ], [ 39.105736460797964, -3.63121366572968, 0.0 ], [ 39.10372798835396, -3.632059885414138, 0.0 ], [ 39.102034328624519, -3.634175127428038, 0.0 ], [ 39.100296744197955, -3.635566579425395, 0.0 ], [ 39.09965246983014, -3.64074700067035, 0.0 ], [ 39.100010399897151, -3.643624673665266, 0.0 ], [ 39.098980538240575, -3.644449336199704, 0.0 ], [ 39.098236207315587, -3.647051647985764, 0.0 ], [ 39.09624481708714, -3.646803943622165, 0.0 ], [ 39.096988333811503, -3.652781777113842, 0.0 ], [ 39.09314953938641, -3.653612335901987, 0.0 ], [ 39.091113000343938, -3.654908001256727, 0.0 ], [ 39.090672908598407, -3.655301112598161, 0.0 ], [ 39.089305454660852, -3.65683146565213, 0.0 ], [ 39.088221090906956, -3.654468113446283, 0.0 ], [ 39.086826384604592, -3.653222069953008, 0.0 ], [ 39.083223092023218, -3.654514888172153, 0.0 ], [ 39.07437368710503, -3.65530111355615, 0.0 ], [ 39.073227091190368, -3.652802112948903, 0.0 ], [ 39.072346908831548, -3.652015888012902, 0.0 ], [ 39.071561091012825, -3.651136113813988, 0.0 ], [ 39.070680909020552, -3.650349888055179, 0.0 ], [ 39.069501775052665, -3.649030224633174, 0.0 ], [ 39.06818191000901, -3.647850889207768, 0.0 ], [ 39.067396090864229, -3.64697111293629, 0.0 ], [ 39.064016909194812, -3.646184888331314, 0.0 ], [ 39.057792998976765, -3.640746999559327, 0.0 ], [ 39.058282713097306, -3.639473096843568, 0.0 ], [ 39.057843649002713, -3.639121472352888, 0.0 ], [ 39.056752970647615, -3.638248000721953, 0.0 ], [ 39.060186247676867, -3.635498451132255, 0.0 ], [ 39.058996537708104, -3.634545666040542, 0.0 ], [ 39.057996368864359, -3.633296776014391, 0.0 ], [ 39.058692704571676, -3.62769985391945, 0.0 ], [ 39.057312642165726, -3.625352364363108, 0.0 ], [ 39.058687009686672, -3.620540445944096, 0.0 ], [ 39.059932037345064, -3.619543328240135, 0.0 ], [ 39.05977178212477, -3.618256000845141, 0.0 ], [ 39.059932036567908, -3.616968673897433, 0.0 ], [ 39.058996538700647, -3.616219666284168, 0.0 ], [ 39.058194044332801, -3.613413172304555, 0.0 ], [ 39.055228515415081, -3.61103822558749, 0.0 ], [ 39.058316066201584, -3.605785404976567, 0.0 ], [ 39.057887362604077, -3.602338704592442, 0.0 ], [ 39.056497538075014, -3.601225666205474, 0.0 ], [ 39.055228514849397, -3.599640809808333, 0.0 ], [ 39.055762155720622, -3.595348500713511, 0.0 ], [ 39.055477438622191, -3.593059175055133, 0.0 ], [ 39.05742246117925, -3.590396665608883, 0.0 ], [ 39.059041686192877, -3.586554411592688, 0.0 ], [ 39.059856790322229, -3.58095362727183, 0.0 ], [ 39.061587461789784, -3.579567665344827, 0.0 ], [ 39.062559566239081, -3.577260850270578, 0.0 ], [ 39.061999487332358, -3.572759071071738, 0.0 ], [ 39.064153572681384, -3.573026906975327, 0.0 ], [ 39.065660538107252, -3.571145335585077, 0.0 ], [ 39.069655521877984, -3.570003215149428, 0.0 ], [ 39.071491538718234, -3.566980335911926, 0.0 ], [ 39.072416461374829, -3.566239666003054, 0.0 ], [ 39.073157539142692, -3.561982336201206, 0.0 ], [ 39.074082461047006, -3.559575665945145, 0.0 ], [ 39.074871534424396, -3.554154657592887, 0.0 ], [ 39.076581461925855, -3.5512456660003, 0.0 ], [ 39.077553566088355, -3.548938850309655, 0.0 ], [ 39.077274136290391, -3.546690807062011, 0.0 ], [ 39.081559530965151, -3.544087681660466, 0.0 ], [ 39.081950000079885, -3.537455001020903, 0.0 ], [ 39.082497063193003, -3.529715179219747, 0.0 ], [ 39.081417987281888, -3.527729684927836, 0.0 ], [ 39.081748257799312, -3.522191943129735, 0.0 ], [ 39.080676908857932, -3.521234888201716, 0.0 ], [ 39.079014975585416, -3.515201129315768, 0.0 ], [ 39.071513908583661, -3.512071888930821, 0.0 ], [ 39.070728090921072, -3.509526112799852, 0.0 ], [ 39.068707008929977, -3.506240888731158, 0.0 ], [ 39.065289999710402, -3.507467001141781, 0.0 ], [ 39.064685180305176, -3.505295221815361, 0.0 ], [ 39.058489335945829, -3.501826557773677, 0.0 ], [ 39.05616808006738, -3.502169437559485, 0.0 ], [ 39.054931189276083, -3.503772191018059, 0.0 ], [ 39.053990811303343, -3.504497811117532, 0.0 ], [ 39.053226143371973, -3.505488625866535, 0.0 ], [ 39.049877465595834, -3.503006098716818, 0.0 ], [ 39.049100189047728, -3.501998811248983, 0.0 ], [ 39.044827811147293, -3.501273191248275, 0.0 ], [ 39.043622237931189, -3.499710908595519, 0.0 ], [ 39.0399416631696, -3.497509844231947, 0.0 ], [ 39.039099715309639, -3.494486559420915, 0.0 ], [ 39.03684679240336, -3.494819678137703, 0.0 ], [ 39.034939189848686, -3.493668810615622, 0.0 ], [ 39.030277967690303, -3.492685318065111, 0.0 ], [ 39.029011792267035, -3.491045146030655, 0.0 ], [ 39.027343759194835, -3.49129163041689, 0.0 ], [ 39.025776189259467, -3.48867081203795, 0.0 ], [ 39.025306000088229, -3.488308001291793, 0.0 ], [ 39.024621866301452, -3.487835573733741, 0.0 ], [ 39.024991184580522, -3.486188284098465, 0.0 ], [ 39.023663998267047, -3.484149915148213, 0.0 ], [ 39.022807000431683, -3.480811000855075, 0.0 ], [ 39.030795340242037, -3.477900178285873, 0.0 ], [ 39.030648913700922, -3.475445309029909, 0.0 ], [ 39.035554584946944, -3.474131545001411, 0.0 ], [ 39.036529128617865, -3.476255736308528, 0.0 ], [ 39.038630339139885, -3.47613046026086, 0.0 ], [ 39.04169551901753, -3.477076939909293, 0.0 ], [ 39.043404633267038, -3.47898983131377, 0.0 ], [ 39.045738089965745, -3.477918888836582, 0.0 ], [ 39.046738666723286, -3.473617833577789, 0.0 ], [ 39.049754630668005, -3.473797613371685, 0.0 ], [ 39.050738531837965, -3.47291865157314, 0.0 ], [ 39.050580310433539, -3.470266515243301, 0.0 ], [ 39.053627999571397, -3.470448123046319, 0.0 ], [ 39.056397480982532, -3.470282986966397, 0.0 ], [ 39.058272950960607, -3.471302274312035, 0.0 ], [ 39.060606407568905, -3.471163169098021, 0.0 ], [ 39.063219702393262, -3.472100700875566, 0.0 ], [ 39.064019350308079, -3.471205470384317, 0.0 ], [ 39.064893430001597, -3.471257532893732, 0.0 ], [ 39.068215667840114, -3.468936684010168, 0.0 ], [ 39.073553701764247, -3.467796189170888, 0.0 ], [ 39.076064090979685, -3.467945869341546, 0.0 ], [ 39.081559531021021, -3.467089482155136, 0.0 ], [ 39.081464354568169, -3.465488559850813, 0.0 ], [ 39.085063581313165, -3.462974306646691, 0.0 ], [ 39.087134693114692, -3.465292104741566, 0.0 ], [ 39.08936768610716, -3.460425888260418, 0.0 ], [ 39.091553089711468, -3.461212114085396, 0.0 ], [ 39.092626473399534, -3.462413821665686, 0.0 ], [ 39.095430527303712, -3.460890180120843, 0.0 ], [ 39.096503909083708, -3.46209188770211, 0.0 ], [ 39.098217090627799, -3.462878114305931, 0.0 ], [ 39.099026499809789, -3.464641934394405, 0.0 ], [ 39.103147166191413, -3.464396467554662, 0.0 ], [ 39.104698872232937, -3.467777072955788, 0.0 ], [ 39.107512686986674, -3.469306205412356, 0.0 ], [ 39.110271999906956, -3.468316001155544, 0.0 ], [ 39.110551835666058, -3.466929836801666, 0.0 ], [ 39.112491163663805, -3.466370164874286, 0.0 ], [ 39.113883835581056, -3.463597836965801, 0.0 ], [ 39.115270000042493, -3.463318000793433, 0.0 ], [ 39.116102999983696, -3.46432081430815, 0.0 ], [ 39.118517805043879, -3.461413856088144, 0.0 ], [ 39.122305758635029, -3.461027861247965, 0.0 ], [ 39.126261694864823, -3.462188691770871, 0.0 ], [ 39.128456862107377, -3.467250752845005, 0.0 ], [ 39.130680499878181, -3.467023997366967, 0.0 ], [ 39.132598678099512, -3.467219637792515, 0.0 ], [ 39.138197023182492, -3.4661842864221, 0.0 ], [ 39.142236747637355, -3.468497813275393, 0.0 ], [ 39.145785538814188, -3.466465138288841, 0.0 ], [ 39.152453200403528, -3.46527705626257, 0.0 ], [ 39.152118862161906, -3.461997931847014, 0.0 ], [ 39.156741441799994, -3.459993321883034, 0.0 ], [ 39.158986230920092, -3.458128630420018, 0.0 ], [ 39.159955487633383, -3.454825509332968, 0.0 ], [ 39.162953961550009, -3.453524963095686, 0.0 ], [ 39.164633385109433, -3.449652408137913, 0.0 ], [ 39.169940505580783, -3.451646442858722, 0.0 ], [ 39.174035139884495, -3.450444938329519, 0.0 ], [ 39.176943726414251, -3.448778938097083, 0.0 ], [ 39.179866140419264, -3.449535064151296, 0.0 ], [ 39.180674329440841, -3.451398739198827, 0.0 ], [ 39.18480353594876, -3.45295024221147, 0.0 ], [ 39.185436724054973, -3.454917238146846, 0.0 ], [ 39.186866377335441, -3.457119136563156, 0.0 ], [ 39.189614842760029, -3.459534317883159, 0.0 ], [ 39.191528140332849, -3.460364064023666, 0.0 ], [ 39.192611690933028, -3.462863063939112, 0.0 ], [ 39.197063490624579, -3.466691751490378, 0.0 ], [ 39.200398924134056, -3.469276213044478, 0.0 ], [ 39.204115117010588, -3.470041389409592, 0.0 ], [ 39.206497708340152, -3.472434540032862, 0.0 ], [ 39.208975636609303, -3.475019155147061, 0.0 ], [ 39.210595728811477, -3.476263502397456, 0.0 ], [ 39.218972378950959, -3.477732526770891, 0.0 ], [ 39.221934744918599, -3.477505601299499, 0.0 ], [ 39.223173948130913, -3.479707480665004, 0.0 ], [ 39.223945587172551, -3.482029589005994, 0.0 ], [ 39.223559999915494, -3.483310001366577, 0.0 ] ] ] ] } },
{ "type": "Feature", "properties": { "OBJECTID_1": 505, "OBJECTID": 987, "WRUA_NAME": "Upper Mwache", "SRO": "Coastal Athi", "Area": 130.806, "status": "Formed", "Basin": "ACA", "B_code": 20, "Areakm2": 130.9, "CentroidX": 39.388875, "CentroidY": -3.968233, "Subbasin": "3MB", "layer": "Upper Mwache", "path": "X:/Mwache Catchment/Data/Vector/Mwache WRUA Subcatchment Boundary/Individual Mwache WRUAs/Upper Mwache.shp" }, "geometry": { "type": "MultiPolygon", "coordinates": [ [ [ [ 39.465459228314906, -3.95143925463187, 0.0 ], [ 39.465129999865162, -3.953955000877504, 0.0 ], [ 39.466585310139763, -3.955078411982269, 0.0 ], [ 39.462685095787215, -3.959680046053568, 0.0 ], [ 39.459423462354451, -3.967778002203479, 0.0 ], [ 39.457525621019258, -3.970924325580957, 0.0 ], [ 39.45643718903969, -3.973584191201338, 0.0 ], [ 39.455339403433356, -3.975403734107372, 0.0 ], [ 39.455966999618688, -3.97811200111092, 0.0 ], [ 39.45218758755378, -3.978497588572969, 0.0 ], [ 39.444134982969665, -3.979589070978049, 0.0 ], [ 39.440347842690151, -3.976903988384181, 0.0 ], [ 39.438214907858644, -3.979379601228858, 0.0 ], [ 39.434308999899443, -3.979778000873421, 0.0 ], [ 39.433714349165278, -3.980237209046508, 0.0 ], [ 39.434015742050946, -3.982277000558207, 0.0 ], [ 39.433831082784934, -3.983526501018106, 0.0 ], [ 39.433953916936673, -3.984359501033294, 0.0 ], [ 39.433636662155472, -3.986508096229544, 0.0 ], [ 39.432172811097061, -3.987637812188369, 0.0 ], [ 39.429588394900364, -3.990986080784706, 0.0 ], [ 39.423842811084626, -3.991802812220167, 0.0 ], [ 39.42311718899208, -3.997741191291135, 0.0 ], [ 39.422176811252754, -4.000965811581212, 0.0 ], [ 39.42145118908649, -4.005238191323022, 0.0 ], [ 39.418844811415646, -4.008462811564781, 0.0 ], [ 39.418481999935857, -4.010599000858859, 0.0 ], [ 39.413021539077093, -4.010969539554674, 0.0 ], [ 39.410614460698341, -4.012727462590346, 0.0 ], [ 39.406357539436449, -4.013468539608498, 0.0 ], [ 39.405246330216343, -4.016105830921299, 0.0 ], [ 39.403858539233852, -4.018466539795016, 0.0 ], [ 39.402832744973566, -4.020900867641428, 0.0 ], [ 39.399262802853869, -4.021921374807667, 0.0 ], [ 39.396369672717164, -4.025534430630104, 0.0 ], [ 39.391827626688539, -4.024969471170712, 0.0 ], [ 39.390125426699846, -4.022843856854417, 0.0 ], [ 39.384877689871828, -4.021890463328601, 0.0 ], [ 39.380626460737062, -4.024389463296538, 0.0 ], [ 39.373870538774575, -4.025130540098596, 0.0 ], [ 39.372250499690892, -4.026082714397381, 0.0 ], [ 39.3701781679422, -4.024864532582759, 0.0 ], [ 39.366836000082664, -4.025280219288083, 0.0 ], [ 39.364753499933272, -4.025021126807724, 0.0 ], [ 39.361655373637767, -4.025406307801491, 0.0 ], [ 39.359801461399108, -4.027721463391041, 0.0 ], [ 39.358876538654044, -4.028462540326148, 0.0 ], [ 39.358135461082114, -4.029387462606779, 0.0 ], [ 39.355221181660511, -4.031157588136578, 0.0 ], [ 39.353970461159477, -4.03271946343625, 0.0 ], [ 39.349618768693901, -4.033964081550865, 0.0 ], [ 39.343341169771257, -4.031550903001788, 0.0 ], [ 39.33472604572377, -4.032622659077587, 0.0 ], [ 39.331697879755751, -4.034834502390359, 0.0 ], [ 39.327684999866747, -4.033923000948834, 0.0 ], [ 39.328147461328669, -4.030220463283838, 0.0 ], [ 39.3285179996344, -4.024760000726344, 0.0 ], [ 39.326300056086374, -4.019773390028556, 0.0 ], [ 39.32266422259876, -4.016641097600546, 0.0 ], [ 39.323967412172792, -4.011879413243244, 0.0 ], [ 39.324762585005971, -4.005803557221741, 0.0 ], [ 39.328132411674972, -4.001050412683247, 0.0 ], [ 39.328986969182836, -3.999135083415881, 0.0 ], [ 39.330631412347678, -3.997718413066318, 0.0 ], [ 39.332841627738205, -3.992765561231701, 0.0 ], [ 39.332230706964772, -3.985164232804558, 0.0 ], [ 39.336462412301223, -3.982724412899871, 0.0 ], [ 39.337233587665239, -3.981545481914414, 0.0 ], [ 39.335550097893204, -3.978528500647913, 0.0 ], [ 39.336462412295454, -3.976893413403113, 0.0 ], [ 39.336847999722686, -3.973114001370268, 0.0 ], [ 39.34091579041435, -3.972406073420051, 0.0 ], [ 39.342216538826797, -3.969319335930263, 0.0 ], [ 39.345219893563261, -3.966914496067905, 0.0 ], [ 39.348850847168507, -3.96587609367379, 0.0 ], [ 39.347781531610011, -3.957277035724091, 0.0 ], [ 39.348982222901554, -3.955234396886728, 0.0 ], [ 39.348518135074279, -3.951503996012482, 0.0 ], [ 39.345548539346822, -3.950252665712481, 0.0 ], [ 39.344807462087978, -3.945162335662919, 0.0 ], [ 39.343882537702271, -3.943588666253381, 0.0 ], [ 39.343141461623638, -3.941830336452332, 0.0 ], [ 39.341012999890197, -3.941460001374883, 0.0 ], [ 39.341198334647601, -3.941228586887044, 0.0 ], [ 39.34138353875894, -3.940997336164828, 0.0 ], [ 39.344436109188699, -3.939711026261703, 0.0 ], [ 39.343669408104923, -3.933546500563798, 0.0 ], [ 39.344155054208258, -3.929642423075838, 0.0 ], [ 39.343012525368273, -3.92769882480267, 0.0 ], [ 39.345644121823071, -3.925591513912083, 0.0 ], [ 39.34782342538788, -3.921884500700043, 0.0 ], [ 39.345640461753575, -3.918171183898797, 0.0 ], [ 39.346507627206442, -3.91466306632183, 0.0 ], [ 39.348258635954132, -3.910508438230673, 0.0 ], [ 39.351444209577949, -3.9079573760291, 0.0 ], [ 39.352417942003839, -3.901268565105562, 0.0 ], [ 39.356007000230903, -3.899810000557755, 0.0 ], [ 39.357045809939464, -3.90097245942532, 0.0 ], [ 39.359902739049637, -3.901142678724065, 0.0 ], [ 39.362876809621234, -3.897814543409703, 0.0 ], [ 39.365368894745892, -3.897666083936099, 0.0 ], [ 39.367276090736361, -3.899370113570297, 0.0 ], [ 39.368764345877885, -3.901036113664444, 0.0 ], [ 39.371441090876516, -3.899416889400351, 0.0 ], [ 39.373018014845258, -3.897651643895203, 0.0 ], [ 39.38227009099829, -3.902702113686027, 0.0 ], [ 39.385099361551596, -3.907151220219349, 0.0 ], [ 39.392037096720529, -3.905918397025507, 0.0 ], [ 39.393099091354181, -3.906867113920418, 0.0 ], [ 39.394111462070242, -3.91229157880498, 0.0 ], [ 39.397226263787147, -3.915074481836731, 0.0 ], [ 39.398087736335292, -3.917865520195649, 0.0 ], [ 39.401353436687295, -3.920783054086305, 0.0 ], [ 39.402252735636118, -3.923696519611583, 0.0 ], [ 39.40656741576192, -3.927551586198516, 0.0 ], [ 39.408184177160905, -3.931074162059298, 0.0 ], [ 39.414172784314097, -3.934118548170326, 0.0 ], [ 39.421324161873564, -3.937274501188268, 0.0 ], [ 39.422612939711172, -3.940864238935946, 0.0 ], [ 39.426018723350545, -3.946317894548387, 0.0 ], [ 39.430290315004626, -3.948281658142081, 0.0 ], [ 39.43486580043259, -3.947417576557663, 0.0 ], [ 39.439871324384896, -3.948563857842843, 0.0 ], [ 39.445450459175937, -3.95272571793602, 0.0 ], [ 39.448882498698296, -3.952867479284991, 0.0 ], [ 39.45346000702046, -3.955737284358926, 0.0 ], [ 39.455748222909762, -3.95616687149972, 0.0 ], [ 39.462002325752216, -3.952381542347724, 0.0 ], [ 39.463575024686854, -3.951878011081886, 0.0 ], [ 39.465427108589715, -3.951439272690402, 0.0 ], [ 39.465459228314906, -3.95143925463187, 0.0 ] ] ] ] } }
]
}
