{
  "type": "FeatureCollection",
  "features": [
    {
      "type": "Feature",
      "geometry": {
        "type": "LineString",
        "coordinates": [
          [
            39.52680333333333,
            -3.989046666666672
          ],
          [
            39.52678166666667,
            -3.989075000000005
          ],
          [
            39.52675333333333,
            -3.989118333333327
          ],
          [
            39.526725000000006,
            -3.9891499999999946
          ],
          [
            39.52671,
            -3.9891633333333316
          ],
          [
            39.52670166666667,
            -3.9891699999999948
          ],
          [
            39.52666833333333,
            -3.9891983333333316
          ],
          [
            39.52665166666667,
            -3.989211666666674
          ],
          [
            39.526621666666664,
            -3.989229999999991
          ],
          [
            39.52659333333334,
            -3.989255000000005
          ],
          [
            39.52655,
            -3.989291666666674
          ],
          [
            39.52653166666666,
            -3.9893049999999977
          ],
          [
            39.52650166666667,
            -3.989328333333331
          ],
          [
            39.52649833333333,
            -3.9893316666666716
          ]
        ]
      },
      "properties": {
        "fid": 1,
        "date": 1783036800000,
        "Length": 46.645,
        "Length_km": 0.047
      }
    },
    {
      "type": "Feature",
      "geometry": {
        "type": "LineString",
        "coordinates": [
          [
            39.53072333333334,
            -3.9801266666666653
          ],
          [
            39.530705,
            -3.9801016666666746
          ],
          [
            39.53068166666667,
            -3.980063333333331
          ],
          [
            39.530676666666665,
            -3.9800566666666746
          ],
          [
            39.530655,
            -3.9800316666666666
          ],
          [
            39.53063666666667,
            -3.9800116666666647
          ],
          [
            39.530625,
            -3.9799849999999903
          ],
          [
            39.530613333333335,
            -3.9799383333333416
          ],
          [
            39.530595000000005,
            -3.9798833333333277
          ],
          [
            39.530584999999995,
            -3.9798399999999976
          ],
          [
            39.530568333333335,
            -3.979794999999998
          ],
          [
            39.53053833333333,
            -3.979735000000003
          ],
          [
            39.530539999999995,
            -3.979714999999991
          ],
          [
            39.53053666666666,
            -3.9796616666666593
          ],
          [
            39.530543333333334,
            -3.9796616666666624
          ]
        ]
      },
      "properties": {
        "fid": 2,
        "date": 1782864000000,
        "Length": 57.471,
        "Length_km": 0.057
      }
    },
    {
      "type": "Feature",
      "geometry": {
        "type": "LineString",
        "coordinates": [
          [
            39.53047166666667,
            -3.9801799999999936
          ],
          [
            39.53044166666667,
            -3.9801333333333413
          ],
          [
            39.53043666666667,
            -3.9800849999999994
          ],
          [
            39.530435000000004,
            -3.9800650000000064
          ],
          [
            39.530418333333344,
            -3.9799816666666668
          ],
          [
            39.530411666666666,
            -3.9799666666666758
          ],
          [
            39.530415,
            -3.979913333333324
          ],
          [
            39.530408333333334,
            -3.979885000000006
          ],
          [
            39.530408333333334,
            -3.979829999999995
          ],
          [
            39.530405,
            -3.9797950000000073
          ],
          [
            39.53040333333333,
            -3.979771666666673
          ],
          [
            39.53040333333333,
            -3.979729999999997
          ],
          [
            39.53039833333333,
            -3.9797183333333406
          ]
        ]
      },
      "properties": {
        "fid": 3,
        "date": 1782864000000,
        "Length": 52.648,
        "Length_km": 0.053
      }
    },
    {
      "type": "Feature",
      "geometry": {
        "type": "LineString",
        "coordinates": [
          [
            39.52990166666667,
            -3.981161666666662
          ],
          [
            39.52988166666667,
            -3.981184999999997
          ],
          [
            39.52985833333333,
            -3.981211666666664
          ],
          [
            39.52982333333333,
            -3.9812499999999997
          ],
          [
            39.52979166666667,
            -3.981326666666659
          ],
          [
            39.529779999999995,
            -3.98138666666666
          ],
          [
            39.529781666666665,
            -3.981391666666671
          ]
        ]
      },
      "properties": {
        "fid": 4,
        "date": 1782864000000,
        "Length": 29.603,
        "Length_km": 0.03
      }
    },
    {
      "type": "Feature",
      "geometry": {
        "type": "LineString",
        "coordinates": [
          [
            39.52972,
            -3.9812466666666624
          ],
          [
            39.52975166666667,
            -3.9812016666666588
          ],
          [
            39.529765,
            -3.9811716666666666
          ],
          [
            39.52978333333333,
            -3.9811216666666707
          ],
          [
            39.52981333333333,
            -3.981095000000008
          ],
          [
            39.52983666666667,
            -3.981053333333329
          ],
          [
            39.529855,
            -3.9810316666666727
          ],
          [
            39.529871666666665,
            -3.981024999999996
          ],
          [
            39.52996333333333,
            -3.9809316666666748
          ],
          [
            39.53001166666666,
            -3.980893333333336
          ],
          [
            39.530096666666665,
            -3.9808300000000054
          ],
          [
            39.53013333333333,
            -3.9808033333333293
          ],
          [
            39.53016000000001,
            -3.9807899999999936
          ],
          [
            39.53023666666666,
            -3.9807566666666645
          ]
        ]
      },
      "properties": {
        "fid": 5,
        "date": 1782864000000,
        "Length": 81.193,
        "Length_km": 0.081
      }
    },
    {
      "type": "Feature",
      "geometry": {
        "type": "LineString",
        "coordinates": [
          [
            39.52970666666667,
            -3.9805150000000027
          ],
          [
            39.52974,
            -3.9804833333333307
          ],
          [
            39.52975333333333,
            -3.980449999999994
          ],
          [
            39.52976833333333,
            -3.980440000000006
          ],
          [
            39.52978333333333,
            -3.980431666666672
          ],
          [
            39.52981,
            -3.9804166666666663
          ],
          [
            39.529831666666674,
            -3.9804116666666696
          ],
          [
            39.529853333333335,
            -3.980408333333333
          ],
          [
            39.52988666666667,
            -3.980403333333341
          ]
        ]
      },
      "properties": {
        "fid": 6,
        "date": 1782864000000,
        "Length": 25.011,
        "Length_km": 0.025
      }
    },
    {
      "type": "Feature",
      "geometry": {
        "type": "LineString",
        "coordinates": [
          [
            39.52994666666667,
            -3.9803649999999964
          ],
          [
            39.52993166666667,
            -3.9803533333333307
          ],
          [
            39.529925000000006,
            -3.9803566666666748
          ],
          [
            39.52989166666667,
            -3.9803399999999916
          ],
          [
            39.52986166666667,
            -3.980321666666672
          ],
          [
            39.52981833333333,
            -3.9803099999999962
          ],
          [
            39.529788333333336,
            -3.9803066666666727
          ],
          [
            39.529763333333335,
            -3.9803066666666647
          ],
          [
            39.52974,
            -3.980300000000005
          ],
          [
            39.52971,
            -3.980306666666659
          ],
          [
            39.52963,
            -3.980314999999993
          ],
          [
            39.529625,
            -3.9803183333333254
          ]
        ]
      },
      "properties": {
        "fid": 7,
        "date": 1782864000000,
        "Length": 37.784,
        "Length_km": 0.038
      }
    },
    {
      "type": "Feature",
      "geometry": {
        "type": "LineString",
        "coordinates": [
          [
            39.527849999999994,
            -3.976611666666673
          ],
          [
            39.52786166666667,
            -3.9766150000000073
          ],
          [
            39.52787166666667,
            -3.9765866666666603
          ],
          [
            39.52786333333334,
            -3.976498333333338
          ],
          [
            39.52784833333333,
            -3.976423333333327
          ],
          [
            39.52786166666667,
            -3.976385000000007
          ],
          [
            39.52786333333334,
            -3.9763400000000004
          ],
          [
            39.52786166666667,
            -3.9763033333333304
          ],
          [
            39.52787,
            -3.9762333333333406
          ],
          [
            39.52786833333333,
            -3.9761916666666606
          ],
          [
            39.527860000000004,
            -3.9761433333333307
          ],
          [
            39.527860000000004,
            -3.976110000000004
          ],
          [
            39.52784833333333,
            -3.9760733333333365
          ],
          [
            39.527831666666664,
            -3.9760466666666647
          ],
          [
            39.527816666666666,
            -3.9760000000000053
          ],
          [
            39.52780166666666,
            -3.975968333333333
          ],
          [
            39.527793333333335,
            -3.9759516666666723
          ],
          [
            39.527741666666664,
            -3.975884999999998
          ],
          [
            39.527725000000004,
            -3.9758416666666636
          ],
          [
            39.52769833333333,
            -3.975808333333334
          ],
          [
            39.52769333333334,
            -3.975806666666676
          ]
        ]
      },
      "properties": {
        "fid": 8,
        "date": 1782864000000,
        "Length": 96.88,
        "Length_km": 0.097
      }
    },
    {
      "type": "Feature",
      "geometry": {
        "type": "LineString",
        "coordinates": [
          [
            39.528040000000004,
            -3.976076666666669
          ],
          [
            39.52803666666667,
            -3.976039999999995
          ],
          [
            39.52802666666666,
            -3.9760033333333284
          ],
          [
            39.52800833333333,
            -3.9759733333333322
          ],
          [
            39.52799166666668,
            -3.9759466666666627
          ],
          [
            39.52798333333333,
            -3.9759099999999976
          ],
          [
            39.52792833333333,
            -3.9758166666666694
          ],
          [
            39.52789166666666,
            -3.9757633333333384
          ],
          [
            39.52786333333334,
            -3.9757333333333365
          ],
          [
            39.527804999999994,
            -3.97566666666667
          ],
          [
            39.52780666666667,
            -3.97566666666667
          ]
        ]
      },
      "properties": {
        "fid": 9,
        "date": 1782864000000,
        "Length": 53.539,
        "Length_km": 0.054
      }
    },
    {
      "type": "Feature",
      "geometry": {
        "type": "LineString",
        "coordinates": [
          [
            39.527786666666664,
            -3.9756499999999972
          ],
          [
            39.527793333333335,
            -3.9756183333333257
          ],
          [
            39.527775,
            -3.975575000000004
          ],
          [
            39.52775833333333,
            -3.9755283333333304
          ],
          [
            39.527748333333335,
            -3.9754899999999957
          ],
          [
            39.52773,
            -3.9754266666666576
          ],
          [
            39.527699999999996,
            -3.9753349999999967
          ],
          [
            39.52768666666667,
            -3.9753033333333385
          ],
          [
            39.527680000000004,
            -3.975256666666669
          ],
          [
            39.52766,
            -3.975188333333337
          ],
          [
            39.52764166666667,
            -3.975133333333339
          ],
          [
            39.52762166666666,
            -3.9750933333333274
          ],
          [
            39.527611666666665,
            -3.9750599999999947
          ],
          [
            39.52758666666667,
            -3.9750233333333393
          ],
          [
            39.52755,
            -3.9749800000000013
          ],
          [
            39.52754,
            -3.974978333333331
          ]
        ]
      },
      "properties": {
        "fid": 10,
        "date": 1782864000000,
        "Length": 81.045,
        "Length_km": 0.081
      }
    },
    {
      "type": "Feature",
      "geometry": {
        "type": "LineString",
        "coordinates": [
          [
            39.52735499999999,
            -3.9750150000000004
          ],
          [
            39.52735499999999,
            -3.9750299999999923
          ],
          [
            39.52738,
            -3.975048333333334
          ],
          [
            39.527411666666666,
            -3.9750999999999923
          ],
          [
            39.52742833333333,
            -3.975119999999996
          ],
          [
            39.52744166666666,
            -3.975133333333327
          ],
          [
            39.527458333333335,
            -3.9751583333333347
          ],
          [
            39.527495,
            -3.97523
          ],
          [
            39.527521666666665,
            -3.9753250000000055
          ],
          [
            39.527555,
            -3.975383333333333
          ],
          [
            39.527568333333335,
            -3.9754466666666604
          ],
          [
            39.527611666666665,
            -3.975498333333326
          ],
          [
            39.527615,
            -3.975540000000001
          ],
          [
            39.52760833333333,
            -3.975619999999997
          ],
          [
            39.52762,
            -3.975651666666675
          ],
          [
            39.52766333333333,
            -3.975716666666672
          ],
          [
            39.52768666666667,
            -3.9757700000000065
          ]
        ]
      },
      "properties": {
        "fid": 11,
        "date": 1782864000000,
        "Length": 94.32,
        "Length_km": 0.094
      }
    },
    {
      "type": "Feature",
      "geometry": {
        "type": "LineString",
        "coordinates": [
          [
            39.52791166666667,
            -3.9755649999999925
          ],
          [
            39.52796,
            -3.975605000000001
          ],
          [
            39.528011666666664,
            -3.9756516666666686
          ],
          [
            39.528013333333334,
            -3.9756549999999944
          ]
        ]
      },
      "properties": {
        "fid": 12,
        "date": 1782864000000,
        "Length": 15.085,
        "Length_km": 0.015
      }
    },
    {
      "type": "Feature",
      "geometry": {
        "type": "LineString",
        "coordinates": [
          [
            39.528025,
            -3.9755233333333377
          ],
          [
            39.527966666666664,
            -3.9754249999999924
          ],
          [
            39.527953333333336,
            -3.975348333333333
          ],
          [
            39.527945,
            -3.9753299999999943
          ],
          [
            39.527939999999994,
            -3.9752716666666608
          ],
          [
            39.52794320125787,
            -3.975260751855363
          ],
          [
            39.527903702604654,
            -3.975187636735252
          ]
        ]
      },
      "properties": {
        "fid": 13,
        "date": 1782864000000,
        "Length": 40.423,
        "Length_km": 0.04
      }
    },
    {
      "type": "Feature",
      "geometry": {
        "type": "LineString",
        "coordinates": [
          [
            39.527546666666666,
            -3.9747349999999964
          ],
          [
            39.52755333333334,
            -3.9746933333333376
          ],
          [
            39.52756000000001,
            -3.9746500000000085
          ],
          [
            39.52756000000001,
            -3.974591666666659
          ],
          [
            39.52755666666667,
            -3.97454166666666
          ],
          [
            39.527566666666665,
            -3.9745083333333393
          ],
          [
            39.52757666666666,
            -3.9744516666666705
          ],
          [
            39.52757999999999,
            -3.97437833333333
          ],
          [
            39.52758333333334,
            -3.9743116666666696
          ],
          [
            39.527595,
            -3.9742350000000055
          ],
          [
            39.527595,
            -3.9741999999999944
          ],
          [
            39.52760166666667,
            -3.974139999999992
          ],
          [
            39.52759666666667,
            -3.97409333333333
          ],
          [
            39.5276,
            -3.974041666666673
          ],
          [
            39.527611666666665,
            -3.9739999999999993
          ],
          [
            39.52760833333333,
            -3.973998333333329
          ]
        ]
      },
      "properties": {
        "fid": 14,
        "date": 1782864000000,
        "Length": 82.457,
        "Length_km": 0.082
      }
    },
    {
      "type": "Feature",
      "geometry": {
        "type": "LineString",
        "coordinates": [
          [
            39.52552500000001,
            -3.9747666666666692
          ],
          [
            39.52545,
            -3.9747416666666644
          ],
          [
            39.52538666666667,
            -3.974731666666661
          ],
          [
            39.52535833333333,
            -3.974724999999993
          ],
          [
            39.52534,
            -3.974718333333327
          ],
          [
            39.525306666666665,
            -3.9746983333333414
          ],
          [
            39.525295,
            -3.974689999999998
          ],
          [
            39.525290000000005,
            -3.9746866666666727
          ]
        ]
      },
      "properties": {
        "fid": 15,
        "date": 1782864000000,
        "Length": 27.861,
        "Length_km": 0.028
      }
    },
    {
      "type": "Feature",
      "geometry": {
        "type": "LineString",
        "coordinates": [
          [
            39.52589833333333,
            -3.975013333333329
          ],
          [
            39.525866666666666,
            -3.974984999999991
          ],
          [
            39.52580666666667,
            -3.974965
          ],
          [
            39.52574166666667,
            -3.974938333333334
          ],
          [
            39.525708333333334,
            -3.974913333333337
          ],
          [
            39.52567,
            -3.974886666666674
          ],
          [
            39.525635,
            -3.9748683333333372
          ],
          [
            39.52558333333333,
            -3.974838333333341
          ],
          [
            39.525535,
            -3.9748116666666755
          ],
          [
            39.52550333333333,
            -3.974781666666672
          ],
          [
            39.52549333333333,
            -3.974773333333334
          ]
        ]
      },
      "properties": {
        "fid": 16,
        "date": 1782864000000,
        "Length": 52.74,
        "Length_km": 0.053
      }
    },
    {
      "type": "Feature",
      "geometry": {
        "type": "LineString",
        "coordinates": [
          [
            39.52515833333334,
            -3.9748983333333294
          ],
          [
            39.52517666666667,
            -3.9748733333333304
          ],
          [
            39.52511166666667,
            -3.97484500000001
          ],
          [
            39.525108333333336,
            -3.9748466666666595
          ]
        ]
      },
      "properties": {
        "fid": 17,
        "date": 1782864000000,
        "Length": 11.716,
        "Length_km": 0.012
      }
    },
    {
      "type": "Feature",
      "geometry": {
        "type": "LineString",
        "coordinates": [
          [
            39.52516,
            -3.974935000000006
          ],
          [
            39.52517666666667,
            -3.9749516666666644
          ],
          [
            39.525173333333335,
            -3.9749533333333256
          ]
        ]
      },
      "properties": {
        "fid": 18,
        "date": 1782864000000,
        "Length": 3.025,
        "Length_km": 0.003
      }
    },
    {
      "type": "Feature",
      "geometry": {
        "type": "LineString",
        "coordinates": [
          [
            39.52508833333333,
            -3.974979999999998
          ],
          [
            39.52506166666667,
            -3.975013333333343
          ],
          [
            39.52505833333333,
            -3.9750150000000035
          ]
        ]
      },
      "properties": {
        "fid": 19,
        "date": 1782864000000,
        "Length": 5.142,
        "Length_km": 0.005
      }
    },
    {
      "type": "Feature",
      "geometry": {
        "type": "LineString",
        "coordinates": [
          [
            39.52529166666667,
            -3.975010000000003
          ],
          [
            39.52532166666666,
            -3.975028333333331
          ],
          [
            39.52537333333333,
            -3.9750466666666635
          ],
          [
            39.52540791134813,
            -3.9750701885144704
          ],
          [
            39.52543,
            -3.9750783333333284
          ],
          [
            39.525459999999995,
            -3.975029999999993
          ],
          [
            39.52545833333333,
            -3.9750266666666727
          ]
        ]
      },
      "properties": {
        "fid": 20,
        "date": 1782864000000,
        "Length": 23.947,
        "Length_km": 0.024
      }
    },
    {
      "type": "Feature",
      "geometry": {
        "type": "LineString",
        "coordinates": [
          [
            39.52513666666667,
            -3.9752383333333308
          ],
          [
            39.52510333333333,
            -3.9752549999999944
          ],
          [
            39.525015,
            -3.975275000000005
          ],
          [
            39.52500500000001,
            -3.97527333333334
          ]
        ]
      },
      "properties": {
        "fid": 21,
        "date": 1782864000000,
        "Length": 15.317,
        "Length_km": 0.015
      }
    },
    {
      "type": "Feature",
      "geometry": {
        "type": "LineString",
        "coordinates": [
          [
            39.52515833333334,
            -3.975329999999996
          ],
          [
            39.52518166666667,
            -3.9753716666666588
          ],
          [
            39.52522333333333,
            -3.975436666666666
          ],
          [
            39.52540833333333,
            -3.9755300000000053
          ],
          [
            39.52540166666667,
            -3.9755316666666696
          ],
          [
            39.52546333333333,
            -3.975605000000005
          ],
          [
            39.52532333333333,
            -3.975616666666662
          ],
          [
            39.52532,
            -3.9756583333333415
          ],
          [
            39.52533666666667,
            -3.975675
          ],
          [
            39.525355,
            -3.9757083333333316
          ],
          [
            39.525378333333336,
            -3.975743333333326
          ],
          [
            39.525378333333336,
            -3.9757466666666614
          ]
        ]
      },
      "properties": {
        "fid": 22,
        "date": 1782864000000,
        "Length": 80.275,
        "Length_km": 0.08
      }
    },
    {
      "type": "Feature",
      "geometry": {
        "type": "LineString",
        "coordinates": [
          [
            39.530926666666666,
            -3.9802466666666656
          ],
          [
            39.53096,
            -3.980166666666666
          ],
          [
            39.53097,
            -3.980153333333331
          ],
          [
            39.53103,
            -3.9800049999999922
          ],
          [
            39.531031666666664,
            -3.980004999999992
          ]
        ]
      },
      "properties": {
        "fid": 23,
        "date": 1782864000000,
        "Length": 29.325,
        "Length_km": 0.029
      }
    },
    {
      "type": "Feature",
      "geometry": {
        "type": "LineString",
        "coordinates": [
          [
            39.530515,
            -3.980328333333335
          ],
          [
            39.530485,
            -3.980306666666675
          ],
          [
            39.53048166666667,
            -3.980305000000009
          ],
          [
            39.53044166666667,
            -3.980273333333333
          ],
          [
            39.530438333333336,
            -3.9802683333333264
          ]
        ]
      },
      "properties": {
        "fid": 24,
        "date": 1782864000000,
        "Length": 10.839,
        "Length_km": 0.011
      }
    },
    {
      "type": "Feature",
      "geometry": {
        "type": "LineString",
        "coordinates": [
          [
            39.530703333333335,
            -3.9805966666666652
          ],
          [
            39.530705,
            -3.9805950000000028
          ],
          [
            39.53073,
            -3.9805366666666715
          ],
          [
            39.53073,
            -3.980531666666673
          ],
          [
            39.530791666666666,
            -3.9804650000000015
          ],
          [
            39.530793333333335,
            -3.9804666666666657
          ]
        ]
      },
      "properties": {
        "fid": 25,
        "date": 1782864000000,
        "Length": 18.16,
        "Length_km": 0.018
      }
    },
    {
      "type": "Feature",
      "geometry": {
        "type": "LineString",
        "coordinates": [
          [
            39.530791666666666,
            -3.9802883333333385
          ],
          [
            39.53078333333334,
            -3.9803499999999947
          ],
          [
            39.53078666666667,
            -3.980421666666661
          ],
          [
            39.53078666666667,
            -3.98042666666666
          ]
        ]
      },
      "properties": {
        "fid": 26,
        "date": 1782864000000,
        "Length": 15.368,
        "Length_km": 0.015
      }
    },
    {
      "type": "Feature",
      "geometry": {
        "type": "LineString",
        "coordinates": [
          [
            39.52994,
            -3.980556666666664
          ],
          [
            39.529895,
            -3.9805866666666634
          ],
          [
            39.529855,
            -3.9806349999999937
          ],
          [
            39.52981,
            -3.9806933333333285
          ],
          [
            39.5298,
            -3.9807033333333264
          ],
          [
            39.529725,
            -3.9807966666666705
          ],
          [
            39.52975166666667,
            -3.9809366666666723
          ],
          [
            39.52982333333333,
            -3.980878333333341
          ],
          [
            39.529826666666665,
            -3.980868333333327
          ],
          [
            39.52987333333333,
            -3.9807983333333397
          ],
          [
            39.529876666666674,
            -3.980793333333341
          ],
          [
            39.53010333333334,
            -3.9806583333333267
          ],
          [
            39.53010666666667,
            -3.9806566666666616
          ]
        ]
      },
      "properties": {
        "fid": 27,
        "date": 1782864000000,
        "Length": 102.77,
        "Length_km": 0.103
      }
    },
    {
      "type": "Feature",
      "geometry": {
        "type": "LineString",
        "coordinates": [
          [
            39.529896666666666,
            -3.9802366666666678
          ],
          [
            39.529896666666666,
            -3.98023833333334
          ],
          [
            39.52981166666667,
            -3.980168333333334
          ],
          [
            39.529790000000006,
            -3.9801699999999953
          ],
          [
            39.52965666666667,
            -3.9801516666666688
          ],
          [
            39.529646666666665,
            -3.980153333333327
          ]
        ]
      },
      "properties": {
        "fid": 28,
        "date": 1782864000000,
        "Length": 30.876,
        "Length_km": 0.031
      }
    },
    {
      "type": "Feature",
      "geometry": {
        "type": "LineString",
        "coordinates": [
          [
            39.52748666666666,
            -3.9757366666666636
          ],
          [
            39.52747333333333,
            -3.97555
          ],
          [
            39.52747,
            -3.9755383333333354
          ],
          [
            39.52744,
            -3.9753883333333415
          ],
          [
            39.52743666666667,
            -3.975378333333332
          ],
          [
            39.52736166666667,
            -3.9752133333333384
          ],
          [
            39.52735833333334,
            -3.975205000000001
          ],
          [
            39.52724333333333,
            -3.975084999999996
          ],
          [
            39.527245,
            -3.975085000000007
          ]
        ]
      },
      "properties": {
        "fid": 29,
        "date": 1782864000000,
        "Length": 79.773,
        "Length_km": 0.08
      }
    },
    {
      "type": "Feature",
      "geometry": {
        "type": "LineString",
        "coordinates": [
          [
            39.52477333333333,
            -3.976291666666661
          ],
          [
            39.52471666666667,
            -3.9762983333333337
          ],
          [
            39.52467,
            -3.976308333333339
          ],
          [
            39.524618333333336,
            -3.976313333333332
          ],
          [
            39.52456333333334,
            -3.9763083333333267
          ],
          [
            39.52455166666667,
            -3.976310000000009
          ],
          [
            39.52454,
            -3.976308333333335
          ],
          [
            39.524503333333335,
            -3.976303333333332
          ],
          [
            39.524495,
            -3.976301666666659
          ],
          [
            39.52445,
            -3.976296666666668
          ],
          [
            39.524438333333336,
            -3.9762966666666673
          ],
          [
            39.524379999999994,
            -3.9762766666666685
          ],
          [
            39.524321666666665,
            -3.9762533333333314
          ],
          [
            39.524278333333335,
            -3.976245000000002
          ],
          [
            39.52426833333333,
            -3.976240000000005
          ],
          [
            39.52424166666666,
            -3.97623666666667
          ],
          [
            39.52418333333334,
            -3.9761916666666726
          ],
          [
            39.52418,
            -3.976188333333329
          ]
        ]
      },
      "properties": {
        "fid": 30,
        "date": 1782950400000,
        "Length": 69.16,
        "Length_km": 0.069
      }
    },
    {
      "type": "Feature",
      "geometry": {
        "type": "LineString",
        "coordinates": [
          [
            39.52417666666667,
            -3.9761799999999936
          ],
          [
            39.524168333333336,
            -3.976158333333328
          ],
          [
            39.52416166666667,
            -3.976153333333328
          ],
          [
            39.52410166666667,
            -3.9761166666666665
          ],
          [
            39.524095,
            -3.9761149999999974
          ],
          [
            39.52404333333333,
            -3.976083333333328
          ],
          [
            39.52403666666667,
            -3.9760800000000054
          ],
          [
            39.52402166666666,
            -3.9760716666666713
          ],
          [
            39.52397833333334,
            -3.9760499999999994
          ],
          [
            39.52394666666667,
            -3.9760366666666735
          ],
          [
            39.52391,
            -3.976019999999999
          ],
          [
            39.523905,
            -3.9760150000000074
          ]
        ]
      },
      "properties": {
        "fid": 31,
        "date": 1782950400000,
        "Length": 35.95,
        "Length_km": 0.036
      }
    },
    {
      "type": "Feature",
      "geometry": {
        "type": "LineString",
        "coordinates": [
          [
            39.52391333333333,
            -3.9760016666666727
          ],
          [
            39.523905,
            -3.9759983333333397
          ],
          [
            39.52388666666666,
            -3.975975000000006
          ],
          [
            39.52388333333333,
            -3.9759699999999927
          ]
        ]
      },
      "properties": {
        "fid": 32,
        "date": 1782950400000,
        "Length": 4.948,
        "Length_km": 0.005
      }
    },
    {
      "type": "Feature",
      "geometry": {
        "type": "LineString",
        "coordinates": [
          [
            39.52393666666667,
            -3.9758650000000038
          ],
          [
            39.523943333333335,
            -3.9758816666666603
          ],
          [
            39.52397666666666,
            -3.9759100000000034
          ],
          [
            39.52402166666666,
            -3.97594666666667
          ],
          [
            39.52403,
            -3.975943333333337
          ],
          [
            39.52411666666667,
            -3.975984999999996
          ],
          [
            39.52414666666667,
            -3.976001666666672
          ],
          [
            39.52417333333334,
            -3.976020000000003
          ],
          [
            39.52420666666667,
            -3.976035000000003
          ],
          [
            39.524213333333336,
            -3.9760383333333396
          ]
        ]
      },
      "properties": {
        "fid": 33,
        "date": 1782950400000,
        "Length": 37.218,
        "Length_km": 0.037
      }
    },
    {
      "type": "Feature",
      "geometry": {
        "type": "LineString",
        "coordinates": [
          [
            39.524748333333335,
            -3.9761416666666625
          ],
          [
            39.52471666666667,
            -3.976133333333331
          ],
          [
            39.52466833333334,
            -3.9761349999999975
          ],
          [
            39.52462333333334,
            -3.9761383333333358
          ],
          [
            39.52458,
            -3.9761299999999955
          ],
          [
            39.524573333333336,
            -3.976130000000005
          ],
          [
            39.52451333333333,
            -3.976126666666671
          ],
          [
            39.524441666666675,
            -3.9761149999999996
          ],
          [
            39.52442333333333,
            -3.976111666666666
          ],
          [
            39.524368333333335,
            -3.9760999999999935
          ],
          [
            39.524308333333344,
            -3.9760816666666616
          ],
          [
            39.524276666666665,
            -3.9760733333333373
          ],
          [
            39.52421666666667,
            -3.976061666666659
          ],
          [
            39.524210000000004,
            -3.9760599999999986
          ]
        ]
      },
      "properties": {
        "fid": 34,
        "date": 1782950400000,
        "Length": 60.855,
        "Length_km": 0.061
      }
    },
    {
      "type": "Feature",
      "geometry": {
        "type": "LineString",
        "coordinates": [
          [
            39.52456666666667,
            -3.9757983333333327
          ],
          [
            39.524546666666666,
            -3.97578833333333
          ],
          [
            39.52446833333333,
            -3.9757783333333387
          ],
          [
            39.524409999999996,
            -3.9757699999999914
          ],
          [
            39.52433333333333,
            -3.9757549999999995
          ],
          [
            39.52428333333333,
            -3.9757266666666635
          ],
          [
            39.52428166666667,
            -3.975721666666674
          ]
        ]
      },
      "properties": {
        "fid": 35,
        "date": 1782950400000,
        "Length": 33.426,
        "Length_km": 0.033
      }
    },
    {
      "type": "Feature",
      "geometry": {
        "type": "LineString",
        "coordinates": [
          [
            39.52424833333334,
            -3.975750000000002
          ],
          [
            39.524195,
            -3.9757066666666696
          ],
          [
            39.52419166666667,
            -3.975703333333337
          ],
          [
            39.524188333333335,
            -3.9756966666666713
          ],
          [
            39.52416166666667,
            -3.9756783333333305
          ],
          [
            39.52414833333333,
            -3.9756783333333274
          ],
          [
            39.52413333333333,
            -3.975669999999992
          ],
          [
            39.52412833333334,
            -3.975665
          ],
          [
            39.524118333333334,
            -3.975651666666659
          ],
          [
            39.52410333333333,
            -3.975631666666663
          ],
          [
            39.5241,
            -3.9756283333333355
          ]
        ]
      },
      "properties": {
        "fid": 36,
        "date": 1782950400000,
        "Length": 21.86,
        "Length_km": 0.022
      }
    },
    {
      "type": "Feature",
      "geometry": {
        "type": "LineString",
        "coordinates": [
          [
            39.52433833333334,
            -3.9755450000000065
          ],
          [
            39.524364999999996,
            -3.975555000000004
          ],
          [
            39.524368333333335,
            -3.9755566666666584
          ],
          [
            39.52443,
            -3.975594999999991
          ],
          [
            39.524458333333335,
            -3.9756083333333394
          ],
          [
            39.524501666666666,
            -3.975623333333327
          ],
          [
            39.524541666666664,
            -3.9756266666666704
          ],
          [
            39.52459666666667,
            -3.9756283333333426
          ],
          [
            39.524634999999996,
            -3.975626666666661
          ],
          [
            39.52467,
            -3.9756283333333395
          ],
          [
            39.52471166666667,
            -3.9756283333333307
          ],
          [
            39.524745,
            -3.9756233333333397
          ],
          [
            39.524795000000005,
            -3.9755999999999996
          ],
          [
            39.52482833333333,
            -3.9755899999999977
          ]
        ]
      },
      "properties": {
        "fid": 37,
        "date": 1782950400000,
        "Length": 57.27,
        "Length_km": 0.057
      }
    },
    {
      "type": "Feature",
      "geometry": {
        "type": "LineString",
        "coordinates": [
          [
            39.52473333333333,
            -3.975309999999996
          ],
          [
            39.52471166666667,
            -3.9753116666666646
          ],
          [
            39.52465833333334,
            -3.9753050000000028
          ],
          [
            39.52460333333333,
            -3.975306666666671
          ],
          [
            39.524546666666666,
            -3.9753050000000028
          ],
          [
            39.52452,
            -3.9752966666666736
          ]
        ]
      },
      "properties": {
        "fid": 38,
        "date": 1782950400000,
        "Length": 23.89,
        "Length_km": 0.024
      }
    },
    {
      "type": "Feature",
      "geometry": {
        "type": "LineString",
        "coordinates": [
          [
            39.524636666666666,
            -3.9751966666666663
          ],
          [
            39.52465833333334,
            -3.975195000000003
          ],
          [
            39.52470666666667,
            -3.97519833333333
          ],
          [
            39.524748333333335,
            -3.97519666666666
          ],
          [
            39.52476166666667,
            -3.9751966666666583
          ]
        ]
      },
      "properties": {
        "fid": 39,
        "date": 1782950400000,
        "Length": 13.905,
        "Length_km": 0.014
      }
    },
    {
      "type": "Feature",
      "geometry": {
        "type": "LineString",
        "coordinates": [
          [
            39.52500166666667,
            -3.9753683333333334
          ],
          [
            39.525011666666664,
            -3.975374999999999
          ],
          [
            39.52496333333334,
            -3.975391666666667
          ],
          [
            39.52489,
            -3.975404999999992
          ],
          [
            39.524840000000005,
            -3.975415
          ],
          [
            39.524815,
            -3.9754316666666707
          ],
          [
            39.524885000000005,
            -3.9752933333333327
          ],
          [
            39.524921666666664,
            -3.97528833333333
          ],
          [
            39.524975000000005,
            -3.975281666666668
          ],
          [
            39.52497666666667,
            -3.975280000000004
          ]
        ]
      },
      "properties": {
        "fid": 40,
        "date": 1782950400000,
        "Length": 51.776,
        "Length_km": 0.052
      }
    },
    {
      "type": "Feature",
      "geometry": {
        "type": "LineString",
        "coordinates": [
          [
            39.524973333333335,
            -3.975028333333339
          ],
          [
            39.52493666666667,
            -3.9750383333333357
          ],
          [
            39.52488,
            -3.9750583333333283
          ],
          [
            39.52484666666667,
            -3.975066666666674
          ],
          [
            39.524816666666666,
            -3.9750666666666583
          ],
          [
            39.524813333333334,
            -3.9750683333333288
          ]
        ]
      },
      "properties": {
        "fid": 41,
        "date": 1782950400000,
        "Length": 18.45,
        "Length_km": 0.018
      }
    },
    {
      "type": "Feature",
      "geometry": {
        "type": "LineString",
        "coordinates": [
          [
            39.524696666666664,
            -3.974916666666674
          ],
          [
            39.52463,
            -3.974891666666661
          ],
          [
            39.524535,
            -3.9748500000000018
          ],
          [
            39.52451666666666,
            -3.974838333333341
          ],
          [
            39.52437,
            -3.974789999999991
          ],
          [
            39.52431,
            -3.9747566666666647
          ],
          [
            39.52426333333334,
            -3.9747433333333357
          ],
          [
            39.52421666666667,
            -3.9747216666666594
          ],
          [
            39.524185,
            -3.974703333333335
          ],
          [
            39.52418333333334,
            -3.9746999999999963
          ]
        ]
      },
      "properties": {
        "fid": 42,
        "date": 1782950400000,
        "Length": 62.152,
        "Length_km": 0.062
      }
    },
    {
      "type": "Feature",
      "geometry": {
        "type": "LineString",
        "coordinates": [
          [
            39.524123333333335,
            -3.974851666666661
          ],
          [
            39.52408833333333,
            -3.974815000000003
          ],
          [
            39.52408833333333,
            -3.974808333333327
          ]
        ]
      },
      "properties": {
        "fid": 43,
        "date": 1782950400000,
        "Length": 6.354,
        "Length_km": 0.006
      }
    },
    {
      "type": "Feature",
      "geometry": {
        "type": "LineString",
        "coordinates": [
          [
            39.524078333333335,
            -3.97491333333334
          ],
          [
            39.52410666666666,
            -3.97493
          ],
          [
            39.52410833333333,
            -3.974931666666661
          ],
          [
            39.52414666666667,
            -3.974934999999999
          ],
          [
            39.52419666666666,
            -3.9749533333333313
          ],
          [
            39.524215000000005,
            -3.9749616666666587
          ],
          [
            39.524229999999996,
            -3.9749666666666603
          ],
          [
            39.52424,
            -3.974969999999997
          ],
          [
            39.52426,
            -3.9749816666666655
          ],
          [
            39.52428833333333,
            -3.974989999999997
          ],
          [
            39.52431166666667,
            -3.97500666666666
          ],
          [
            39.524353333333345,
            -3.975025000000005
          ],
          [
            39.52435666666667,
            -3.975026666666676
          ]
        ]
      },
      "properties": {
        "fid": 44,
        "date": 1782950400000,
        "Length": 33.744,
        "Length_km": 0.034
      }
    },
    {
      "type": "Feature",
      "geometry": {
        "type": "LineString",
        "coordinates": [
          [
            39.52428,
            -3.9750650000000034
          ],
          [
            39.524256666666666,
            -3.9750600000000005
          ],
          [
            39.52424333333333,
            -3.9750566666666654
          ],
          [
            39.524229999999996,
            -3.975048333333338
          ],
          [
            39.524208333333334,
            -3.9750433333333324
          ],
          [
            39.52415333333333,
            -3.9750199999999922
          ],
          [
            39.52413,
            -3.9750133333333313
          ],
          [
            39.52411666666667,
            -3.975006666666674
          ]
        ]
      },
      "properties": {
        "fid": 45,
        "date": 1782950400000,
        "Length": 19.367,
        "Length_km": 0.019
      }
    },
    {
      "type": "Feature",
      "geometry": {
        "type": "LineString",
        "coordinates": [
          [
            39.52406333333333,
            -3.975216666666666
          ],
          [
            39.52407166666667,
            -3.9752483333333344
          ],
          [
            39.524095,
            -3.975289999999997
          ],
          [
            39.52411166666666,
            -3.9752983333333276
          ],
          [
            39.524165,
            -3.9753033333333403
          ],
          [
            39.524163333333334,
            -3.9753049999999956
          ]
        ]
      },
      "properties": {
        "fid": 46,
        "date": 1782950400000,
        "Length": 17.185,
        "Length_km": 0.017
      }
    },
    {
      "type": "Feature",
      "geometry": {
        "type": "LineString",
        "coordinates": [
          [
            39.524015,
            -3.975378333333331
          ],
          [
            39.524006666666665,
            -3.9753483333333337
          ],
          [
            39.523983333333334,
            -3.975321666666663
          ],
          [
            39.523975,
            -3.9753050000000045
          ],
          [
            39.52397,
            -3.975296666666661
          ],
          [
            39.523941666666666,
            -3.975248333333328
          ],
          [
            39.523941666666666,
            -3.97524666666667
          ]
        ]
      },
      "properties": {
        "fid": 47,
        "date": 1782950400000,
        "Length": 16.894,
        "Length_km": 0.017
      }
    },
    {
      "type": "Feature",
      "geometry": {
        "type": "LineString",
        "coordinates": [
          [
            39.52383,
            -3.97492833333333
          ],
          [
            39.52381666666667,
            -3.9749333333333294
          ],
          [
            39.52379833333334,
            -3.9749399999999957
          ],
          [
            39.52378833333333,
            -3.9749466666666584
          ],
          [
            39.52376,
            -3.974948333333341
          ],
          [
            39.523735,
            -3.9749466666666704
          ],
          [
            39.52371333333333,
            -3.9749450000000013
          ],
          [
            39.523685,
            -3.974951666666667
          ],
          [
            39.523655,
            -3.9749466666666677
          ],
          [
            39.52358666666667,
            -3.9749383333333324
          ],
          [
            39.52355333333333,
            -3.974923333333332
          ],
          [
            39.523498333333336,
            -3.9749083333333313
          ],
          [
            39.52348,
            -3.9749016666666654
          ],
          [
            39.52345833333333,
            -3.9748899999999976
          ],
          [
            39.52344666666667,
            -3.9748850000000018
          ]
        ]
      },
      "properties": {
        "fid": 48,
        "date": 1782950400000,
        "Length": 44.369,
        "Length_km": 0.044
      }
    },
    {
      "type": "Feature",
      "geometry": {
        "type": "LineString",
        "coordinates": [
          [
            39.52343666666666,
            -3.9749683333333277
          ],
          [
            39.52347833333333,
            -3.9749916666666723
          ],
          [
            39.52352,
            -3.9750183333333338
          ],
          [
            39.523565,
            -3.9750433333333346
          ],
          [
            39.52357833333333,
            -3.975049999999995
          ],
          [
            39.52359666666667,
            -3.97506166666667
          ],
          [
            39.52362,
            -3.9750583333333376
          ],
          [
            39.523648333333334,
            -3.9750500000000004
          ],
          [
            39.523678333333336,
            -3.9750433333333404
          ],
          [
            39.52370333333333,
            -3.975034999999994
          ],
          [
            39.52375166666667,
            -3.975035000000008
          ],
          [
            39.52377333333333,
            -3.975033333333339
          ],
          [
            39.52379833333334,
            -3.9750233333333282
          ],
          [
            39.52381333333334,
            -3.975018333333337
          ],
          [
            39.52384,
            -3.9749999999999943
          ],
          [
            39.52384166666666,
            -3.9749966666666587
          ]
        ]
      },
      "properties": {
        "fid": 49,
        "date": 1782950400000,
        "Length": 49.32,
        "Length_km": 0.049
      }
    },
    {
      "type": "Feature",
      "geometry": {
        "type": "LineString",
        "coordinates": [
          [
            39.52381166666667,
            -3.9751800000000066
          ],
          [
            39.52378,
            -3.9751633333333345
          ],
          [
            39.52375333333334,
            -3.975148333333326
          ],
          [
            39.52372833333333,
            -3.975133333333326
          ],
          [
            39.5237,
            -3.9751166666666595
          ],
          [
            39.52367666666667,
            -3.975096666666668
          ],
          [
            39.52367166666667,
            -3.9750950000000045
          ]
        ]
      },
      "properties": {
        "fid": 50,
        "date": 1782950400000,
        "Length": 18.237,
        "Length_km": 0.018
      }
    },
    {
      "type": "Feature",
      "geometry": {
        "type": "LineString",
        "coordinates": [
          [
            39.52350833333333,
            -3.975893333333337
          ],
          [
            39.52349666666667,
            -3.97594166666666
          ],
          [
            39.523495000000004,
            -3.976009999999994
          ],
          [
            39.523493333333334,
            -3.9760216666666715
          ],
          [
            39.523493333333334,
            -3.9760583333333264
          ],
          [
            39.52349666666667,
            -3.9760733333333333
          ],
          [
            39.52348833333334,
            -3.9761050000000053
          ],
          [
            39.523485,
            -3.9761083333333316
          ],
          [
            39.52346333333333,
            -3.976126666666668
          ],
          [
            39.52344166666667,
            -3.976161666666664
          ],
          [
            39.523405000000004,
            -3.9761983333333326
          ],
          [
            39.52336666666667,
            -3.976246666666665
          ],
          [
            39.52332333333333,
            -3.9762983333333306
          ],
          [
            39.523291666666665,
            -3.9763333333333377
          ],
          [
            39.523273333333336,
            -3.976353333333328
          ],
          [
            39.52326666666667,
            -3.976359999999993
          ],
          [
            39.52324333333333,
            -3.976383333333336
          ],
          [
            39.52318833333334,
            -3.9764249999999945
          ],
          [
            39.52318,
            -3.976435000000002
          ],
          [
            39.523156666666665,
            -3.976450000000005
          ],
          [
            39.523138333333335,
            -3.976461666666659
          ],
          [
            39.523109999999996,
            -3.976493333333336
          ],
          [
            39.52309,
            -3.976518333333326
          ],
          [
            39.523064999999995,
            -3.9765433333333373
          ],
          [
            39.52303166666666,
            -3.9765849999999903
          ],
          [
            39.523019999999995,
            -3.9765933333333354
          ],
          [
            39.52300833333334,
            -3.9766016666666597
          ],
          [
            39.522965,
            -3.976626666666667
          ],
          [
            39.52296,
            -3.9766299999999997
          ]
        ]
      },
      "properties": {
        "fid": 51,
        "date": 1782950400000,
        "Length": 107.008,
        "Length_km": 0.107
      }
    },
    {
      "type": "Feature",
      "geometry": {
        "type": "LineString",
        "coordinates": [
          [
            39.52305,
            -3.976771666666669
          ],
          [
            39.523093333333335,
            -3.9767366666666586
          ],
          [
            39.52313,
            -3.9767016666666626
          ],
          [
            39.52317166666667,
            -3.976658333333341
          ],
          [
            39.523196666666664,
            -3.9766299999999957
          ],
          [
            39.52320833333333,
            -3.9766166666666605
          ],
          [
            39.523226666666666,
            -3.976596666666666
          ],
          [
            39.523291666666665,
            -3.9765350000000024
          ],
          [
            39.52330333333334,
            -3.9765233333333354
          ],
          [
            39.52332833333333,
            -3.976503333333334
          ],
          [
            39.52333833333333,
            -3.9764900000000027
          ],
          [
            39.523361666666666,
            -3.9764666666666626
          ],
          [
            39.52337166666667,
            -3.9764599999999963
          ],
          [
            39.52341166666667,
            -3.976428333333338
          ],
          [
            39.52344500000001,
            -3.9764033333333275
          ],
          [
            39.523450000000004,
            -3.976399999999996
          ],
          [
            39.52348,
            -3.9763650000000053
          ],
          [
            39.523513333333334,
            -3.976328333333334
          ],
          [
            39.52351833333333,
            -3.976324999999996
          ],
          [
            39.52356666666667,
            -3.9762633333333297
          ],
          [
            39.52357500000001,
            -3.9762499999999976
          ],
          [
            39.5236,
            -3.9762050000000033
          ],
          [
            39.52361,
            -3.9762033333333293
          ],
          [
            39.52363666666667,
            -3.9761633333333255
          ],
          [
            39.52366833333333,
            -3.9760983333333333
          ],
          [
            39.52367,
            -3.9760933333333397
          ]
        ]
      },
      "properties": {
        "fid": 52,
        "date": 1782950400000,
        "Length": 103.11,
        "Length_km": 0.103
      }
    },
    {
      "type": "Feature",
      "geometry": {
        "type": "LineString",
        "coordinates": [
          [
            39.523795,
            -3.976253333333341
          ],
          [
            39.52375000000001,
            -3.976294999999997
          ],
          [
            39.523716666666665,
            -3.9763333333333346
          ],
          [
            39.52371,
            -3.9763466666666685
          ],
          [
            39.523693333333334,
            -3.9763683333333315
          ],
          [
            39.523678333333336,
            -3.976380000000005
          ],
          [
            39.52366666666667,
            -3.9763883333333396
          ],
          [
            39.52362166666667,
            -3.9764299999999984
          ],
          [
            39.52359,
            -3.976456666666662
          ],
          [
            39.52358166666667,
            -3.976461666666671
          ],
          [
            39.52352333333333,
            -3.9765033333333255
          ],
          [
            39.5235,
            -3.9765200000000003
          ],
          [
            39.523495000000004,
            -3.9765233333333407
          ],
          [
            39.523469999999996,
            -3.976555000000004
          ],
          [
            39.523455,
            -3.9765783333333413
          ],
          [
            39.52344666666667,
            -3.9765883333333325
          ],
          [
            39.52344333333333,
            -3.97660666666667
          ],
          [
            39.52343666666666,
            -3.9766149999999985
          ],
          [
            39.52339833333333,
            -3.9766483333333373
          ],
          [
            39.52338666666667,
            -3.97666833333334
          ],
          [
            39.52335166666667,
            -3.976696666666664
          ],
          [
            39.523313333333334,
            -3.9767283333333268
          ],
          [
            39.523305,
            -3.976735000000003
          ],
          [
            39.523275,
            -3.9767683333333403
          ],
          [
            39.52323666666667,
            -3.9768033333333412
          ],
          [
            39.523225000000004,
            -3.9768183333333305
          ],
          [
            39.52320833333333,
            -3.9768400000000015
          ],
          [
            39.523175,
            -3.9768683333333414
          ],
          [
            39.523145,
            -3.976908333333328
          ],
          [
            39.523138333333335,
            -3.9769100000000033
          ]
        ]
      },
      "properties": {
        "fid": 53,
        "date": 1782950400000,
        "Length": 104.171,
        "Length_km": 0.104
      }
    },
    {
      "type": "Feature",
      "geometry": {
        "type": "LineString",
        "coordinates": [
          [
            39.522088333333336,
            -3.9761066666666705
          ],
          [
            39.52210166666667,
            -3.976091666666667
          ],
          [
            39.52211666666667,
            -3.976041666666672
          ],
          [
            39.522105,
            -3.975985000000008
          ],
          [
            39.52210166666667,
            -3.9759600000000046
          ],
          [
            39.52210333333334,
            -3.9758966666666615
          ],
          [
            39.5221,
            -3.9758400000000034
          ],
          [
            39.52209833333333,
            -3.975786666666673
          ],
          [
            39.5221,
            -3.975730000000005
          ],
          [
            39.52209666666667,
            -3.975699999999992
          ],
          [
            39.522095,
            -3.975693333333335
          ]
        ]
      },
      "properties": {
        "fid": 54,
        "date": 1782950400000,
        "Length": 46.736,
        "Length_km": 0.047
      }
    },
    {
      "type": "Feature",
      "geometry": {
        "type": "LineString",
        "coordinates": [
          [
            39.52193166666667,
            -3.9758866666666712
          ],
          [
            39.52193666666667,
            -3.9759383333333385
          ],
          [
            39.52193833333333,
            -3.975971666666665
          ],
          [
            39.52193833333333,
            -3.976006666666664
          ],
          [
            39.521944999999995,
            -3.976055000000006
          ],
          [
            39.521944999999995,
            -3.9761150000000067
          ],
          [
            39.52193833333333,
            -3.976118333333341
          ]
        ]
      },
      "properties": {
        "fid": 55,
        "date": 1782950400000,
        "Length": 26.159,
        "Length_km": 0.026
      }
    },
    {
      "type": "Feature",
      "geometry": {
        "type": "LineString",
        "coordinates": [
          [
            39.520615,
            -3.9766150000000047
          ],
          [
            39.52068333333333,
            -3.9766133333333245
          ]
        ]
      },
      "properties": {
        "fid": 56,
        "date": 1782950400000,
        "Length": 7.591,
        "Length_km": 0.008
      }
    },
    {
      "type": "Feature",
      "geometry": {
        "type": "LineString",
        "coordinates": [
          [
            39.52059833333333,
            -3.9764750000000006
          ],
          [
            39.52062833333334,
            -3.976478333333326
          ],
          [
            39.52068166666666,
            -3.9764750000000086
          ],
          [
            39.52073666666667,
            -3.976471666666662
          ],
          [
            39.520775,
            -3.9764650000000072
          ],
          [
            39.520824999999995,
            -3.9764666666666746
          ],
          [
            39.52085,
            -3.976469999999996
          ],
          [
            39.520873333333334,
            -3.97647166666667
          ],
          [
            39.52091,
            -3.9764700000000057
          ]
        ]
      },
      "properties": {
        "fid": 57,
        "date": 1782950400000,
        "Length": 34.756,
        "Length_km": 0.035
      }
    },
    {
      "type": "Feature",
      "geometry": {
        "type": "LineString",
        "coordinates": [
          [
            39.520943333333335,
            -3.9763133333333247
          ],
          [
            39.52090166666667,
            -3.9763116666666605
          ],
          [
            39.520865,
            -3.976310000000001
          ],
          [
            39.52083833333334,
            -3.9763116666666716
          ],
          [
            39.52079666666667,
            -3.9763133333333336
          ],
          [
            39.520765,
            -3.976314999999998
          ],
          [
            39.52073333333333,
            -3.976319999999996
          ],
          [
            39.52070333333334,
            -3.9763283333333397
          ],
          [
            39.52068333333333,
            -3.976329999999993
          ],
          [
            39.520644999999995,
            -3.9763266666666723
          ],
          [
            39.52064333333333,
            -3.9763266666666617
          ]
        ]
      },
      "properties": {
        "fid": 58,
        "date": 1782950400000,
        "Length": 33.53,
        "Length_km": 0.034
      }
    },
    {
      "type": "Feature",
      "geometry": {
        "type": "LineString",
        "coordinates": [
          [
            39.523880000000005,
            -3.976391666666666
          ],
          [
            39.523915,
            -3.9764049999999966
          ],
          [
            39.523918333333334,
            -3.9764033333333404
          ]
        ]
      },
      "properties": {
        "fid": 59,
        "date": 1782950400000,
        "Length": 4.571,
        "Length_km": 0.005
      }
    },
    {
      "type": "Feature",
      "geometry": {
        "type": "LineString",
        "coordinates": [
          [
            39.523871666666665,
            -3.9761533333333388
          ],
          [
            39.52388833333334,
            -3.9761650000000066
          ],
          [
            39.52389333333333,
            -3.976168333333327
          ],
          [
            39.52398,
            -3.976211666666674
          ],
          [
            39.52399333333334,
            -3.976219999999999
          ],
          [
            39.524065,
            -3.976278333333339
          ],
          [
            39.52406833333334,
            -3.9762783333333336
          ]
        ]
      },
      "properties": {
        "fid": 60,
        "date": 1782950400000,
        "Length": 26.033,
        "Length_km": 0.026
      }
    },
    {
      "type": "Feature",
      "geometry": {
        "type": "LineString",
        "coordinates": [
          [
            39.52406833333334,
            -3.9762783333333336
          ],
          [
            39.524166666666666,
            -3.9763450000000025
          ],
          [
            39.52422166666667,
            -3.976373333333336
          ],
          [
            39.52427,
            -3.9764183333333367
          ],
          [
            39.52427166666667,
            -3.976421666666671
          ]
        ]
      },
      "properties": {
        "fid": 61,
        "date": 1782950400000,
        "Length": 27.772,
        "Length_km": 0.028
      }
    },
    {
      "type": "Feature",
      "geometry": {
        "type": "LineString",
        "coordinates": [
          [
            39.52402166666666,
            -3.9757966666666715
          ],
          [
            39.524095,
            -3.975793333333329
          ],
          [
            39.52412,
            -3.9758083333333287
          ],
          [
            39.52422333333333,
            -3.9758533333333372
          ],
          [
            39.524235,
            -3.9758666666666644
          ],
          [
            39.52432666666667,
            -3.9758966666666646
          ],
          [
            39.52432833333333,
            -3.9758983333333346
          ],
          [
            39.52444666666667,
            -3.9759416666666727
          ],
          [
            39.524453333333334,
            -3.975941666666675
          ],
          [
            39.524683333333336,
            -3.975971666666664
          ],
          [
            39.524685,
            -3.9759716666666702
          ]
        ]
      },
      "properties": {
        "fid": 62,
        "date": 1782950400000,
        "Length": 77.495,
        "Length_km": 0.077
      }
    },
    {
      "type": "Feature",
      "geometry": {
        "type": "LineString",
        "coordinates": [
          [
            39.53635666666666,
            -3.981829999999998
          ],
          [
            39.53633,
            -3.9818166666666603
          ],
          [
            39.53628333333334,
            -3.9817833333333366
          ],
          [
            39.536231666666666,
            -3.9817483333333255
          ],
          [
            39.536208333333335,
            -3.9817383333333405
          ],
          [
            39.53618333333334,
            -3.98171833333333
          ],
          [
            39.536163333333334,
            -3.9817066666666667
          ],
          [
            39.53614,
            -3.9816950000000033
          ],
          [
            39.53611333333333,
            -3.98168
          ],
          [
            39.536085,
            -3.9816566666666717
          ],
          [
            39.53606,
            -3.9816416666666625
          ],
          [
            39.53604666666667,
            -3.9816216666666735
          ],
          [
            39.53602,
            -3.9815583333333278
          ],
          [
            39.53602166666667,
            -3.9815583333333358
          ]
        ]
      },
      "properties": {
        "fid": 63,
        "date": 1783036800000,
        "Length": 49.567,
        "Length_km": 0.05
      }
    },
    {
      "type": "Feature",
      "geometry": {
        "type": "LineString",
        "coordinates": [
          [
            39.535803333333334,
            -3.9819033333333387
          ],
          [
            39.53581333333333,
            -3.981926666666673
          ],
          [
            39.535815,
            -3.9819583333333353
          ],
          [
            39.535815,
            -3.981983333333327
          ],
          [
            39.53582333333333,
            -3.9820066666666714
          ],
          [
            39.53583166666667,
            -3.9820300000000057
          ],
          [
            39.53584333333333,
            -3.982061666666663
          ],
          [
            39.535873333333335,
            -3.9820999999999995
          ],
          [
            39.535891666666664,
            -3.982124999999994
          ],
          [
            39.53591666666667,
            -3.9821549999999966
          ],
          [
            39.53594833333333,
            -3.9821783333333287
          ],
          [
            39.535965000000004,
            -3.982196666666664
          ],
          [
            39.535986666666666,
            -3.9822133333333367
          ],
          [
            39.53601833333333,
            -3.982234999999999
          ],
          [
            39.53606333333333,
            -3.982264999999995
          ],
          [
            39.536105,
            -3.982286666666676
          ],
          [
            39.53613333333333,
            -3.982301666666662
          ],
          [
            39.536190000000005,
            -3.9823316666666595
          ],
          [
            39.53623,
            -3.9823533333333363
          ],
          [
            39.53627166666667,
            -3.982368333333342
          ],
          [
            39.536323333333335,
            -3.9823883333333265
          ],
          [
            39.53633,
            -3.9823950000000004
          ]
        ]
      },
      "properties": {
        "fid": 64,
        "date": 1783036800000,
        "Length": 84.876,
        "Length_km": 0.085
      }
    },
    {
      "type": "Feature",
      "geometry": {
        "type": "LineString",
        "coordinates": [
          [
            39.53625833333333,
            -3.9827133333333387
          ],
          [
            39.53621833333333,
            -3.982688333333341
          ],
          [
            39.536165,
            -3.9826616666666634
          ],
          [
            39.53611166666667,
            -3.982633333333334
          ],
          [
            39.53608,
            -3.9826150000000005
          ],
          [
            39.53604166666666,
            -3.9825916666666616
          ],
          [
            39.536010000000005,
            -3.9825799999999925
          ],
          [
            39.535983333333334,
            -3.982566666666671
          ],
          [
            39.53595666666667,
            -3.982548333333335
          ],
          [
            39.535905,
            -3.982515000000008
          ],
          [
            39.535864999999994,
            -3.9824816666666707
          ],
          [
            39.535825,
            -3.9824466666666627
          ],
          [
            39.53574833333333,
            -3.982378333333331
          ],
          [
            39.53570166666667,
            -3.982334999999994
          ],
          [
            39.53567666666667,
            -3.982306666666664
          ],
          [
            39.535651666666666,
            -3.9822683333333337
          ],
          [
            39.535651666666666,
            -3.982266666666662
          ]
        ]
      },
      "properties": {
        "fid": 65,
        "date": 1783036800000,
        "Length": 84.592,
        "Length_km": 0.085
      }
    },
    {
      "type": "Feature",
      "geometry": {
        "type": "LineString",
        "coordinates": [
          [
            39.535891666666664,
            -3.9831200000000044
          ],
          [
            39.53587,
            -3.9831150000000015
          ],
          [
            39.53581,
            -3.9830799999999975
          ],
          [
            39.53574166666667,
            -3.9830583333333256
          ],
          [
            39.535743333333336,
            -3.9830533333333418
          ]
        ]
      },
      "properties": {
        "fid": 66,
        "date": 1783036800000,
        "Length": 18.715,
        "Length_km": 0.019
      }
    },
    {
      "type": "Feature",
      "geometry": {
        "type": "LineString",
        "coordinates": [
          [
            39.535545,
            -3.983384999999997
          ],
          [
            39.53555666666667,
            -3.9833883333333415
          ],
          [
            39.535581666666666,
            -3.9833899999999947
          ],
          [
            39.535608333333336,
            -3.983391666666659
          ],
          [
            39.535684999999994,
            -3.9834033333333307
          ],
          [
            39.53569,
            -3.9834033333333396
          ]
        ]
      },
      "properties": {
        "fid": 67,
        "date": 1783036800000,
        "Length": 16.263,
        "Length_km": 0.016
      }
    },
    {
      "type": "Feature",
      "geometry": {
        "type": "LineString",
        "coordinates": [
          [
            39.535671666666666,
            -3.983476666666662
          ],
          [
            39.535713333333334,
            -3.9834966666666687
          ],
          [
            39.53571833333333,
            -3.983501666666666
          ],
          [
            39.53575166666667,
            -3.983519999999994
          ],
          [
            39.535803333333334,
            -3.9835500000000024
          ],
          [
            39.535845,
            -3.983575000000007
          ],
          [
            39.535875000000004,
            -3.983588333333337
          ],
          [
            39.53588666666667,
            -3.9835950000000007
          ],
          [
            39.53595666666667,
            -3.983638333333331
          ],
          [
            39.53595666666667,
            -3.9836366666666616
          ]
        ]
      },
      "properties": {
        "fid": 68,
        "date": 1783036800000,
        "Length": 36.601,
        "Length_km": 0.037
      }
    },
    {
      "type": "Feature",
      "geometry": {
        "type": "LineString",
        "coordinates": [
          [
            39.53588166666667,
            -3.9836833333333352
          ],
          [
            39.53589,
            -3.983710000000006
          ],
          [
            39.535896666666666,
            -3.983750000000001
          ],
          [
            39.535895,
            -3.9837966666666618
          ],
          [
            39.535895,
            -3.9838150000000043
          ],
          [
            39.535895,
            -3.9838450000000036
          ],
          [
            39.53589,
            -3.983906666666674
          ]
        ]
      },
      "properties": {
        "fid": 69,
        "date": 1783036800000,
        "Length": 24.925,
        "Length_km": 0.025
      }
    },
    {
      "type": "Feature",
      "geometry": {
        "type": "LineString",
        "coordinates": [
          [
            39.535954999999994,
            -3.9839249999999997
          ],
          [
            39.53594833333333,
            -3.9839650000000075
          ],
          [
            39.53594666666667,
            -3.983988333333341
          ],
          [
            39.535938333333334,
            -3.9840350000000035
          ],
          [
            39.53592833333333,
            -3.984068333333329
          ],
          [
            39.53592666666667,
            -3.984073333333342
          ],
          [
            39.535918333333335,
            -3.984095000000003
          ],
          [
            39.53590666666666,
            -3.9841199999999977
          ],
          [
            39.53590166666667,
            -3.9841483333333367
          ],
          [
            39.535893333333334,
            -3.98417833333334
          ],
          [
            39.53588833333333,
            -3.9842200000000076
          ],
          [
            39.53588166666667,
            -3.984271666666664
          ],
          [
            39.53587833333334,
            -3.984278333333336
          ]
        ]
      },
      "properties": {
        "fid": 70,
        "date": 1783036800000,
        "Length": 40.221,
        "Length_km": 0.04
      }
    },
    {
      "type": "Feature",
      "geometry": {
        "type": "LineString",
        "coordinates": [
          [
            39.535023333333335,
            -3.9851616666666585
          ],
          [
            39.53500333333333,
            -3.9851250000000062
          ],
          [
            39.53498333333334,
            -3.9850933333333405
          ],
          [
            39.53496166666666,
            -3.985061666666672
          ],
          [
            39.53494333333333,
            -3.985031666666664
          ],
          [
            39.534915,
            -3.9849949999999947
          ],
          [
            39.53487166666666,
            -3.9849350000000014
          ],
          [
            39.53487333333333,
            -3.9849333333333328
          ]
        ]
      },
      "properties": {
        "fid": 71,
        "date": 1783036800000,
        "Length": 30.5,
        "Length_km": 0.031
      }
    },
    {
      "type": "Feature",
      "geometry": {
        "type": "LineString",
        "coordinates": [
          [
            39.533204999999995,
            -3.9845516666666727
          ],
          [
            39.53315666666666,
            -3.98462333333334
          ],
          [
            39.53313166666667,
            -3.984661666666663
          ],
          [
            39.533114999999995,
            -3.98469333333334
          ],
          [
            39.53309333333333,
            -3.9847250000000005
          ],
          [
            39.53307333333333,
            -3.984761666666668
          ],
          [
            39.53305666666667,
            -3.984806666666674
          ],
          [
            39.53304833333333,
            -3.9848383333333284
          ],
          [
            39.53303166666667,
            -3.9848733333333333
          ],
          [
            39.53302000000001,
            -3.984896666666658
          ],
          [
            39.533008333333335,
            -3.9849099999999957
          ],
          [
            39.53299333333334,
            -3.984941666666662
          ],
          [
            39.53299333333334,
            -3.9849433333333386
          ]
        ]
      },
      "properties": {
        "fid": 72,
        "date": 1783036800000,
        "Length": 49.604,
        "Length_km": 0.05
      }
    },
    {
      "type": "Feature",
      "geometry": {
        "type": "LineString",
        "coordinates": [
          [
            39.53348833333334,
            -3.9849516666666593
          ],
          [
            39.53347833333333,
            -3.984974999999999
          ],
          [
            39.533384999999996,
            -3.985061666666663
          ],
          [
            39.533361666666664,
            -3.9850850000000078
          ],
          [
            39.533341666666665,
            -3.985123333333332
          ],
          [
            39.53332833333333,
            -3.9851633333333325
          ],
          [
            39.533318333333334,
            -3.9851883333333262
          ],
          [
            39.533303333333336,
            -3.985226666666666
          ],
          [
            39.533296666666665,
            -3.9852466666666695
          ],
          [
            39.53328666666666,
            -3.985313333333328
          ],
          [
            39.533285,
            -3.9853433333333363
          ],
          [
            39.53328166666667,
            -3.9853716666666714
          ],
          [
            39.53328,
            -3.985416666666661
          ],
          [
            39.533275,
            -3.985461666666663
          ],
          [
            39.533271666666664,
            -3.9854633333333402
          ]
        ]
      },
      "properties": {
        "fid": 73,
        "date": 1783036800000,
        "Length": 64.231,
        "Length_km": 0.064
      }
    },
    {
      "type": "Feature",
      "geometry": {
        "type": "LineString",
        "coordinates": [
          [
            39.52786833333333,
            -3.98914166666667
          ],
          [
            39.52785666666667,
            -3.9891666666666703
          ],
          [
            39.52785333333334,
            -3.989208333333337
          ],
          [
            39.52784666666666,
            -3.989234999999999
          ],
          [
            39.527825,
            -3.9892733333333394
          ],
          [
            39.5278,
            -3.9893083333333252
          ],
          [
            39.527775,
            -3.989343333333338
          ],
          [
            39.52775333333333,
            -3.9893783333333275
          ],
          [
            39.52772166666667,
            -3.989424999999993
          ],
          [
            39.52770666666667,
            -3.989455
          ],
          [
            39.527683333333336,
            -3.9894866666666706
          ],
          [
            39.527665,
            -3.989525
          ],
          [
            39.527654999999996,
            -3.989536666666659
          ],
          [
            39.527635000000004,
            -3.9895633333333373
          ],
          [
            39.527615,
            -3.989574999999993
          ],
          [
            39.52757,
            -3.989571666666668
          ],
          [
            39.527565,
            -3.989573333333326
          ]
        ]
      },
      "properties": {
        "fid": 74,
        "date": 1783036800000,
        "Length": 62.247,
        "Length_km": 0.062
      }
    },
    {
      "type": "Feature",
      "geometry": {
        "type": "LineString",
        "coordinates": [
          [
            39.52726666666667,
            -3.9894716666666614
          ],
          [
            39.527285,
            -3.989463333333325
          ],
          [
            39.527325000000005,
            -3.98942166666666
          ],
          [
            39.52736,
            -3.989380000000003
          ],
          [
            39.527386666666665,
            -3.9893566666666693
          ],
          [
            39.52739333333333,
            -3.989343333333342
          ],
          [
            39.527405,
            -3.989336666666661
          ],
          [
            39.52743666666667,
            -3.989301666666669
          ],
          [
            39.527495,
            -3.989250000000003
          ],
          [
            39.52751333333333,
            -3.9892300000000023
          ],
          [
            39.527519999999996,
            -3.989226666666664
          ],
          [
            39.52756000000001,
            -3.989165000000004
          ],
          [
            39.52755666666667,
            -3.989151666666667
          ],
          [
            39.527568333333335,
            -3.9891033333333414
          ],
          [
            39.527593333333336,
            -3.9890283333333274
          ]
        ]
      },
      "properties": {
        "fid": 75,
        "date": 1783036800000,
        "Length": 63.335,
        "Length_km": 0.063
      }
    },
    {
      "type": "Feature",
      "geometry": {
        "type": "LineString",
        "coordinates": [
          [
            39.52757333333333,
            -3.9890216666666647
          ],
          [
            39.52758666666667,
            -3.988966666666668
          ],
          [
            39.527590000000004,
            -3.988950000000002
          ],
          [
            39.527591666666666,
            -3.9889483333333375
          ]
        ]
      },
      "properties": {
        "fid": 76,
        "date": 1783036800000,
        "Length": 8.401,
        "Length_km": 0.008
      }
    },
    {
      "type": "Feature",
      "geometry": {
        "type": "LineString",
        "coordinates": [
          [
            39.52753166666666,
            -3.9888883333333287
          ],
          [
            39.527498333333334,
            -3.988834999999998
          ],
          [
            39.52747166666666,
            -3.9887883333333325
          ],
          [
            39.52746333333334,
            -3.9887766666666598
          ],
          [
            39.52744333333333,
            -3.9887466666666618
          ],
          [
            39.52743833333333,
            -3.9887399999999977
          ],
          [
            39.52741,
            -3.9887116666666658
          ],
          [
            39.527325000000005,
            -3.9886550000000027
          ],
          [
            39.527325000000005,
            -3.98865666666667
          ]
        ]
      },
      "properties": {
        "fid": 77,
        "date": 1783036800000,
        "Length": 35.37,
        "Length_km": 0.035
      }
    },
    {
      "type": "Feature",
      "geometry": {
        "type": "LineString",
        "coordinates": [
          [
            39.52752666666667,
            -3.988621666666668
          ],
          [
            39.52757666666666,
            -3.988629999999996
          ],
          [
            39.52758333333334,
            -3.9886400000000064
          ],
          [
            39.52760666666667,
            -3.9886599999999985
          ],
          [
            39.527646666666676,
            -3.9886866666666703
          ],
          [
            39.527685,
            -3.9887166666666705
          ],
          [
            39.527681666666666,
            -3.98872333333333
          ],
          [
            39.52769333333334,
            -3.9887449999999944
          ],
          [
            39.52772,
            -3.988776666666659
          ],
          [
            39.527748333333335,
            -3.9888116666666686
          ],
          [
            39.52778166666667,
            -3.9888733333333337
          ]
        ]
      },
      "properties": {
        "fid": 78,
        "date": 1783036800000,
        "Length": 41.976,
        "Length_km": 0.042
      }
    },
    {
      "type": "Feature",
      "geometry": {
        "type": "LineString",
        "coordinates": [
          [
            39.527,
            -3.9892383333333274
          ],
          [
            39.526975,
            -3.9892433333333273
          ],
          [
            39.52695166666667,
            -3.989261666666665
          ],
          [
            39.526939999999996,
            -3.989271666666675
          ],
          [
            39.5269,
            -3.9893183333333315
          ],
          [
            39.526885,
            -3.989335000000007
          ],
          [
            39.52686833333334,
            -3.9893533333333315
          ],
          [
            39.52684,
            -3.9893816666666626
          ],
          [
            39.52681833333334,
            -3.9894033333333256
          ],
          [
            39.52681,
            -3.989411666666666
          ],
          [
            39.52677833333333,
            -3.989439999999994
          ]
        ]
      },
      "properties": {
        "fid": 79,
        "date": 1783036800000,
        "Length": 33.714,
        "Length_km": 0.034
      }
    },
    {
      "type": "Feature",
      "geometry": {
        "type": "LineString",
        "coordinates": [
          [
            39.526648333333334,
            -3.9893716666666683
          ],
          [
            39.52666333333333,
            -3.9893616666666687
          ],
          [
            39.52672333333333,
            -3.9893033333333334
          ],
          [
            39.52677333333334,
            -3.9892716666666703
          ],
          [
            39.52680833333333,
            -3.9892400000000037
          ],
          [
            39.526815000000006,
            -3.989239999999995
          ],
          [
            39.52686333333334,
            -3.9891833333333304
          ],
          [
            39.52688333333333,
            -3.989176666666659
          ],
          [
            39.526923333333336,
            -3.9891516666666673
          ],
          [
            39.526925,
            -3.9891483333333344
          ]
        ]
      },
      "properties": {
        "fid": 80,
        "date": 1783036800000,
        "Length": 40.045,
        "Length_km": 0.04
      }
    },
    {
      "type": "Feature",
      "geometry": {
        "type": "LineString",
        "coordinates": [
          [
            39.52716,
            -3.9887500000000062
          ],
          [
            39.52712666666666,
            -3.9887549999999945
          ],
          [
            39.527105,
            -3.9887366666666644
          ],
          [
            39.52707,
            -3.9887166666666616
          ],
          [
            39.527053333333335,
            -3.988706666666661
          ],
          [
            39.52702333333333,
            -3.9886749999999966
          ],
          [
            39.526996666666676,
            -3.988651666666665
          ],
          [
            39.526968333333336,
            -3.9886249999999985
          ],
          [
            39.52697166666667,
            -3.9886250000000083
          ]
        ]
      },
      "properties": {
        "fid": 81,
        "date": 1783036800000,
        "Length": 26.961,
        "Length_km": 0.027
      }
    },
    {
      "type": "Feature",
      "geometry": {
        "type": "LineString",
        "coordinates": [
          [
            39.52368,
            -3.961973333333327
          ],
          [
            39.52357666666667,
            -3.961933333333337
          ],
          [
            39.52350166666667,
            -3.9618999999999995
          ],
          [
            39.523421666666664,
            -3.9618716666666756
          ],
          [
            39.523318333333336,
            -3.96183333333333
          ],
          [
            39.52326166666667,
            -3.961826666666662
          ],
          [
            39.523225000000004,
            -3.9618216666666695
          ],
          [
            39.523195,
            -3.9618216666666664
          ],
          [
            39.523195,
            -3.9618099999999936
          ]
        ]
      },
      "properties": {
        "fid": 82,
        "date": 1783123200000,
        "Length": 58.128,
        "Length_km": 0.058
      }
    },
    {
      "type": "Feature",
      "geometry": {
        "type": "LineString",
        "coordinates": [
          [
            39.52350166666667,
            -3.9616466666666597
          ],
          [
            39.52349166666667,
            -3.9616450000000003
          ],
          [
            39.52344500000001,
            -3.961634999999995
          ],
          [
            39.52339166666666,
            -3.9616333333333316
          ],
          [
            39.52333,
            -3.961624999999992
          ],
          [
            39.523289999999996,
            -3.96162166666667
          ],
          [
            39.523230000000005,
            -3.9616033333333394
          ],
          [
            39.52320833333333,
            -3.961608333333337
          ],
          [
            39.523195,
            -3.9616049999999947
          ],
          [
            39.523181666666666,
            -3.9616033333333402
          ],
          [
            39.523178333333334,
            -3.9616033333333363
          ]
        ]
      },
      "properties": {
        "fid": 83,
        "date": 1783123200000,
        "Length": 36.54,
        "Length_km": 0.037
      }
    },
    {
      "type": "Feature",
      "geometry": {
        "type": "LineString",
        "coordinates": [
          [
            39.52346333333333,
            -3.961508333333335
          ],
          [
            39.523451666666666,
            -3.9615199999999975
          ],
          [
            39.52341,
            -3.96151666666667
          ],
          [
            39.523363333333336,
            -3.9615183333333315
          ],
          [
            39.523313333333334,
            -3.9615066666666605
          ],
          [
            39.52328,
            -3.9615050000000074
          ],
          [
            39.52324333333333,
            -3.961508333333327
          ],
          [
            39.52321,
            -3.961503333333335
          ],
          [
            39.52318666666667,
            -3.961499999999993
          ],
          [
            39.523185,
            -3.961499999999993
          ]
        ]
      },
      "properties": {
        "fid": 84,
        "date": 1783123200000,
        "Length": 31.697,
        "Length_km": 0.032
      }
    },
    {
      "type": "Feature",
      "geometry": {
        "type": "LineString",
        "coordinates": [
          [
            39.52308333333334,
            -3.9615033333333334
          ],
          [
            39.522995,
            -3.961503333333327
          ],
          [
            39.52287333333334,
            -3.961488333333341
          ],
          [
            39.522785,
            -3.9614816666666672
          ],
          [
            39.522756666666666,
            -3.961474999999995
          ],
          [
            39.522745,
            -3.961475000000001
          ],
          [
            39.52269,
            -3.9614766666666634
          ],
          [
            39.52262333333333,
            -3.9614633333333313
          ],
          [
            39.52256,
            -3.9614566666666664
          ]
        ]
      },
      "properties": {
        "fid": 85,
        "date": 1783123200000,
        "Length": 58.52,
        "Length_km": 0.059
      }
    },
    {
      "type": "Feature",
      "geometry": {
        "type": "LineString",
        "coordinates": [
          [
            39.52256,
            -3.9614566666666664
          ],
          [
            39.52244666666666,
            -3.961443333333338
          ],
          [
            39.52236333333334,
            -3.961431666666663
          ],
          [
            39.522283333333334,
            -3.961426666666666
          ],
          [
            39.52215,
            -3.9613950000000018
          ],
          [
            39.522148333333334,
            -3.961396666666664
          ]
        ]
      },
      "properties": {
        "fid": 86,
        "date": 1783123200000,
        "Length": 46.395,
        "Length_km": 0.046
      }
    },
    {
      "type": "Feature",
      "geometry": {
        "type": "LineString",
        "coordinates": [
          [
            39.523066666666665,
            -3.961276666666668
          ],
          [
            39.52306333333333,
            -3.961283333333328
          ],
          [
            39.52310833333333,
            -3.9612933333333253
          ],
          [
            39.523195,
            -3.9612949999999927
          ],
          [
            39.523275,
            -3.961298333333342
          ],
          [
            39.523361666666666,
            -3.9612933333333324
          ],
          [
            39.523424999999996,
            -3.9612916666666633
          ],
          [
            39.523453333333336,
            -3.9612899999999938
          ],
          [
            39.52345833333333,
            -3.961291666666663
          ]
        ]
      },
      "properties": {
        "fid": 87,
        "date": 1783123200000,
        "Length": 44.876,
        "Length_km": 0.045
      }
    },
    {
      "type": "Feature",
      "geometry": {
        "type": "LineString",
        "coordinates": [
          [
            39.52373,
            -3.9606633333333248
          ],
          [
            39.52367,
            -3.960663333333339
          ],
          [
            39.52361333333333,
            -3.9606466666666584
          ],
          [
            39.52357166666666,
            -3.960643333333327
          ],
          [
            39.523505,
            -3.9606383333333346
          ],
          [
            39.523468333333334,
            -3.960636666666665
          ],
          [
            39.523426666666666,
            -3.9606283333333248
          ],
          [
            39.52339333333334,
            -3.9606266666666725
          ],
          [
            39.52334833333334,
            -3.9606216666666683
          ],
          [
            39.523315000000004,
            -3.9606216666666647
          ],
          [
            39.523255,
            -3.9606100000000013
          ],
          [
            39.52320666666667,
            -3.9606066666666626
          ],
          [
            39.52317666666667,
            -3.9606049999999997
          ],
          [
            39.523136666666666,
            -3.9606016666666712
          ],
          [
            39.52308166666667,
            -3.960593333333336
          ],
          [
            39.52305166666667,
            -3.960585000000005
          ],
          [
            39.52300833333334,
            -3.960576666666667
          ],
          [
            39.52300666666667,
            -3.960573333333336
          ]
        ]
      },
      "properties": {
        "fid": 88,
        "date": 1783123200000,
        "Length": 81.426,
        "Length_km": 0.081
      }
    },
    {
      "type": "Feature",
      "geometry": {
        "type": "LineString",
        "coordinates": [
          [
            39.52299666666667,
            -3.9605933333333248
          ],
          [
            39.52297,
            -3.9605783333333258
          ],
          [
            39.52294,
            -3.9605616666666594
          ],
          [
            39.52291666666667,
            -3.9605550000000087
          ],
          [
            39.52287333333334,
            -3.9605383333333313
          ],
          [
            39.522841666666665,
            -3.960525
          ],
          [
            39.52278166666667,
            -3.9605066666666735
          ],
          [
            39.52272666666667,
            -3.960488333333342
          ],
          [
            39.522675,
            -3.960468333333325
          ],
          [
            39.52265333333333,
            -3.9604583333333276
          ],
          [
            39.522645000000004,
            -3.96045166666666
          ],
          [
            39.52263000000001,
            -3.9604433333333375
          ],
          [
            39.522580000000005,
            -3.9604216666666594
          ],
          [
            39.52254333333334,
            -3.9604116666666664
          ],
          [
            39.52251166666667,
            -3.9604050000000015
          ],
          [
            39.52245666666667,
            -3.960370000000008
          ],
          [
            39.52240166666666,
            -3.9603483333333274
          ],
          [
            39.522351666666665,
            -3.9603216666666636
          ],
          [
            39.52231666666667,
            -3.9603000000000015
          ],
          [
            39.522255,
            -3.9602800000000036
          ],
          [
            39.522198333333336,
            -3.9602533333333327
          ],
          [
            39.522133333333336,
            -3.9602216666666683
          ],
          [
            39.52213,
            -3.960219999999998
          ]
        ]
      },
      "properties": {
        "fid": 89,
        "date": 1783123200000,
        "Length": 105.236,
        "Length_km": 0.105
      }
    },
    {
      "type": "Feature",
      "geometry": {
        "type": "LineString",
        "coordinates": [
          [
            39.522133333333336,
            -3.960045000000003
          ],
          [
            39.52219166666667,
            -3.9600749999999993
          ],
          [
            39.522281666666665,
            -3.9601183333333303
          ],
          [
            39.522335,
            -3.9601466666666587
          ],
          [
            39.522385,
            -3.960163333333339
          ],
          [
            39.52249333333334,
            -3.960193333333328
          ],
          [
            39.522529999999996,
            -3.9602050000000077
          ],
          [
            39.52258666666667,
            -3.9602166666666685
          ],
          [
            39.522643333333335,
            -3.960231666666673
          ],
          [
            39.52269666666667,
            -3.9602433333333362
          ],
          [
            39.52274166666667,
            -3.960248333333326
          ],
          [
            39.52279166666666,
            -3.9602633333333364
          ],
          [
            39.52283166666667,
            -3.9602749999999936
          ],
          [
            39.52287166666667,
            -3.960289999999994
          ],
          [
            39.522913333333335,
            -3.960304999999993
          ],
          [
            39.522966666666676,
            -3.960326666666666
          ],
          [
            39.523001666666666,
            -3.9603349999999975
          ]
        ]
      },
      "properties": {
        "fid": 90,
        "date": 1783123200000,
        "Length": 102.149,
        "Length_km": 0.102
      }
    },
    {
      "type": "Feature",
      "geometry": {
        "type": "LineString",
        "coordinates": [
          [
            39.52299333333334,
            -3.9599499999999996
          ],
          [
            39.52288333333334,
            -3.959933333333327
          ],
          [
            39.52280666666666,
            -3.9599000000000064
          ],
          [
            39.52274,
            -3.9598766666666654
          ],
          [
            39.52265333333333,
            -3.959850000000001
          ],
          [
            39.52261333333333,
            -3.959833333333327
          ],
          [
            39.522525,
            -3.959793333333327
          ],
          [
            39.52247666666666,
            -3.95977333333334
          ],
          [
            39.52240666666667,
            -3.9597433333333423
          ],
          [
            39.522371666666665,
            -3.9597316666666758
          ],
          [
            39.52231,
            -3.9596949999999986
          ],
          [
            39.52230833333333,
            -3.959693333333327
          ]
        ]
      },
      "properties": {
        "fid": 91,
        "date": 1783123200000,
        "Length": 81.682,
        "Length_km": 0.082
      }
    },
    {
      "type": "Feature",
      "geometry": {
        "type": "LineString",
        "coordinates": [
          [
            39.519511666666666,
            -3.9592066666666628
          ],
          [
            39.519511666666666,
            -3.9592049999999976
          ],
          [
            39.51948333333333,
            -3.9592
          ],
          [
            39.51944,
            -3.959190000000001
          ],
          [
            39.51942,
            -3.959186666666671
          ],
          [
            39.519396666666665,
            -3.9591816666666655
          ],
          [
            39.51937,
            -3.959184999999996
          ],
          [
            39.51933666666666,
            -3.9591899999999947
          ],
          [
            39.519313333333336,
            -3.9591833333333395
          ],
          [
            39.519281666666664,
            -3.9591749999999997
          ],
          [
            39.519239999999996,
            -3.9591683333333285
          ],
          [
            39.519218333333335,
            -3.959164999999992
          ],
          [
            39.519185,
            -3.959156666666671
          ],
          [
            39.51915833333334,
            -3.9591516666666724
          ],
          [
            39.51911333333333,
            -3.9591400000000014
          ],
          [
            39.519075,
            -3.959123333333335
          ],
          [
            39.519043333333336,
            -3.959114999999991
          ],
          [
            39.51901,
            -3.9591083333333383
          ],
          [
            39.518993333333334,
            -3.959100000000007
          ],
          [
            39.518955,
            -3.9590833333333335
          ],
          [
            39.51893333333333,
            -3.959068333333329
          ],
          [
            39.518905000000004,
            -3.959053333333334
          ],
          [
            39.518881666666665,
            -3.9590416666666624
          ],
          [
            39.518861666666666,
            -3.959033333333341
          ],
          [
            39.518831666666664,
            -3.9590266666666736
          ],
          [
            39.51882,
            -3.9590216666666636
          ],
          [
            39.51881,
            -3.959018333333326
          ]
        ]
      },
      "properties": {
        "fid": 92,
        "date": 1783123200000,
        "Length": 81.909,
        "Length_km": 0.082
      }
    },
    {
      "type": "Feature",
      "geometry": {
        "type": "LineString",
        "coordinates": [
          [
            39.53500333333333,
            -3.97406166666667
          ],
          [
            39.534965000000014,
            -3.974083333333337
          ],
          [
            39.534893333333336,
            -3.974116666666662
          ],
          [
            39.53478833333334,
            -3.9741566666666635
          ],
          [
            39.534710000000004,
            -3.9741883333333297
          ],
          [
            39.534681666666664,
            -3.9742066666666616
          ],
          [
            39.53465666666667,
            -3.9742049999999933
          ],
          [
            39.53463833333333,
            -3.974201666666672
          ],
          [
            39.534576666666666,
            -3.974201666666669
          ],
          [
            39.534573333333334,
            -3.974201666666665
          ]
        ]
      },
      "properties": {
        "fid": 93,
        "date": 1783296000000,
        "Length": 51.318,
        "Length_km": 0.051
      }
    },
    {
      "type": "Feature",
      "geometry": {
        "type": "LineString",
        "coordinates": [
          [
            39.53464833333333,
            -3.9745083333333335
          ],
          [
            39.53467833333333,
            -3.974500000000008
          ],
          [
            39.53474333333334,
            -3.9744900000000025
          ],
          [
            39.53474666666667,
            -3.9744883333333316
          ]
        ]
      },
      "properties": {
        "fid": 94,
        "date": 1783296000000,
        "Length": 11.173,
        "Length_km": 0.011
      }
    },
    {
      "type": "Feature",
      "geometry": {
        "type": "LineString",
        "coordinates": [
          [
            39.53354,
            -3.975058333333325
          ],
          [
            39.53354,
            -3.9750999999999945
          ],
          [
            39.53355166666667,
            -3.975146666666672
          ],
          [
            39.53353833333333,
            -3.9751883333333287
          ],
          [
            39.53353666666668,
            -3.9751849999999984
          ]
        ]
      },
      "properties": {
        "fid": 95,
        "date": 1783296000000,
        "Length": 15.18,
        "Length_km": 0.015
      }
    },
    {
      "type": "Feature",
      "geometry": {
        "type": "LineString",
        "coordinates": [
          [
            39.53335166666667,
            -3.9752550000000006
          ],
          [
            39.53335833333333,
            -3.9752300000000056
          ],
          [
            39.53336,
            -3.9751849999999984
          ],
          [
            39.53336500000001,
            -3.9751383333333408
          ],
          [
            39.533368333333335,
            -3.975061666666665
          ],
          [
            39.533368333333335,
            -3.975058333333325
          ]
        ]
      },
      "properties": {
        "fid": 96,
        "date": 1783296000000,
        "Length": 21.886,
        "Length_km": 0.022
      }
    },
    {
      "type": "Feature",
      "geometry": {
        "type": "LineString",
        "coordinates": [
          [
            39.533260000000006,
            -3.975266666666667
          ],
          [
            39.53325666666667,
            -3.9752066666666703
          ],
          [
            39.533255000000004,
            -3.9751366666666694
          ],
          [
            39.53325333333333,
            -3.975091666666667
          ],
          [
            39.533260000000006,
            -3.9750383333333295
          ],
          [
            39.53326166666667,
            -3.9750333333333367
          ]
        ]
      },
      "properties": {
        "fid": 97,
        "date": 1783296000000,
        "Length": 25.894,
        "Length_km": 0.026
      }
    },
    {
      "type": "Feature",
      "geometry": {
        "type": "LineString",
        "coordinates": [
          [
            39.53306833333333,
            -3.9750133333333353
          ],
          [
            39.533061666666676,
            -3.9750866666666687
          ],
          [
            39.533045,
            -3.9751416666666635
          ],
          [
            39.533024999999995,
            -3.9752133333333397
          ],
          [
            39.53302166666666,
            -3.975233333333341
          ],
          [
            39.53302333333333,
            -3.975233333333338
          ]
        ]
      },
      "properties": {
        "fid": 98,
        "date": 1783296000000,
        "Length": 25.158,
        "Length_km": 0.025
      }
    },
    {
      "type": "Feature",
      "geometry": {
        "type": "LineString",
        "coordinates": [
          [
            39.53175833333333,
            -3.975781666666665
          ],
          [
            39.53182833333334,
            -3.975768333333339
          ],
          [
            39.53186,
            -3.9757633333333255
          ],
          [
            39.53189666666667,
            -3.9757550000000035
          ]
        ]
      },
      "properties": {
        "fid": 99,
        "date": 1783296000000,
        "Length": 15.647,
        "Length_km": 0.016
      }
    },
    {
      "type": "Feature",
      "geometry": {
        "type": "LineString",
        "coordinates": [
          [
            39.53191,
            -3.9756333333333322
          ],
          [
            39.53188,
            -3.975616666666673
          ],
          [
            39.531845,
            -3.975603333333337
          ],
          [
            39.5318,
            -3.9755900000000057
          ],
          [
            39.531796666666665,
            -3.97559
          ]
        ]
      },
      "properties": {
        "fid": 100,
        "date": 1783296000000,
        "Length": 13.545,
        "Length_km": 0.014
      }
    },
    {
      "type": "Feature",
      "geometry": {
        "type": "LineString",
        "coordinates": [
          [
            39.53215,
            -3.9752616666666745
          ],
          [
            39.532183333333336,
            -3.975265000000003
          ],
          [
            39.53221166666666,
            -3.9752616666666674
          ],
          [
            39.53227833333334,
            -3.9752566666666644
          ],
          [
            39.532291666666666,
            -3.975258333333327
          ]
        ]
      },
      "properties": {
        "fid": 101,
        "date": 1783296000000,
        "Length": 15.804,
        "Length_km": 0.016
      }
    },
    {
      "type": "Feature",
      "geometry": {
        "type": "LineString",
        "coordinates": [
          [
            39.532201666666666,
            -3.974878333333332
          ],
          [
            39.53226333333334,
            -3.9748916666666596
          ],
          [
            39.532313333333335,
            -3.9749083333333384
          ],
          [
            39.532363333333336,
            -3.974923333333331
          ]
        ]
      },
      "properties": {
        "fid": 102,
        "date": 1783296000000,
        "Length": 18.651,
        "Length_km": 0.019
      }
    },
    {
      "type": "Feature",
      "geometry": {
        "type": "LineString",
        "coordinates": [
          [
            39.532439999999994,
            -3.9747216666666585
          ],
          [
            39.532428333333336,
            -3.974710000000001
          ],
          [
            39.53239,
            -3.9746850000000062
          ]
        ]
      },
      "properties": {
        "fid": 103,
        "date": 1783296000000,
        "Length": 6.904,
        "Length_km": 0.007
      }
    },
    {
      "type": "Feature",
      "geometry": {
        "type": "LineString",
        "coordinates": [
          [
            39.53224000000001,
            -3.9746166666666665
          ],
          [
            39.53219833333333,
            -3.974598333333338
          ],
          [
            39.53216434350778,
            -3.974603531031626
          ],
          [
            39.53214833333333,
            -3.974604999999992
          ],
          [
            39.53207833333333,
            -3.9745933333333316
          ],
          [
            39.532000000000004,
            -3.974563333333331
          ],
          [
            39.531936666666674,
            -3.9745450000000004
          ],
          [
            39.531868333333335,
            -3.974529999999996
          ],
          [
            39.531843333333335,
            -3.9745249999999936
          ],
          [
            39.53181166666666,
            -3.9745099999999955
          ],
          [
            39.531775,
            -3.9744633333333317
          ],
          [
            39.53172666666667,
            -3.9744066666666638
          ],
          [
            39.53169666666667,
            -3.974359999999994
          ],
          [
            39.531690000000005,
            -3.9743616666666597
          ]
        ]
      },
      "properties": {
        "fid": 104,
        "date": 1783296000000,
        "Length": 71.382,
        "Length_km": 0.071
      }
    },
    {
      "type": "Feature",
      "geometry": {
        "type": "LineString",
        "coordinates": [
          [
            39.531641666666665,
            -3.974448333333335
          ],
          [
            39.531655,
            -3.9744516666666585
          ],
          [
            39.53167,
            -3.9744666666666735
          ],
          [
            39.53168333333333,
            -3.9744883333333316
          ],
          [
            39.53171833333333,
            -3.974540000000006
          ],
          [
            39.53174666666666,
            -3.9745816666666687
          ],
          [
            39.53176,
            -3.974596666666662
          ],
          [
            39.53179333333333,
            -3.9746066666666673
          ],
          [
            39.531855,
            -3.9746233333333425
          ],
          [
            39.53192166666667,
            -3.974648333333326
          ],
          [
            39.531983333333336,
            -3.974661666666663
          ],
          [
            39.53202833333333,
            -3.9746750000000053
          ],
          [
            39.532061666666664,
            -3.9746883333333276
          ],
          [
            39.532088333333334,
            -3.974686666666668
          ],
          [
            39.532175,
            -3.9746833333333322
          ]
        ]
      },
      "properties": {
        "fid": 105,
        "date": 1783296000000,
        "Length": 69.063,
        "Length_km": 0.069
      }
    },
    {
      "type": "Feature",
      "geometry": {
        "type": "LineString",
        "coordinates": [
          [
            39.53180833333334,
            -3.974979999999998
          ],
          [
            39.531773333333334,
            -3.974949999999993
          ],
          [
            39.53168166666667,
            -3.974914999999998
          ],
          [
            39.53161333333333,
            -3.974881666666659
          ],
          [
            39.531595,
            -3.9748733333333313
          ],
          [
            39.53159333333333,
            -3.9748716666666617
          ]
        ]
      },
      "properties": {
        "fid": 106,
        "date": 1783296000000,
        "Length": 26.933,
        "Length_km": 0.027
      }
    },
    {
      "type": "Feature",
      "geometry": {
        "type": "LineString",
        "coordinates": [
          [
            39.53156,
            -3.9750949999999974
          ],
          [
            39.53161333333333,
            -3.9751166666666626
          ],
          [
            39.53167833333334,
            -3.975140000000004
          ]
        ]
      },
      "properties": {
        "fid": 107,
        "date": 1783296000000,
        "Length": 14.055,
        "Length_km": 0.014
      }
    },
    {
      "type": "Feature",
      "geometry": {
        "type": "LineString",
        "coordinates": [
          [
            39.531625,
            -3.97520166666667
          ],
          [
            39.53159000000001,
            -3.975183333333327
          ],
          [
            39.53154666666667,
            -3.9751733333333266
          ]
        ]
      },
      "properties": {
        "fid": 108,
        "date": 1783296000000,
        "Length": 9.322,
        "Length_km": 0.009
      }
    },
    {
      "type": "Feature",
      "geometry": {
        "type": "LineString",
        "coordinates": [
          [
            39.52999166666667,
            -3.974183333333327
          ],
          [
            39.53,
            -3.9741833333333303
          ],
          [
            39.529965,
            -3.9741700000000013
          ],
          [
            39.529895,
            -3.974131666666665
          ],
          [
            39.52983,
            -3.9740933333333315
          ],
          [
            39.529775,
            -3.974070000000007
          ]
        ]
      },
      "properties": {
        "fid": 109,
        "date": 1783296000000,
        "Length": 28.939,
        "Length_km": 0.029
      }
    },
    {
      "type": "Feature",
      "geometry": {
        "type": "LineString",
        "coordinates": [
          [
            39.52976666666667,
            -3.9740916666666664
          ],
          [
            39.52972333333333,
            -3.974100000000002
          ],
          [
            39.52966833333333,
            -3.97409833333333
          ],
          [
            39.52963333333333,
            -3.9740999999999924
          ],
          [
            39.52958,
            -3.9741000000000084
          ],
          [
            39.52953333333333,
            -3.974104999999992
          ],
          [
            39.52948,
            -3.9741099999999987
          ],
          [
            39.529415,
            -3.974123333333331
          ],
          [
            39.52937,
            -3.9741283333333386
          ],
          [
            39.52932833333333,
            -3.9741349999999964
          ],
          [
            39.52927833333333,
            -3.9741366666666686
          ],
          [
            39.52927666666667,
            -3.9741366666666624
          ]
        ]
      },
      "properties": {
        "fid": 110,
        "date": 1783296000000,
        "Length": 54.807,
        "Length_km": 0.055
      }
    },
    {
      "type": "Feature",
      "geometry": {
        "type": "LineString",
        "coordinates": [
          [
            39.529788333333336,
            -3.9738983333333295
          ],
          [
            39.52993166666667,
            -3.973949999999996
          ]
        ]
      },
      "properties": {
        "fid": 111,
        "date": 1783296000000,
        "Length": 16.912,
        "Length_km": 0.017
      }
    },
    {
      "type": "Feature",
      "geometry": {
        "type": "LineString",
        "coordinates": [
          [
            39.529965,
            -3.9739466666666643
          ],
          [
            39.53010666666667,
            -3.9740099999999954
          ],
          [
            39.530163333333334,
            -3.974019999999992
          ],
          [
            39.530165000000004,
            -3.974020000000002
          ]
        ]
      },
      "properties": {
        "fid": 112,
        "date": 1783296000000,
        "Length": 23.796,
        "Length_km": 0.024
      }
    },
    {
      "type": "Feature",
      "geometry": {
        "type": "LineString",
        "coordinates": [
          [
            39.53009833333333,
            -3.9738716666666627
          ],
          [
            39.530055,
            -3.9738116666666716
          ],
          [
            39.530015000000006,
            -3.973739999999994
          ],
          [
            39.53,
            -3.9737066666666605
          ],
          [
            39.52999166666667,
            -3.973683333333327
          ],
          [
            39.529990000000005,
            -3.973646666666669
          ],
          [
            39.52999833333333,
            -3.9735950000000044
          ],
          [
            39.52999999847311,
            -3.9735442744821103
          ],
          [
            39.52998,
            -3.973103333333338
          ]
        ]
      },
      "properties": {
        "fid": 113,
        "date": 1783296000000,
        "Length": 88.336,
        "Length_km": 0.088
      }
    },
    {
      "type": "Feature",
      "geometry": {
        "type": "LineString",
        "coordinates": [
          [
            39.530085,
            -3.9733766666666614
          ],
          [
            39.53008833333333,
            -3.973403333333326
          ],
          [
            39.53009333333333,
            -3.9734849999999997
          ],
          [
            39.530094999999996,
            -3.973566666666674
          ],
          [
            39.530091666666664,
            -3.9736083333333307
          ],
          [
            39.53010166666666,
            -3.973655000000006
          ],
          [
            39.530139999999996,
            -3.973766666666673
          ],
          [
            39.53015666666667,
            -3.9738333333333262
          ]
        ]
      },
      "properties": {
        "fid": 114,
        "date": 1783296000000,
        "Length": 51.615,
        "Length_km": 0.052
      }
    },
    {
      "type": "Feature",
      "geometry": {
        "type": "LineString",
        "coordinates": [
          [
            39.53023333333333,
            -3.9737433333333305
          ],
          [
            39.53023333333333,
            -3.973695000000002
          ],
          [
            39.53022,
            -3.9735899999999917
          ],
          [
            39.530210000000004,
            -3.9735116666666745
          ],
          [
            39.530210000000004,
            -3.973388333333339
          ],
          [
            39.530210000000004,
            -3.973386666666661
          ]
        ]
      },
      "properties": {
        "fid": 115,
        "date": 1783296000000,
        "Length": 39.605,
        "Length_km": 0.04
      }
    },
    {
      "type": "Feature",
      "geometry": {
        "type": "LineString",
        "coordinates": [
          [
            39.52929666666667,
            -3.9970716666666672
          ],
          [
            39.529318333333336,
            -3.997043333333332
          ],
          [
            39.529305,
            -3.997003333333334
          ],
          [
            39.52930666666667,
            -3.9970033333333403
          ]
        ]
      },
      "properties": {
        "fid": 116,
        "date": 1783382400000,
        "Length": 8.8,
        "Length_km": 0.009
      }
    },
    {
      "type": "Feature",
      "geometry": {
        "type": "LineString",
        "coordinates": [
          [
            39.528855,
            -3.996846666666665
          ],
          [
            39.52883666666666,
            -3.9969133333333287
          ],
          [
            39.52880666666667,
            -3.996993333333337
          ],
          [
            39.52879166666666,
            -3.997000000000006
          ],
          [
            39.528785,
            -3.997025000000001
          ],
          [
            39.52877333333334,
            -3.997043333333328
          ],
          [
            39.52874833333333,
            -3.997088333333325
          ],
          [
            39.52872333333333,
            -3.997128333333327
          ],
          [
            39.528710000000004,
            -3.9971466666666626
          ],
          [
            39.528681666666664,
            -3.997170000000001
          ],
          [
            39.52863166666667,
            -3.997240000000006
          ],
          [
            39.528623333333336,
            -3.9972516666666738
          ],
          [
            39.528575000000004,
            -3.9973233333333327
          ],
          [
            39.52857166666667,
            -3.997325
          ]
        ]
      },
      "properties": {
        "fid": 117,
        "date": 1783382400000,
        "Length": 62.789,
        "Length_km": 0.063
      }
    },
    {
      "type": "Feature",
      "geometry": {
        "type": "LineString",
        "coordinates": [
          [
            39.528445000000005,
            -3.997143333333328
          ],
          [
            39.52844,
            -3.9971433333333364
          ],
          [
            39.52845666666666,
            -3.997106666666662
          ],
          [
            39.528506666666665,
            -3.9970133333333266
          ],
          [
            39.52851333333333,
            -3.9970016666666672
          ],
          [
            39.52851666666666,
            -3.996986666666673
          ],
          [
            39.528528333333334,
            -3.996918333333331
          ],
          [
            39.52855,
            -3.9968749999999993
          ],
          [
            39.52855833333333,
            -3.9968383333333257
          ],
          [
            39.52856166666667,
            -3.9967866666666696
          ],
          [
            39.52856333333333,
            -3.9967633333333343
          ],
          [
            39.528569999999995,
            -3.9967550000000003
          ]
        ]
      },
      "properties": {
        "fid": 118,
        "date": 1783382400000,
        "Length": 46.6,
        "Length_km": 0.047
      }
    },
    {
      "type": "Feature",
      "geometry": {
        "type": "LineString",
        "coordinates": [
          [
            39.52839166666667,
            -3.996656666666668
          ],
          [
            39.52836,
            -3.996693333333335
          ],
          [
            39.52833333333333,
            -3.996746666666666
          ],
          [
            39.528325,
            -3.996759999999997
          ],
          [
            39.52831833333333,
            -3.996825000000004
          ]
        ]
      },
      "properties": {
        "fid": 119,
        "date": null,
        "Length": 20.933,
        "Length_km": 0.021
      }
    },
    {
      "type": "Feature",
      "geometry": {
        "type": "LineString",
        "coordinates": [
          [
            39.528325,
            -3.996953333333329
          ],
          [
            39.52829666666666,
            -3.9969849999999996
          ]
        ]
      },
      "properties": {
        "fid": 120,
        "date": 1783382400000,
        "Length": 4.708,
        "Length_km": 0.005
      }
    },
    {
      "type": "Feature",
      "geometry": {
        "type": "LineString",
        "coordinates": [
          [
            39.52873000000001,
            -3.997746666666662
          ],
          [
            39.528708333333334,
            -3.9977649999999962
          ],
          [
            39.528668333333336,
            -3.99781
          ],
          [
            39.528655,
            -3.9978133333333394
          ],
          [
            39.528618333333334,
            -3.997846666666666
          ],
          [
            39.52856833333333,
            -3.997896666666667
          ],
          [
            39.528565,
            -3.997903333333339
          ]
        ]
      },
      "properties": {
        "fid": 121,
        "date": 1783382400000,
        "Length": 25.496,
        "Length_km": 0.025
      }
    },
    {
      "type": "Feature",
      "geometry": {
        "type": "LineString",
        "coordinates": [
          [
            39.52863,
            -3.9980183333333366
          ],
          [
            39.528601666666674,
            -3.998051666666659
          ],
          [
            39.52854833333333,
            -3.9980866666666732
          ],
          [
            39.528488333333335,
            -3.9981233333333286
          ],
          [
            39.52842333333333,
            -3.99816833333333
          ],
          [
            39.528396666666666,
            -3.9981816666666656
          ],
          [
            39.528355000000005,
            -3.9981966666666686
          ],
          [
            39.52833833333333,
            -3.998203333333331
          ],
          [
            39.528286666666666,
            -3.998225000000007
          ],
          [
            39.52823333333333,
            -3.9982383333333336
          ],
          [
            39.52814,
            -3.9982716666666662
          ],
          [
            39.52813833333333,
            -3.99827000000001
          ]
        ]
      },
      "properties": {
        "fid": 122,
        "date": 1783382400000,
        "Length": 62.287,
        "Length_km": 0.062
      }
    },
    {
      "type": "Feature",
      "geometry": {
        "type": "LineString",
        "coordinates": [
          [
            39.528205,
            -3.998353333333331
          ],
          [
            39.52823166666667,
            -3.9983566666666728
          ],
          [
            39.52825666666667,
            -3.998353333333327
          ],
          [
            39.52830166666667,
            -3.9983366666666607
          ],
          [
            39.52834333333333,
            -3.9983283333333306
          ],
          [
            39.52836,
            -3.998318333333327
          ],
          [
            39.52838333333333,
            -3.998316666666674
          ],
          [
            39.528398333333335,
            -3.9983116666666674
          ],
          [
            39.52841166666666,
            -3.9982949999999917
          ],
          [
            39.528463333333335,
            -3.9982566666666695
          ],
          [
            39.528465,
            -3.998253333333336
          ]
        ]
      },
      "properties": {
        "fid": 123,
        "date": 1783382400000,
        "Length": 32.248,
        "Length_km": 0.032
      }
    },
    {
      "type": "Feature",
      "geometry": {
        "type": "LineString",
        "coordinates": [
          [
            39.52825,
            -3.998016666666659
          ],
          [
            39.52820833333333,
            -3.9980383333333354
          ],
          [
            39.52817,
            -3.998060000000008
          ],
          [
            39.528135,
            -3.9980633333333326
          ],
          [
            39.52810833333333,
            -3.998061666666661
          ],
          [
            39.528058333333334,
            -3.9980683333333307
          ]
        ]
      },
      "properties": {
        "fid": 124,
        "date": 1783382400000,
        "Length": 22.568,
        "Length_km": 0.023
      }
    },
    {
      "type": "Feature",
      "geometry": {
        "type": "LineString",
        "coordinates": [
          [
            39.52807,
            -3.997845000000003
          ],
          [
            39.528101666666664,
            -3.997838333333334
          ],
          [
            39.52814333333333,
            -3.9978366666666707
          ],
          [
            39.52824,
            -3.997826666666658
          ],
          [
            39.528286666666666,
            -3.9978233333333306
          ],
          [
            39.528308333333335,
            -3.9978283333333327
          ],
          [
            39.52834,
            -3.9978200000000044
          ],
          [
            39.52838666666667,
            -3.997789999999998
          ],
          [
            39.52838500000001,
            -3.997789999999997
          ]
        ]
      },
      "properties": {
        "fid": 125,
        "date": 1783382400000,
        "Length": 36.653,
        "Length_km": 0.037
      }
    },
    {
      "type": "Feature",
      "geometry": {
        "type": "LineString",
        "coordinates": [
          [
            39.52836833333333,
            -3.9977650000000056
          ],
          [
            39.528434999999995,
            -3.997721666666663
          ],
          [
            39.528438333333334,
            -3.9977149999999932
          ]
        ]
      },
      "properties": {
        "fid": 126,
        "date": 1783382400000,
        "Length": 9.644,
        "Length_km": 0.01
      }
    },
    {
      "type": "Feature",
      "geometry": {
        "type": "LineString",
        "coordinates": [
          [
            39.528281666666665,
            -3.9976383333333243
          ],
          [
            39.52824833333333,
            -3.997648333333341
          ],
          [
            39.528135,
            -3.997669999999997
          ],
          [
            39.528130000000004,
            -3.9976716666666663
          ]
        ]
      },
      "properties": {
        "fid": 127,
        "date": 1783382400000,
        "Length": 17.26,
        "Length_km": 0.017
      }
    },
    {
      "type": "Feature",
      "geometry": {
        "type": "LineString",
        "coordinates": [
          [
            39.52809,
            -3.9976883333333317
          ],
          [
            39.528040000000004,
            -3.997693333333326
          ],
          [
            39.527935,
            -3.9977083333333256
          ],
          [
            39.527881666666666,
            -3.997721666666666
          ]
        ]
      },
      "properties": {
        "fid": 128,
        "date": 1783382400000,
        "Length": 23.461,
        "Length_km": 0.023
      }
    },
    {
      "type": "Feature",
      "geometry": {
        "type": "LineString",
        "coordinates": [
          [
            39.52786333333334,
            -3.997635000000006
          ],
          [
            39.527923333333334,
            -3.9976383333333243
          ],
          [
            39.527975,
            -3.9976399999999965
          ],
          [
            39.52803166666667,
            -3.997626666666673
          ],
          [
            39.52808666666667,
            -3.997628333333327
          ],
          [
            39.528106666666666,
            -3.997621666666669
          ],
          [
            39.52813166666667,
            -3.99762166666667
          ],
          [
            39.52816166666666,
            -3.997606666666659
          ],
          [
            39.52822666666667,
            -3.9975899999999918
          ],
          [
            39.528225,
            -3.9975899999999998
          ]
        ]
      },
      "properties": {
        "fid": 129,
        "date": 1783382400000,
        "Length": 41.461,
        "Length_km": 0.041
      }
    },
    {
      "type": "Feature",
      "geometry": {
        "type": "LineString",
        "coordinates": [
          [
            39.528148333333334,
            -3.997465000000006
          ],
          [
            39.52811833333333,
            -3.997496666666659
          ],
          [
            39.528083333333335,
            -3.9975116666666666
          ],
          [
            39.52803666666667,
            -3.997528333333333
          ],
          [
            39.52795666666667,
            -3.997551666666665
          ],
          [
            39.527948333333335,
            -3.9975533333333315
          ]
        ]
      },
      "properties": {
        "fid": 130,
        "date": 1783382400000,
        "Length": 24.754,
        "Length_km": 0.025
      }
    },
    {
      "type": "Feature",
      "geometry": {
        "type": "LineString",
        "coordinates": [
          [
            39.52791666666667,
            -3.9974650000000067
          ],
          [
            39.52797833333333,
            -3.9974366666666588
          ],
          [
            39.52809333333333,
            -3.9973799999999997
          ],
          [
            39.528088333333336,
            -3.99738166666666
          ]
        ]
      },
      "properties": {
        "fid": 131,
        "date": 1783382400000,
        "Length": 22.341,
        "Length_km": 0.022
      }
    },
    {
      "type": "Feature",
      "geometry": {
        "type": "LineString",
        "coordinates": [
          [
            39.527633333333334,
            -3.9980766666666625
          ],
          [
            39.527696666666664,
            -3.998051666666663
          ],
          [
            39.52771333333333,
            -3.998028333333342
          ],
          [
            39.52776333333334,
            -3.998003333333329
          ],
          [
            39.527833333333334,
            -3.997964999999997
          ],
          [
            39.527910000000006,
            -3.9979266666666584
          ],
          [
            39.527908333333336,
            -3.997916666666664
          ]
        ]
      },
      "properties": {
        "fid": 132,
        "date": 1783382400000,
        "Length": 36.421,
        "Length_km": 0.036
      }
    },
    {
      "type": "Feature",
      "geometry": {
        "type": "LineString",
        "coordinates": [
          [
            39.527776666666675,
            -3.9983116666666683
          ],
          [
            39.52774333333333,
            -3.9982999999999986
          ],
          [
            39.52767166666667,
            -3.998298333333329
          ],
          [
            39.52766333333333,
            -3.9983016666666664
          ]
        ]
      },
      "properties": {
        "fid": 133,
        "date": 1783382400000,
        "Length": 12.877,
        "Length_km": 0.013
      }
    },
    {
      "type": "Feature",
      "geometry": {
        "type": "LineString",
        "coordinates": [
          [
            39.527688333333344,
            -3.998373333333326
          ],
          [
            39.527755,
            -3.998371666666675
          ]
        ]
      },
      "properties": {
        "fid": 134,
        "date": 1783382400000,
        "Length": 7.406,
        "Length_km": 0.007
      }
    },
    {
      "type": "Feature",
      "geometry": {
        "type": "LineString",
        "coordinates": [
          [
            39.52789666666667,
            -3.998323333333337
          ],
          [
            39.527945,
            -3.9982949999999966
          ],
          [
            39.527950000000004,
            -3.998296666666664
          ]
        ]
      },
      "properties": {
        "fid": 135,
        "date": 1783382400000,
        "Length": 6.8,
        "Length_km": 0.007
      }
    },
    {
      "type": "Feature",
      "geometry": {
        "type": "LineString",
        "coordinates": [
          [
            39.52822666666667,
            -3.9984049999999915
          ],
          [
            39.52821166666667,
            -3.9984333333333275
          ],
          [
            39.528209999999994,
            -3.998438333333328
          ]
        ]
      },
      "properties": {
        "fid": 136,
        "date": 1783382400000,
        "Length": 4.131,
        "Length_km": 0.004
      }
    },
    {
      "type": "Feature",
      "geometry": {
        "type": "LineString",
        "coordinates": [
          [
            39.52819,
            -3.998425000000001
          ],
          [
            39.52816166666666,
            -3.9984466666666703
          ],
          [
            39.528085000000004,
            -3.9984766666666705
          ],
          [
            39.52803333333333,
            -3.9984983333333406
          ],
          [
            39.52802833333333,
            -3.998503333333326
          ]
        ]
      },
      "properties": {
        "fid": 137,
        "date": 1783382400000,
        "Length": 20.093,
        "Length_km": 0.02
      }
    },
    {
      "type": "Feature",
      "geometry": {
        "type": "LineString",
        "coordinates": [
          [
            39.52641833333333,
            -3.9970649999999948
          ],
          [
            39.526435000000006,
            -3.9970766666666595
          ],
          [
            39.526473333333335,
            -3.9971033333333366
          ],
          [
            39.52653,
            -3.9971316666666707
          ],
          [
            39.52657833333333,
            -3.9971616666666616
          ],
          [
            39.52662833333333,
            -3.9972016666666677
          ]
        ]
      },
      "properties": {
        "fid": 138,
        "date": 1783382400000,
        "Length": 27.873,
        "Length_km": 0.028
      }
    },
    {
      "type": "Feature",
      "geometry": {
        "type": "LineString",
        "coordinates": [
          [
            39.52664666666667,
            -3.997209999999993
          ],
          [
            39.5267,
            -3.9972349999999923
          ],
          [
            39.52675166666667,
            -3.997255000000005
          ],
          [
            39.52682666666667,
            -3.997283333333334
          ]
        ]
      },
      "properties": {
        "fid": 139,
        "date": 1783382400000,
        "Length": 21.584,
        "Length_km": 0.022
      }
    },
    {
      "type": "Feature",
      "geometry": {
        "type": "LineString",
        "coordinates": [
          [
            39.526871666666665,
            -3.9974049999999974
          ],
          [
            39.526915,
            -3.9974066666666634
          ],
          [
            39.52697833333333,
            -3.997414999999999
          ],
          [
            39.52698833333333,
            -3.9974133333333404
          ],
          [
            39.527074999999996,
            -3.9974133333333275
          ],
          [
            39.52706833333333,
            -3.9974116666666673
          ]
        ]
      },
      "properties": {
        "fid": 140,
        "date": 1783382400000,
        "Length": 23.422,
        "Length_km": 0.023
      }
    },
    {
      "type": "Feature",
      "geometry": {
        "type": "LineString",
        "coordinates": [
          [
            39.52686666666668,
            -3.99727166666666
          ],
          [
            39.526891666666664,
            -3.9972716666666703
          ],
          [
            39.526945,
            -3.997264999999991
          ],
          [
            39.52706166666667,
            -3.9972666666666647
          ],
          [
            39.527115,
            -3.9972650000000076
          ],
          [
            39.527165,
            -3.997268333333333
          ],
          [
            39.52716833333333,
            -3.9972716666666717
          ]
        ]
      },
      "properties": {
        "fid": 141,
        "date": 1783382400000,
        "Length": 33.715,
        "Length_km": 0.034
      }
    },
    {
      "type": "Feature",
      "geometry": {
        "type": "LineString",
        "coordinates": [
          [
            39.52688833333333,
            -3.997151666666664
          ],
          [
            39.52693333333333,
            -3.9971449999999966
          ],
          [
            39.526986666666666,
            -3.9971466666666746
          ],
          [
            39.527051666666665,
            -3.997141666666661
          ],
          [
            39.52710666666667,
            -3.997126666666676
          ],
          [
            39.52715833333333,
            -3.9971166666666664
          ],
          [
            39.52717,
            -3.9971233333333305
          ],
          [
            39.527190000000004,
            -3.9971250000000027
          ],
          [
            39.527225,
            -3.997118333333326
          ],
          [
            39.52729,
            -3.9971000000000063
          ],
          [
            39.5273,
            -3.9970966666666623
          ]
        ]
      },
      "properties": {
        "fid": 142,
        "date": 1783382400000,
        "Length": 46.732,
        "Length_km": 0.047
      }
    },
    {
      "type": "Feature",
      "geometry": {
        "type": "LineString",
        "coordinates": [
          [
            39.52726833333334,
            -3.9969983333333325
          ],
          [
            39.52718,
            -3.9970033333333395
          ],
          [
            39.527115,
            -3.9970033333333346
          ],
          [
            39.52706666666666,
            -3.997001666666665
          ],
          [
            39.527005,
            -3.9969966666666665
          ],
          [
            39.526939999999996,
            -3.996994999999991
          ],
          [
            39.52691333333333,
            -3.9969966666666683
          ],
          [
            39.52691000000001,
            -3.9969983333333357
          ]
        ]
      },
      "properties": {
        "fid": 143,
        "date": 1783382400000,
        "Length": 39.886,
        "Length_km": 0.04
      }
    },
    {
      "type": "Feature",
      "geometry": {
        "type": "LineString",
        "coordinates": [
          [
            39.52715833333333,
            -3.9968449999999978
          ],
          [
            39.527100000000004,
            -3.99686166666666
          ],
          [
            39.52708666666667,
            -3.9968716666666726
          ],
          [
            39.526981666666664,
            -3.9968899999999983
          ],
          [
            39.52692166666667,
            -3.996894999999998
          ],
          [
            39.526918333333334,
            -3.9968950000000016
          ]
        ]
      },
      "properties": {
        "fid": 144,
        "date": 1783382400000,
        "Length": 27.474,
        "Length_km": 0.027
      }
    },
    {
      "type": "Feature",
      "geometry": {
        "type": "LineString",
        "coordinates": [
          [
            39.526873333333334,
            -3.9967766666666713
          ],
          [
            39.526915,
            -3.996776666666668
          ],
          [
            39.526983333333334,
            -3.9967799999999953
          ],
          [
            39.52704000000001,
            -3.9967666666666655
          ],
          [
            39.52709166666667,
            -3.996754999999998
          ],
          [
            39.527148333333336,
            -3.9967449999999936
          ],
          [
            39.52717500000001,
            -3.996740000000004
          ],
          [
            39.527185,
            -3.996733333333331
          ]
        ]
      },
      "properties": {
        "fid": 145,
        "date": null,
        "Length": 35.303,
        "Length_km": 0.035
      }
    },
    {
      "type": "Feature",
      "geometry": {
        "type": "LineString",
        "coordinates": [
          [
            39.52701666666667,
            -3.99669166666666
          ],
          [
            39.52704833333333,
            -3.996704999999999
          ],
          [
            39.527071666666664,
            -3.9967016666666675
          ],
          [
            39.52712333333333,
            -3.996678333333333
          ],
          [
            39.527141666666665,
            -3.9966733333333355
          ],
          [
            39.527145000000004,
            -3.996670000000006
          ]
        ]
      },
      "properties": {
        "fid": 146,
        "date": 1783382400000,
        "Length": 15.354,
        "Length_km": 0.015
      }
    },
    {
      "type": "Feature",
      "geometry": {
        "type": "LineString",
        "coordinates": [
          [
            39.52719166666667,
            -3.9967799999999927
          ],
          [
            39.52720333333333,
            -3.996768333333333
          ],
          [
            39.52723666666667,
            -3.996754999999999
          ],
          [
            39.52726333333333,
            -3.9967499999999894
          ],
          [
            39.5273,
            -3.9967366666666644
          ],
          [
            39.527346666666666,
            -3.996719999999995
          ],
          [
            39.52738166666666,
            -3.9967100000000064
          ],
          [
            39.52743166666667,
            -3.9966999999999944
          ],
          [
            39.52746166666667,
            -3.996685000000002
          ],
          [
            39.527478333333335,
            -3.996676666666671
          ],
          [
            39.52748,
            -3.9966766666666587
          ]
        ]
      },
      "properties": {
        "fid": 147,
        "date": 1783382400000,
        "Length": 34.333,
        "Length_km": 0.034
      }
    },
    {
      "type": "Feature",
      "geometry": {
        "type": "LineString",
        "coordinates": [
          [
            39.52772166666667,
            -3.9970000000000008
          ],
          [
            39.52771166666666,
            -3.997010000000006
          ],
          [
            39.52766666666666,
            -3.997023333333341
          ],
          [
            39.52759666666667,
            -3.9970466666666717
          ],
          [
            39.527555,
            -3.9970616666666574
          ],
          [
            39.52752833333333,
            -3.9970733333333315
          ],
          [
            39.52747166666666,
            -3.997090000000002
          ],
          [
            39.52744833333334,
            -3.997093333333326
          ],
          [
            39.52741833333334,
            -3.9971049999999955
          ],
          [
            39.527384999999995,
            -3.9971100000000073
          ],
          [
            39.52734,
            -3.9971183333333307
          ]
        ]
      },
      "properties": {
        "fid": 148,
        "date": 1783382400000,
        "Length": 44.685,
        "Length_km": 0.045
      }
    },
    {
      "type": "Feature",
      "geometry": {
        "type": "LineString",
        "coordinates": [
          [
            39.52738166666666,
            -3.997213333333336
          ],
          [
            39.527478333333335,
            -3.9971916666666583
          ],
          [
            39.52752666666667,
            -3.997180000000008
          ],
          [
            39.52755666666667,
            -3.9971733333333286
          ],
          [
            39.527633333333334,
            -3.9971466666666706
          ],
          [
            39.527638333333336,
            -3.997146666666665
          ]
        ]
      },
      "properties": {
        "fid": 149,
        "date": 1783382400000,
        "Length": 29.497,
        "Length_km": 0.029
      }
    },
    {
      "type": "Feature",
      "geometry": {
        "type": "LineString",
        "coordinates": [
          [
            39.527696666666664,
            -3.9971466666666697
          ],
          [
            39.52771666666667,
            -3.9971366666666595
          ],
          [
            39.527748333333335,
            -3.9971233333333243
          ],
          [
            39.52775166666667,
            -3.997121666666672
          ]
        ]
      },
      "properties": {
        "fid": 150,
        "date": 1783382400000,
        "Length": 6.708,
        "Length_km": 0.007
      }
    },
    {
      "type": "Feature",
      "geometry": {
        "type": "LineString",
        "coordinates": [
          [
            39.52849666666667,
            -3.996681666666675
          ],
          [
            39.52856166666667,
            -3.9966316666666746
          ],
          [
            39.52856333333333,
            -3.9966333333333317
          ]
        ]
      },
      "properties": {
        "fid": 151,
        "date": 1783382400000,
        "Length": 9.354,
        "Length_km": 0.009
      }
    },
    {
      "type": "Feature",
      "geometry": {
        "type": "LineString",
        "coordinates": [
          [
            39.528601666666674,
            -3.9967450000000078
          ],
          [
            39.52864333333334,
            -3.996718333333329
          ],
          [
            39.52864666666667,
            -3.996715000000007
          ]
        ]
      },
      "properties": {
        "fid": 152,
        "date": 1783382400000,
        "Length": 6.009,
        "Length_km": 0.006
      }
    },
    {
      "type": "Feature",
      "geometry": {
        "type": "LineString",
        "coordinates": [
          [
            39.52867333333334,
            -3.9967583333333336
          ],
          [
            39.528726666666664,
            -3.9966766666666658
          ],
          [
            39.52873166666667,
            -3.996655000000005
          ]
        ]
      },
      "properties": {
        "fid": 153,
        "date": 1783382400000,
        "Length": 13.259,
        "Length_km": 0.013
      }
    },
    {
      "type": "Feature",
      "geometry": {
        "type": "LineString",
        "coordinates": [
          [
            39.52878,
            -3.9967666666666646
          ],
          [
            39.52883166666666,
            -3.9967349999999953
          ],
          [
            39.528868333333335,
            -3.9967149999999956
          ],
          [
            39.528911666666666,
            -3.996703333333339
          ],
          [
            39.52896,
            -3.9967033333333286
          ]
        ]
      },
      "properties": {
        "fid": 154,
        "date": 1783382400000,
        "Length": 21.705,
        "Length_km": 0.022
      }
    },
    {
      "type": "Feature",
      "geometry": {
        "type": "LineString",
        "coordinates": [
          [
            39.528953333333334,
            -3.9966850000000003
          ],
          [
            39.528980000000004,
            -3.9966783333333393
          ],
          [
            39.529001666666666,
            -3.9966366666666735
          ],
          [
            39.52904,
            -3.9965966666666604
          ],
          [
            39.529075,
            -3.9965616666666706
          ],
          [
            39.52911166666667,
            -3.9965383333333424
          ],
          [
            39.529135,
            -3.996488333333325
          ],
          [
            39.529154999999996,
            -3.9964266666666632
          ]
        ]
      },
      "properties": {
        "fid": 155,
        "date": 1783382400000,
        "Length": 37.972,
        "Length_km": 0.038
      }
    },
    {
      "type": "Feature",
      "geometry": {
        "type": "LineString",
        "coordinates": [
          [
            39.52912833333333,
            -3.9964199999999983
          ],
          [
            39.529136666666666,
            -3.996381666666672
          ],
          [
            39.529160000000005,
            -3.996339999999995
          ],
          [
            39.52921333333334,
            -3.996263333333334
          ],
          [
            39.529215,
            -3.9962516666666614
          ]
        ]
      },
      "properties": {
        "fid": 156,
        "date": 1783382400000,
        "Length": 21.27,
        "Length_km": 0.021
      }
    },
    {
      "type": "Feature",
      "geometry": {
        "type": "LineString",
        "coordinates": [
          [
            39.52930333333334,
            -3.996275000000005
          ],
          [
            39.529289999999996,
            -3.9962800000000045
          ],
          [
            39.529286666666664,
            -3.9963166666666616
          ],
          [
            39.529268333333334,
            -3.9963483333333274
          ],
          [
            39.529266666666665,
            -3.9963549999999954
          ],
          [
            39.52923,
            -3.996424999999998
          ],
          [
            39.52923,
            -3.9964266666666695
          ]
        ]
      },
      "properties": {
        "fid": 157,
        "date": 1783382400000,
        "Length": 19.393,
        "Length_km": 0.019
      }
    },
    {
      "type": "Feature",
      "geometry": {
        "type": "LineString",
        "coordinates": [
          [
            39.529345,
            -3.9964483333333263
          ],
          [
            39.529358333333334,
            -3.9964483333333414
          ],
          [
            39.52937166666666,
            -3.996408333333326
          ],
          [
            39.52939,
            -3.9963749999999982
          ],
          [
            39.529403333333335,
            -3.9963349999999953
          ],
          [
            39.529405,
            -3.9962999999999944
          ],
          [
            39.5294,
            -3.9962516666666614
          ],
          [
            39.529395,
            -3.9962449999999956
          ]
        ]
      },
      "properties": {
        "fid": 158,
        "date": 1783382400000,
        "Length": 25.192,
        "Length_km": 0.025
      }
    },
    {
      "type": "Feature",
      "geometry": {
        "type": "LineString",
        "coordinates": [
          [
            39.528670000000005,
            -3.9955983333333256
          ],
          [
            39.52869333333333,
            -3.995598333333327
          ],
          [
            39.528756666666666,
            -3.995609999999999
          ],
          [
            39.52881166666667,
            -3.9956000000000023
          ],
          [
            39.52888166666666,
            -3.995606666666667
          ]
        ]
      },
      "properties": {
        "fid": 159,
        "date": 1783382400000,
        "Length": 23.757,
        "Length_km": 0.024
      }
    },
    {
      "type": "Feature",
      "geometry": {
        "type": "LineString",
        "coordinates": [
          [
            39.52881,
            -3.99571
          ],
          [
            39.52873833333333,
            -3.995698333333332
          ],
          [
            39.52870666666667,
            -3.995691666666666
          ],
          [
            39.52870333333333,
            -3.9956900000000006
          ]
        ]
      },
      "properties": {
        "fid": 160,
        "date": 1783382400000,
        "Length": 12.069,
        "Length_km": 0.012
      }
    },
    {
      "type": "Feature",
      "geometry": {
        "type": "LineString",
        "coordinates": [
          [
            39.52862666666667,
            -3.99534833333333
          ],
          [
            39.52863166666667,
            -3.9953850000000055
          ],
          [
            39.52865166666666,
            -3.9953916666666593
          ],
          [
            39.52865666666666,
            -3.995393333333326
          ],
          [
            39.52871833333334,
            -3.995438333333335
          ],
          [
            39.52874166666666,
            -3.9954449999999957
          ],
          [
            39.52879,
            -3.9954416666666717
          ],
          [
            39.52885333333334,
            -3.9954483333333406
          ],
          [
            39.528868333333335,
            -3.9954616666666585
          ],
          [
            39.52896333333333,
            -3.995445000000006
          ],
          [
            39.528965,
            -3.995444999999995
          ]
        ]
      },
      "properties": {
        "fid": 161,
        "date": 1783382400000,
        "Length": 43.748,
        "Length_km": 0.044
      }
    },
    {
      "type": "Feature",
      "geometry": {
        "type": "LineString",
        "coordinates": [
          [
            39.52908166666667,
            -3.99540166666666
          ],
          [
            39.52906333333333,
            -3.9953916666666585
          ],
          [
            39.528996666666664,
            -3.9953783333333277
          ],
          [
            39.528965,
            -3.995374999999994
          ],
          [
            39.52896,
            -3.9953283333333394
          ],
          [
            39.528945,
            -3.995320000000006
          ],
          [
            39.52889833333334,
            -3.9953216666666593
          ],
          [
            39.52886000000001,
            -3.995318333333333
          ],
          [
            39.528816666666664,
            -3.995309999999999
          ],
          [
            39.52878333333333,
            -3.9953083333333295
          ],
          [
            39.528733333333335,
            -3.995303333333327
          ],
          [
            39.52867333333334,
            -3.9952799999999953
          ],
          [
            39.528668333333336,
            -3.995276666666676
          ]
        ]
      },
      "properties": {
        "fid": 162,
        "date": 1783382400000,
        "Length": 51.951,
        "Length_km": 0.052
      }
    },
    {
      "type": "Feature",
      "geometry": {
        "type": "LineString",
        "coordinates": [
          [
            39.52868,
            -3.995148333333341
          ],
          [
            39.52868333333333,
            -3.995148333333331
          ],
          [
            39.528715000000005,
            -3.995170000000007
          ],
          [
            39.528735,
            -3.995193333333332
          ],
          [
            39.528771666666664,
            -3.9952033333333286
          ],
          [
            39.52881333333333,
            -3.9952066666666712
          ],
          [
            39.52882833333333,
            -3.995205
          ],
          [
            39.52887666666666,
            -3.995204999999997
          ],
          [
            39.52892166666666,
            -3.9952033333333317
          ],
          [
            39.528995,
            -3.9951883333333296
          ],
          [
            39.52905666666666,
            -3.9951866666666693
          ],
          [
            39.52913,
            -3.995180000000006
          ],
          [
            39.52921833333333,
            -3.995170000000002
          ],
          [
            39.52926,
            -3.995171666666668
          ],
          [
            39.529313333333334,
            -3.9951666666666594
          ],
          [
            39.52936666666667,
            -3.995163333333333
          ],
          [
            39.529419999999995,
            -3.9951666666666634
          ],
          [
            39.529446666666665,
            -3.9951666666666625
          ],
          [
            39.529493333333335,
            -3.9951583333333422
          ],
          [
            39.52952166666667,
            -3.995144999999998
          ],
          [
            39.52957833333333,
            -3.995106666666663
          ],
          [
            39.52959166666667,
            -3.9950933333333363
          ]
        ]
      },
      "properties": {
        "fid": 163,
        "date": 1783382400000,
        "Length": 105.969,
        "Length_km": 0.106
      }
    },
    {
      "type": "Feature",
      "geometry": {
        "type": "LineString",
        "coordinates": [
          [
            39.52929666666667,
            -3.9949733333333257
          ],
          [
            39.52923833333333,
            -3.9949916666666714
          ],
          [
            39.529185,
            -3.9950033333333392
          ],
          [
            39.529145,
            -3.9950183333333382
          ],
          [
            39.52909666666667,
            -3.9950283333333356
          ],
          [
            39.528983333333336,
            -3.9950483333333415
          ],
          [
            39.52896,
            -3.9950616666666745
          ],
          [
            39.52890666666667,
            -3.995063333333333
          ],
          [
            39.52887166666667,
            -3.995070000000005
          ],
          [
            39.52883666666666,
            -3.995063333333334
          ],
          [
            39.52881,
            -3.995063333333329
          ],
          [
            39.52879666666667,
            -3.9950583333333403
          ],
          [
            39.52878166666667,
            -3.995063333333325
          ],
          [
            39.52871666666667,
            -3.995051666666671
          ],
          [
            39.528708333333334,
            -3.995044999999993
          ]
        ]
      },
      "properties": {
        "fid": 164,
        "date": 1783382400000,
        "Length": 67.482,
        "Length_km": 0.067
      }
    },
    {
      "type": "Feature",
      "geometry": {
        "type": "LineString",
        "coordinates": [
          [
            39.52871833333334,
            -3.9949349999999924
          ],
          [
            39.528725,
            -3.994940000000004
          ],
          [
            39.528733333333335,
            -3.9949433333333286
          ],
          [
            39.52881833333334,
            -3.994968333333333
          ],
          [
            39.52883666666666,
            -3.9949683333333343
          ],
          [
            39.528855,
            -3.994960000000002
          ],
          [
            39.52890166666668,
            -3.9949483333333253
          ],
          [
            39.52897666666667,
            -3.994936666666659
          ],
          [
            39.529001666666666,
            -3.994909999999998
          ],
          [
            39.52905333333333,
            -3.9948900000000003
          ],
          [
            39.529106666666664,
            -3.9948783333333346
          ],
          [
            39.52916166666667,
            -3.9948566666666614
          ],
          [
            39.52921166666667,
            -3.9948433333333395
          ],
          [
            39.529275,
            -3.9948299999999937
          ],
          [
            39.52932,
            -3.9948016666666746
          ],
          [
            39.52936,
            -3.994805000000007
          ],
          [
            39.529421666666664,
            -3.9948016666666586
          ],
          [
            39.529435,
            -3.9947933333333356
          ],
          [
            39.529435,
            -3.9947950000000017
          ]
        ]
      },
      "properties": {
        "fid": 165,
        "date": 1783382400000,
        "Length": 84.69,
        "Length_km": 0.085
      }
    },
    {
      "type": "Feature",
      "geometry": {
        "type": "LineString",
        "coordinates": [
          [
            39.529435,
            -3.9947233333333414
          ],
          [
            39.52952666666667,
            -3.994684999999992
          ],
          [
            39.529563333333336,
            -3.9946816666666605
          ],
          [
            39.52963,
            -3.9946549999999976
          ],
          [
            39.529675,
            -3.994633333333332
          ],
          [
            39.52970333333334,
            -3.9946166666666696
          ],
          [
            39.529745000000005,
            -3.9946016666666613
          ],
          [
            39.52979666666667,
            -3.994579999999992
          ],
          [
            39.52979833333333,
            -3.994580000000001
          ]
        ]
      },
      "properties": {
        "fid": 166,
        "date": 1783382400000,
        "Length": 43.591,
        "Length_km": 0.044
      }
    },
    {
      "type": "Feature",
      "geometry": {
        "type": "LineString",
        "coordinates": [
          [
            39.529743333333336,
            -3.9943866666666716
          ],
          [
            39.529726666666676,
            -3.994409999999995
          ],
          [
            39.529685,
            -3.9944500000000076
          ],
          [
            39.52966333333333,
            -3.9944700000000015
          ],
          [
            39.529653333333336,
            -3.994480000000004
          ],
          [
            39.52963,
            -3.9944866666666696
          ],
          [
            39.52956,
            -3.9945333333333406
          ],
          [
            39.529473333333335,
            -3.9945549999999947
          ],
          [
            39.529421666666664,
            -3.994563333333333
          ],
          [
            39.529408333333336,
            -3.994570000000001
          ],
          [
            39.52935333333333,
            -3.994586666666668
          ],
          [
            39.52935166666667,
            -3.994585000000003
          ]
        ]
      },
      "properties": {
        "fid": 167,
        "date": 1783382400000,
        "Length": 50.461,
        "Length_km": 0.05
      }
    },
    {
      "type": "Feature",
      "geometry": {
        "type": "LineString",
        "coordinates": [
          [
            39.529295000000005,
            -3.9944899999999985
          ],
          [
            39.529316666666666,
            -3.9944833333333403
          ],
          [
            39.529376666666664,
            -3.9944483333333385
          ],
          [
            39.529385000000005,
            -3.994431666666668
          ],
          [
            39.529405,
            -3.9944216666666614
          ],
          [
            39.52943833333333,
            -3.9944066666666695
          ],
          [
            39.52945833333333,
            -3.994395000000006
          ],
          [
            39.52953166666667,
            -3.99434333333334
          ],
          [
            39.529608333333336,
            -3.9943083333333305
          ],
          [
            39.52970666666667,
            -3.99426833333334
          ],
          [
            39.529734999999995,
            -3.994265000000002
          ],
          [
            39.52977,
            -3.9942583333333306
          ]
        ]
      },
      "properties": {
        "fid": 168,
        "date": 1783382400000,
        "Length": 59.596,
        "Length_km": 0.06
      }
    },
    {
      "type": "Feature",
      "geometry": {
        "type": "LineString",
        "coordinates": [
          [
            39.529575,
            -3.993691666666675
          ],
          [
            39.52951666666667,
            -3.993739999999995
          ],
          [
            39.529475000000005,
            -3.9937649999999985
          ],
          [
            39.529405,
            -3.993816666666672
          ],
          [
            39.529378333333334,
            -3.9938416666666723
          ],
          [
            39.52935,
            -3.993875000000007
          ],
          [
            39.529265,
            -3.993951666666675
          ],
          [
            39.529241666666664,
            -3.993991666666669
          ],
          [
            39.52923,
            -3.9939983333333315
          ]
        ]
      },
      "properties": {
        "fid": 169,
        "date": 1783382400000,
        "Length": 51.637,
        "Length_km": 0.052
      }
    },
    {
      "type": "Feature",
      "geometry": {
        "type": "LineString",
        "coordinates": [
          [
            39.52915666666667,
            -3.99393833333333
          ],
          [
            39.52921833333333,
            -3.9938933333333306
          ],
          [
            39.52932,
            -3.9937950000000044
          ],
          [
            39.529334999999996,
            -3.9937850000000035
          ],
          [
            39.52935,
            -3.993741666666673
          ],
          [
            39.52939666666667,
            -3.9936766666666697
          ],
          [
            39.52945666666667,
            -3.9936183333333366
          ],
          [
            39.52946,
            -3.9936149999999992
          ]
        ]
      },
      "properties": {
        "fid": 170,
        "date": 1783382400000,
        "Length": 49.87,
        "Length_km": 0.05
      }
    },
    {
      "type": "Feature",
      "geometry": {
        "type": "LineString",
        "coordinates": [
          [
            39.52957833333333,
            -3.9934633333333283
          ],
          [
            39.52958666666667,
            -3.9934233333333307
          ],
          [
            39.52959666666666,
            -3.9933833333333304
          ],
          [
            39.529601666666665,
            -3.9933783333333386
          ]
        ]
      },
      "properties": {
        "fid": 171,
        "date": 1783382400000,
        "Length": 9.863,
        "Length_km": 0.01
      }
    },
    {
      "type": "Feature",
      "geometry": {
        "type": "LineString",
        "coordinates": [
          [
            39.52948333333333,
            -3.9932599999999927
          ],
          [
            39.52947666666667,
            -3.9932666666666687
          ],
          [
            39.52945,
            -3.99331999999999
          ],
          [
            39.52943666666667,
            -3.9933383333333277
          ],
          [
            39.5294,
            -3.99337
          ],
          [
            39.52936166666667,
            -3.9934066666666697
          ],
          [
            39.52934333333334,
            -3.99342333333334
          ],
          [
            39.52932166666667,
            -3.9934399999999983
          ],
          [
            39.529286666666664,
            -3.993488333333328
          ],
          [
            39.529251666666674,
            -3.993521666666664
          ],
          [
            39.52923666666666,
            -3.9935466666666684
          ],
          [
            39.529206666666674,
            -3.993581666666659
          ],
          [
            39.529185,
            -3.993619999999997
          ],
          [
            39.529175,
            -3.993636666666675
          ],
          [
            39.529109999999996,
            -3.9937399999999967
          ],
          [
            39.529085,
            -3.993768333333332
          ],
          [
            39.529064999999996,
            -3.9938133333333323
          ],
          [
            39.52900666666667,
            -3.9938716666666623
          ],
          [
            39.529005,
            -3.993873333333339
          ]
        ]
      },
      "properties": {
        "fid": 172,
        "date": 1783382400000,
        "Length": 87.06,
        "Length_km": 0.087
      }
    },
    {
      "type": "Feature",
      "geometry": {
        "type": "LineString",
        "coordinates": [
          [
            39.529085,
            -3.9938916666666673
          ],
          [
            39.52914666666666,
            -3.993828333333336
          ],
          [
            39.52919833333333,
            -3.993763333333337
          ],
          [
            39.52925333333334,
            -3.993705000000006
          ],
          [
            39.529275,
            -3.9936899999999977
          ],
          [
            39.52927833333333,
            -3.993684999999996
          ],
          [
            39.529315,
            -3.9936400000000045
          ],
          [
            39.52934833333334,
            -3.993611666666671
          ],
          [
            39.529365,
            -3.993593333333325
          ],
          [
            39.52940666666667,
            -3.9935483333333384
          ],
          [
            39.529430000000005,
            -3.9935266666666758
          ],
          [
            39.52945333333333,
            -3.9935033333333263
          ],
          [
            39.52949,
            -3.9934733333333368
          ],
          [
            39.529491666666665,
            -3.993466666666659
          ]
        ]
      },
      "properties": {
        "fid": 173,
        "date": 1783382400000,
        "Length": 65.481,
        "Length_km": 0.065
      }
    },
    {
      "type": "Feature",
      "geometry": {
        "type": "LineString",
        "coordinates": [
          [
            39.52935333333333,
            -3.993178333333335
          ],
          [
            39.529318333333336,
            -3.9932483333333297
          ],
          [
            39.52927666666667,
            -3.993290000000004
          ],
          [
            39.52926,
            -3.9933299999999923
          ],
          [
            39.52921666666667,
            -3.9933866666666655
          ],
          [
            39.529176666666665,
            -3.993443333333334
          ],
          [
            39.52917166666667,
            -3.993451666666672
          ]
        ]
      },
      "properties": {
        "fid": 174,
        "date": 1783382400000,
        "Length": 36.644,
        "Length_km": 0.037
      }
    },
    {
      "type": "Feature",
      "geometry": {
        "type": "LineString",
        "coordinates": [
          [
            39.52914333333333,
            -3.993136666666663
          ],
          [
            39.52914166666667,
            -3.9931516666666673
          ],
          [
            39.52912,
            -3.9932250000000016
          ],
          [
            39.52910333333333,
            -3.9932316666666745
          ],
          [
            39.52907833333334,
            -3.993276666666671
          ],
          [
            39.52906666666667,
            -3.993291666666675
          ],
          [
            39.529061666666664,
            -3.9933000000000023
          ],
          [
            39.52903666666667,
            -3.993319999999999
          ],
          [
            39.528985,
            -3.993361666666667
          ],
          [
            39.528909999999996,
            -3.9934233333333315
          ],
          [
            39.52890666666667,
            -3.9934249999999993
          ]
        ]
      },
      "properties": {
        "fid": 175,
        "date": 1783382400000,
        "Length": 43.084,
        "Length_km": 0.043
      }
    },
    {
      "type": "Feature",
      "geometry": {
        "type": "LineString",
        "coordinates": [
          [
            39.517736666666664,
            -3.9895633333333285
          ],
          [
            39.517698333333335,
            -3.989553333333334
          ],
          [
            39.517669999999995,
            -3.9895433333333408
          ],
          [
            39.51762,
            -3.9895199999999913
          ],
          [
            39.517585000000004,
            -3.9895083333333266
          ],
          [
            39.51754666666667,
            -3.9894916666666727
          ],
          [
            39.517489999999995,
            -3.9894716666666645
          ],
          [
            39.517450000000004,
            -3.9894516666666595
          ],
          [
            39.51741666666667,
            -3.989451666666661
          ],
          [
            39.517360000000004,
            -3.9894499999999926
          ],
          [
            39.51735333333333,
            -3.98944666666666
          ]
        ]
      },
      "properties": {
        "fid": 176,
        "date": 1783468800000,
        "Length": 45.047,
        "Length_km": 0.045
      }
    },
    {
      "type": "Feature",
      "geometry": {
        "type": "LineString",
        "coordinates": [
          [
            39.51773333333333,
            -3.9895633333333285
          ],
          [
            39.51777833333333,
            -3.9895833333333286
          ],
          [
            39.517858333333336,
            -3.9896066666666727
          ],
          [
            39.51790333333334,
            -3.989623333333335
          ],
          [
            39.51795666666667,
            -3.989644999999996
          ],
          [
            39.51796,
            -3.989645000000006
          ]
        ]
      },
      "properties": {
        "fid": 177,
        "date": 1783468800000,
        "Length": 26.802,
        "Length_km": 0.027
      }
    },
    {
      "type": "Feature",
      "geometry": {
        "type": "LineString",
        "coordinates": [
          [
            39.517981666666664,
            -3.989994999999997
          ],
          [
            39.51795666666667,
            -3.9899849999999937
          ],
          [
            39.517925,
            -3.989966666666663
          ],
          [
            39.517900000000004,
            -3.989954999999996
          ],
          [
            39.517885,
            -3.989944999999998
          ],
          [
            39.51786666666667,
            -3.9899433333333336
          ],
          [
            39.51782333333333,
            -3.989913333333327
          ],
          [
            39.517775,
            -3.9898949999999975
          ],
          [
            39.51775166666666,
            -3.98987666666667
          ],
          [
            39.517716666666665,
            -3.9898583333333266
          ],
          [
            39.51768000000001,
            -3.9898449999999994
          ],
          [
            39.51767666666667,
            -3.989843333333339
          ],
          [
            39.51766,
            -3.9898366666666747
          ],
          [
            39.51762333333333,
            -3.9898216666666655
          ],
          [
            39.51757833333333,
            -3.989806666666666
          ],
          [
            39.517541666666666,
            -3.9897883333333253
          ],
          [
            39.51748333333333,
            -3.989764999999991
          ],
          [
            39.51743833333333,
            -3.989735000000003
          ],
          [
            39.51739333333333,
            -3.9897116666666737
          ],
          [
            39.51737,
            -3.9896966666666613
          ],
          [
            39.517325,
            -3.9896766666666688
          ],
          [
            39.51726833333333,
            -3.9896566666666686
          ],
          [
            39.51721666666666,
            -3.9896200000000017
          ],
          [
            39.51721166666667,
            -3.9896183333333375
          ]
        ]
      },
      "properties": {
        "fid": 178,
        "date": 1783468800000,
        "Length": 95.774,
        "Length_km": 0.096
      }
    },
    {
      "type": "Feature",
      "geometry": {
        "type": "LineString",
        "coordinates": [
          [
            39.51705666666667,
            -3.9898183333333357
          ],
          [
            39.5171,
            -3.9898350000000034
          ],
          [
            39.517195,
            -3.9898683333333347
          ],
          [
            39.51723333333334,
            -3.989890000000006
          ],
          [
            39.51728833333333,
            -3.989911666666671
          ],
          [
            39.51737166666667,
            -3.989948333333335
          ],
          [
            39.517446666666665,
            -3.9899916666666626
          ],
          [
            39.51748166666666,
            -3.9900033333333393
          ],
          [
            39.517500000000005,
            -3.990016666666668
          ],
          [
            39.517536666666665,
            -3.990023333333339
          ],
          [
            39.517588333333336,
            -3.9900383333333362
          ],
          [
            39.51761333333333,
            -3.9900533333333263
          ],
          [
            39.517653333333335,
            -3.9900683333333364
          ],
          [
            39.51768666666667,
            -3.9900833333333345
          ],
          [
            39.51772833333334,
            -3.990094999999999
          ],
          [
            39.517775,
            -3.990126666666671
          ],
          [
            39.51784166666666,
            -3.990164999999992
          ],
          [
            39.51788666666666,
            -3.9901916666666666
          ],
          [
            39.517923333333336,
            -3.9902149999999983
          ],
          [
            39.51792666666667,
            -3.990219999999992
          ]
        ]
      },
      "properties": {
        "fid": 179,
        "date": 1783468800000,
        "Length": 107.116,
        "Length_km": 0.107
      }
    },
    {
      "type": "Feature",
      "geometry": {
        "type": "LineString",
        "coordinates": [
          [
            39.517555,
            -3.990381666666664
          ],
          [
            39.51748333333333,
            -3.9903416666666702
          ],
          [
            39.517410000000005,
            -3.990308333333329
          ],
          [
            39.51732833333333,
            -3.9902616666666666
          ],
          [
            39.51729833333333,
            -3.9902466666666685
          ],
          [
            39.517228333333335,
            -3.9902233333333412
          ],
          [
            39.517215,
            -3.990211666666669
          ],
          [
            39.517201666666665,
            -3.9902100000000025
          ]
        ]
      },
      "properties": {
        "fid": 180,
        "date": 1783468800000,
        "Length": 43.847,
        "Length_km": 0.044
      }
    },
    {
      "type": "Feature",
      "geometry": {
        "type": "LineString",
        "coordinates": [
          [
            39.51671833333333,
            -3.991390000000005
          ],
          [
            39.516695,
            -3.9913866666666604
          ],
          [
            39.516666666666666,
            -3.9913633333333323
          ],
          [
            39.51663833333335,
            -3.9913516666666604
          ],
          [
            39.51661166666667,
            -3.991343333333328
          ],
          [
            39.51657333333333,
            -3.9913299999999983
          ],
          [
            39.51654333333333,
            -3.9913216666666695
          ],
          [
            39.51652333333333,
            -3.9913166666666586
          ],
          [
            39.516511666666666,
            -3.991313333333328
          ],
          [
            39.51647833333333,
            -3.991311666666662
          ],
          [
            39.51646833333334,
            -3.9913100000000035
          ],
          [
            39.516423333333336,
            -3.9913049999999948
          ],
          [
            39.51641666666667,
            -3.991308333333328
          ]
        ]
      },
      "properties": {
        "fid": 181,
        "date": 1783468800000,
        "Length": 35.473,
        "Length_km": 0.035
      }
    },
    {
      "type": "Feature",
      "geometry": {
        "type": "LineString",
        "coordinates": [
          [
            39.51676333333333,
            -3.9914283333333316
          ],
          [
            39.51676666666666,
            -3.9914366666666696
          ],
          [
            39.51679166666667,
            -3.9914416666666717
          ],
          [
            39.516835,
            -3.99144333333334
          ],
          [
            39.516873333333336,
            -3.9914466666666613
          ],
          [
            39.51690833333334,
            -3.991456666666662
          ],
          [
            39.51692666666667,
            -3.9914699999999943
          ],
          [
            39.51695,
            -3.991480000000008
          ],
          [
            39.51697166666667,
            -3.991489999999994
          ],
          [
            39.51700833333334,
            -3.991508333333338
          ],
          [
            39.517050000000005,
            -3.991530000000004
          ],
          [
            39.51709666666667,
            -3.9915433333333277
          ],
          [
            39.51712166666667,
            -3.9915550000000044
          ],
          [
            39.51712333333334,
            -3.9915566666666646
          ]
        ]
      },
      "properties": {
        "fid": 182,
        "date": 1783468800000,
        "Length": 43.403,
        "Length_km": 0.043
      }
    },
    {
      "type": "Feature",
      "geometry": {
        "type": "LineString",
        "coordinates": [
          [
            39.51710333333333,
            -3.9916250000000066
          ],
          [
            39.517093333333335,
            -3.9916399999999976
          ],
          [
            39.51709,
            -3.991656666666668
          ],
          [
            39.517086666666664,
            -3.9916816666666723
          ],
          [
            39.51708166666666,
            -3.9916950000000035
          ],
          [
            39.517066666666665,
            -3.9917450000000056
          ],
          [
            39.51705666666667,
            -3.991781666666671
          ],
          [
            39.51705333333334,
            -3.9918050000000007
          ],
          [
            39.51704666666667,
            -3.991835000000004
          ],
          [
            39.517043333333326,
            -3.9918700000000085
          ],
          [
            39.517050000000005,
            -3.99189666666667
          ],
          [
            39.517043333333326,
            -3.9919216666666624
          ],
          [
            39.517026666666666,
            -3.9919499999999957
          ],
          [
            39.517023333333334,
            -3.9919716666666605
          ],
          [
            39.51701166666667,
            -3.992004999999997
          ],
          [
            39.51700166666667,
            -3.9920299999999957
          ],
          [
            39.516995,
            -3.9920716666666576
          ],
          [
            39.51698666666667,
            -3.9920983333333258
          ],
          [
            39.51697,
            -3.992135000000007
          ],
          [
            39.51695666666667,
            -3.992178333333332
          ],
          [
            39.516955,
            -3.9921933333333293
          ],
          [
            39.51694833333334,
            -3.992228333333338
          ],
          [
            39.51694666666666,
            -3.9922650000000073
          ],
          [
            39.516936666666666,
            -3.992300000000004
          ],
          [
            39.516931666666665,
            -3.9923266666666692
          ],
          [
            39.516915000000004,
            -3.9923766666666602
          ]
        ]
      },
      "properties": {
        "fid": 183,
        "date": 1783468800000,
        "Length": 86.72,
        "Length_km": 0.087
      }
    },
    {
      "type": "Feature",
      "geometry": {
        "type": "LineString",
        "coordinates": [
          [
            39.51708166666666,
            -3.9922200000000028
          ],
          [
            39.51709166666667,
            -3.992193333333332
          ],
          [
            39.51710833333333,
            -3.992141666666663
          ],
          [
            39.51711833333333,
            -3.9921266666666586
          ],
          [
            39.51712833333333,
            -3.9920983333333346
          ],
          [
            39.51714333333334,
            -3.992068333333329
          ],
          [
            39.517156666666665,
            -3.992043333333334
          ],
          [
            39.51717,
            -3.992011666666669
          ],
          [
            39.517185000000005,
            -3.99197333333334
          ],
          [
            39.51719333333333,
            -3.9919566666666633
          ],
          [
            39.517203333333335,
            -3.991926666666662
          ]
        ]
      },
      "properties": {
        "fid": 184,
        "date": 1783468800000,
        "Length": 35.242,
        "Length_km": 0.035
      }
    },
    {
      "type": "Feature",
      "geometry": {
        "type": "LineString",
        "coordinates": [
          [
            39.51652,
            -3.9919916666666686
          ],
          [
            39.51651666666667,
            -3.991996666666659
          ],
          [
            39.516511666666666,
            -3.9920483333333374
          ],
          [
            39.51651000000001,
            -3.9920950000000004
          ],
          [
            39.51650666666667,
            -3.992120000000003
          ],
          [
            39.51649833333333,
            -3.9921533333333294
          ],
          [
            39.51649666666666,
            -3.99218666666667
          ],
          [
            39.516484999999996,
            -3.992241666666672
          ],
          [
            39.51648333333333,
            -3.9922916666666732
          ],
          [
            39.516488333333335,
            -3.9923249999999997
          ],
          [
            39.516484999999996,
            -3.9923499999999996
          ],
          [
            39.516481666666664,
            -3.9923716666666738
          ],
          [
            39.516475,
            -3.9923783333333396
          ]
        ]
      },
      "properties": {
        "fid": 185,
        "date": 1783468800000,
        "Length": 43.586,
        "Length_km": 0.044
      }
    },
    {
      "type": "Feature",
      "geometry": {
        "type": "LineString",
        "coordinates": [
          [
            39.51656666666667,
            -3.9924350000000004
          ],
          [
            39.51656666666667,
            -3.992448333333331
          ],
          [
            39.516565,
            -3.9924783333333256
          ],
          [
            39.51656333333334,
            -3.9925050000000075
          ],
          [
            39.51656166666667,
            -3.9925266666666683
          ],
          [
            39.51656,
            -3.9925483333333283
          ],
          [
            39.516565,
            -3.9925633333333317
          ],
          [
            39.51656833333333,
            -3.992601666666664
          ],
          [
            39.51656833333333,
            -3.9926249999999963
          ],
          [
            39.516571666666664,
            -3.992643333333332
          ],
          [
            39.51658166666667,
            -3.9926533333333274
          ],
          [
            39.51658333333333,
            -3.992671666666659
          ],
          [
            39.516589999999994,
            -3.99269166666667
          ],
          [
            39.51660666666667,
            -3.992740000000001
          ],
          [
            39.51660666666667,
            -3.9927433333333284
          ]
        ]
      },
      "properties": {
        "fid": 186,
        "date": 1783468800000,
        "Length": 35.163,
        "Length_km": 0.035
      }
    },
    {
      "type": "Feature",
      "geometry": {
        "type": "LineString",
        "coordinates": [
          [
            39.51673,
            -3.992665000000002
          ],
          [
            39.51671666666667,
            -3.992629999999998
          ],
          [
            39.516695,
            -3.9925683333333324
          ],
          [
            39.51669166666667,
            -3.9925383333333273
          ],
          [
            39.51668666666667,
            -3.9925099999999962
          ],
          [
            39.516668333333335,
            -3.9924583333333277
          ],
          [
            39.51665666666667,
            -3.992411666666675
          ],
          [
            39.51665166666667,
            -3.992376666666659
          ],
          [
            39.51665166666667,
            -3.9923749999999987
          ]
        ]
      },
      "properties": {
        "fid": 187,
        "date": 1783468800000,
        "Length": 33.375,
        "Length_km": 0.033
      }
    },
    {
      "type": "Feature",
      "geometry": {
        "type": "LineString",
        "coordinates": [
          [
            39.51646,
            -3.992429999999998
          ],
          [
            39.51645666666666,
            -3.9924583333333326
          ],
          [
            39.51645666666666,
            -3.9924833333333383
          ],
          [
            39.51645666666666,
            -3.9924983333333337
          ],
          [
            39.51645499999999,
            -3.992566666666672
          ],
          [
            39.516465000000004,
            -3.992598333333334
          ],
          [
            39.51647,
            -3.9926533333333283
          ],
          [
            39.51647166666667,
            -3.992673333333331
          ],
          [
            39.516475,
            -3.992699999999995
          ],
          [
            39.51649999999999,
            -3.9927716666666675
          ]
        ]
      },
      "properties": {
        "fid": 188,
        "date": 1783468800000,
        "Length": 38.506,
        "Length_km": 0.039
      }
    },
    {
      "type": "Feature",
      "geometry": {
        "type": "LineString",
        "coordinates": [
          [
            39.516418333333334,
            -3.992826666666671
          ],
          [
            39.51641166666666,
            -3.9927733333333357
          ],
          [
            39.516415,
            -3.9927450000000033
          ],
          [
            39.5164,
            -3.992705000000005
          ],
          [
            39.516396666666665,
            -3.992685000000003
          ],
          [
            39.516391666666664,
            -3.9926616666666725
          ],
          [
            39.51638166666667,
            -3.992626666666674
          ],
          [
            39.51638166666667,
            -3.9925949999999983
          ],
          [
            39.516373333333334,
            -3.992558333333332
          ],
          [
            39.51636166666666,
            -3.99252333333333
          ],
          [
            39.51636,
            -3.9925133333333336
          ],
          [
            39.516365,
            -3.9924716666666638
          ],
          [
            39.51635833333333,
            -3.992455000000007
          ]
        ]
      },
      "properties": {
        "fid": 189,
        "date": 1783468800000,
        "Length": 42.223,
        "Length_km": 0.042
      }
    },
    {
      "type": "Feature",
      "geometry": {
        "type": "LineString",
        "coordinates": [
          [
            39.51640999999999,
            -3.9930066666666604
          ],
          [
            39.516405,
            -3.9930666666666643
          ]
        ]
      },
      "properties": {
        "fid": 190,
        "date": 1783468800000,
        "Length": 6.658,
        "Length_km": 0.007
      }
    },
    {
      "type": "Feature",
      "geometry": {
        "type": "LineString",
        "coordinates": [
          [
            39.51648,
            -3.9929666666666632
          ],
          [
            39.51648333333333,
            -3.992983333333333
          ],
          [
            39.51649,
            -3.9930049999999966
          ],
          [
            39.51650166666666,
            -3.9930466666666735
          ],
          [
            39.51649833333333,
            -3.993055000000002
          ]
        ]
      },
      "properties": {
        "fid": 191,
        "date": 1783468800000,
        "Length": 10.167,
        "Length_km": 0.01
      }
    },
    {
      "type": "Feature",
      "geometry": {
        "type": "LineString",
        "coordinates": [
          [
            39.51646833333334,
            -3.993066666666671
          ],
          [
            39.516484999999996,
            -3.993076666666665
          ],
          [
            39.51652166666667,
            -3.993079999999996
          ],
          [
            39.51656166666667,
            -3.9930883333333314
          ]
        ]
      },
      "properties": {
        "fid": 192,
        "date": 1783468800000,
        "Length": 10.781,
        "Length_km": 0.011
      }
    },
    {
      "type": "Feature",
      "geometry": {
        "type": "LineString",
        "coordinates": [
          [
            39.516893333333336,
            -3.9940200000000083
          ],
          [
            39.516951666666664,
            -3.9940116666666716
          ],
          [
            39.51700166666667,
            -3.9940000000000047
          ],
          [
            39.51701833333333,
            -3.993995000000001
          ],
          [
            39.51705833333333,
            -3.99398166666666
          ],
          [
            39.517115,
            -3.993958333333339
          ],
          [
            39.51714333333334,
            -3.9939449999999947
          ],
          [
            39.51719333333333,
            -3.9939350000000076
          ],
          [
            39.517230000000005,
            -3.9939299999999998
          ],
          [
            39.51724333333333,
            -3.9939250000000053
          ],
          [
            39.517253333333336,
            -3.9939333333333273
          ]
        ]
      },
      "properties": {
        "fid": 193,
        "date": 1783468800000,
        "Length": 41.926,
        "Length_km": 0.042
      }
    },
    {
      "type": "Feature",
      "geometry": {
        "type": "LineString",
        "coordinates": [
          [
            39.517401666666665,
            -3.9941516666666725
          ],
          [
            39.51734833333333,
            -3.9941549999999997
          ],
          [
            39.51729333333334,
            -3.994169999999993
          ],
          [
            39.51724,
            -3.994184999999995
          ],
          [
            39.51717333333333,
            -3.994199999999995
          ],
          [
            39.517111666666665,
            -3.9942100000000016
          ],
          [
            39.517045,
            -3.9942366666666693
          ],
          [
            39.517041666666664,
            -3.9942383333333247
          ]
        ]
      },
      "properties": {
        "fid": 194,
        "date": 1783468800000,
        "Length": 41.32,
        "Length_km": 0.041
      }
    },
    {
      "type": "Feature",
      "geometry": {
        "type": "LineString",
        "coordinates": [
          [
            39.51718666666667,
            -3.994463333333339
          ],
          [
            39.51725833333333,
            -3.9944400000000013
          ],
          [
            39.517295000000004,
            -3.994429999999999
          ],
          [
            39.51734333333333,
            -3.994418333333335
          ],
          [
            39.517401666666665,
            -3.994403333333326
          ],
          [
            39.51746333333333,
            -3.99438666666667
          ],
          [
            39.517498333333336,
            -3.9943833333333383
          ],
          [
            39.51750333333334,
            -3.9943833333333303
          ]
        ]
      },
      "properties": {
        "fid": 195,
        "date": 1783468800000,
        "Length": 36.344,
        "Length_km": 0.036
      }
    },
    {
      "type": "Feature",
      "geometry": {
        "type": "LineString",
        "coordinates": [
          [
            39.517588333333336,
            -3.9947799999999956
          ],
          [
            39.51754666666667,
            -3.9947866666666645
          ],
          [
            39.51748666666666,
            -3.994806666666665
          ],
          [
            39.51744166666666,
            -3.9948200000000003
          ],
          [
            39.517425,
            -3.994823333333339
          ],
          [
            39.51741333333334,
            -3.9948266666666683
          ]
        ]
      },
      "properties": {
        "fid": 196,
        "date": 1783468800000,
        "Length": 20.15,
        "Length_km": 0.02
      }
    },
    {
      "type": "Feature",
      "geometry": {
        "type": "LineString",
        "coordinates": [
          [
            39.515703333333335,
            -3.991708333333328
          ],
          [
            39.515768333333334,
            -3.9917166666666666
          ],
          [
            39.51582333333334,
            -3.9917016666666685
          ],
          [
            39.51585333333333,
            -3.9917049999999947
          ],
          [
            39.51589333333333,
            -3.991704999999997
          ],
          [
            39.51591833333334,
            -3.991713333333339
          ],
          [
            39.51595166666667,
            -3.991720000000003
          ]
        ]
      },
      "properties": {
        "fid": 197,
        "date": 1783468800000,
        "Length": 28.099,
        "Length_km": 0.028
      }
    },
    {
      "type": "Feature",
      "geometry": {
        "type": "LineString",
        "coordinates": [
          [
            39.51597833333334,
            -3.9915700000000007
          ],
          [
            39.515925,
            -3.9915649999999987
          ],
          [
            39.5159,
            -3.99156333333334
          ],
          [
            39.51582833333334,
            -3.991568333333328
          ],
          [
            39.515755,
            -3.9915633333333367
          ],
          [
            39.51573166666667,
            -3.9915683333333356
          ],
          [
            39.51571333333333,
            -3.991571666666661
          ]
        ]
      },
      "properties": {
        "fid": 198,
        "date": 1783468800000,
        "Length": 29.59,
        "Length_km": 0.03
      }
    },
    {
      "type": "Feature",
      "geometry": {
        "type": "LineString",
        "coordinates": [
          [
            39.486560000000004,
            -3.949483333333338
          ],
          [
            39.48655833333333,
            -3.949485000000001
          ],
          [
            39.486585,
            -3.9494850000000086
          ],
          [
            39.48663,
            -3.9494716666666685
          ],
          [
            39.48666333333334,
            -3.9494616666666627
          ],
          [
            39.486711666666665,
            -3.9494383333333385
          ],
          [
            39.48676,
            -3.9494149999999912
          ],
          [
            39.48679,
            -3.949398333333336
          ],
          [
            39.486815,
            -3.9493883333333275
          ],
          [
            39.48683166666667,
            -3.9493766666666668
          ],
          [
            39.48685166666667,
            -3.949363333333341
          ],
          [
            39.486878333333344,
            -3.9493400000000016
          ],
          [
            39.48688166666667,
            -3.949336666666669
          ]
        ]
      },
      "properties": {
        "fid": 199,
        "date": 1783555200000,
        "Length": 40.377,
        "Length_km": 0.04
      }
    },
    {
      "type": "Feature",
      "geometry": {
        "type": "LineString",
        "coordinates": [
          [
            39.486740000000005,
            -3.9491233333333278
          ],
          [
            39.486740000000005,
            -3.949140000000005
          ],
          [
            39.486729999999994,
            -3.949164999999999
          ],
          [
            39.486703333333345,
            -3.9491849999999977
          ],
          [
            39.486689999999996,
            -3.9491983333333263
          ],
          [
            39.48665333333334,
            -3.949221666666666
          ],
          [
            39.48661833333333,
            -3.9492366666666627
          ],
          [
            39.486581666666666,
            -3.9492550000000004
          ],
          [
            39.48654833333333,
            -3.9492799999999963
          ],
          [
            39.48652666666667,
            -3.949293333333336
          ],
          [
            39.48650166666666,
            -3.94931333333334
          ],
          [
            39.486475000000006,
            -3.9493249999999938
          ],
          [
            39.486430000000006,
            -3.949358333333341
          ],
          [
            39.486428333333336,
            -3.949358333333329
          ]
        ]
      },
      "properties": {
        "fid": 200,
        "date": 1783555200000,
        "Length": 44.821,
        "Length_km": 0.045
      }
    },
    {
      "type": "Feature",
      "geometry": {
        "type": "LineString",
        "coordinates": [
          [
            39.486286666666665,
            -3.9491266666666673
          ],
          [
            39.486316666666674,
            -3.949110000000002
          ],
          [
            39.486355,
            -3.949096666666673
          ],
          [
            39.48639,
            -3.949081666666673
          ],
          [
            39.486419999999995,
            -3.9490566666666664
          ],
          [
            39.48646833333333,
            -3.9490283333333274
          ],
          [
            39.486486666666664,
            -3.9490150000000006
          ],
          [
            39.48655,
            -3.9489716666666705
          ],
          [
            39.486565000000006,
            -3.948955000000006
          ],
          [
            39.48659,
            -3.948931666666658
          ],
          [
            39.486595,
            -3.948924999999997
          ],
          [
            39.48662166666667,
            -3.9489050000000057
          ],
          [
            39.486623333333334,
            -3.9489066666666672
          ]
        ]
      },
      "properties": {
        "fid": 201,
        "date": 1783555200000,
        "Length": 45.263,
        "Length_km": 0.045
      }
    },
    {
      "type": "Feature",
      "geometry": {
        "type": "LineString",
        "coordinates": [
          [
            39.48636166666667,
            -3.948279999999995
          ],
          [
            39.48640000000001,
            -3.948303333333332
          ],
          [
            39.48643666666667,
            -3.948301666666663
          ],
          [
            39.486455,
            -3.9482916666666625
          ],
          [
            39.48648,
            -3.948271666666666
          ],
          [
            39.48650333333333,
            -3.9482499999999976
          ],
          [
            39.48652666666667,
            -3.9482199999999996
          ],
          [
            39.48654333333333,
            -3.9482183333333305
          ],
          [
            39.486583333333336,
            -3.9481633333333326
          ],
          [
            39.48660666666667,
            -3.948128333333331
          ],
          [
            39.48661333333334,
            -3.9481083333333387
          ],
          [
            39.48661666666668,
            -3.9480799999999965
          ],
          [
            39.48661833333333,
            -3.948073333333332
          ]
        ]
      },
      "properties": {
        "fid": 202,
        "date": 1783555200000,
        "Length": 42.956,
        "Length_km": 0.043
      }
    },
    {
      "type": "Feature",
      "geometry": {
        "type": "LineString",
        "coordinates": [
          [
            39.486441666666664,
            -3.9479999999999915
          ],
          [
            39.486428333333336,
            -3.948020000000001
          ],
          [
            39.48639166666667,
            -3.948040000000001
          ],
          [
            39.486380000000004,
            -3.948051666666666
          ],
          [
            39.486355,
            -3.9480716666666713
          ],
          [
            39.486336666666666,
            -3.9480799999999996
          ],
          [
            39.4863,
            -3.94811
          ],
          [
            39.4863,
            -3.9481116666666654
          ]
        ]
      },
      "properties": {
        "fid": 203,
        "date": 1783555200000,
        "Length": 20.345,
        "Length_km": 0.02
      }
    },
    {
      "type": "Feature",
      "geometry": {
        "type": "LineString",
        "coordinates": [
          [
            39.48623666666666,
            -3.9480016666666597
          ],
          [
            39.486235,
            -3.9479999999999955
          ],
          [
            39.48628166666666,
            -3.947981666666674
          ],
          [
            39.486306666666664,
            -3.9479666666666597
          ],
          [
            39.486335000000004,
            -3.947940000000006
          ],
          [
            39.48634833333333,
            -3.9479233333333363
          ],
          [
            39.486376666666665,
            -3.9479033333333313
          ],
          [
            39.48637833333333,
            -3.947901666666662
          ]
        ]
      },
      "properties": {
        "fid": 204,
        "date": 1783555200000,
        "Length": 19.844,
        "Length_km": 0.02
      }
    },
    {
      "type": "Feature",
      "geometry": {
        "type": "LineString",
        "coordinates": [
          [
            39.48628833333333,
            -3.9477416666666625
          ],
          [
            39.48625333333334,
            -3.9477833333333257
          ],
          [
            39.486241666666665,
            -3.9478016666666713
          ],
          [
            39.486215,
            -3.947830000000009
          ],
          [
            39.486200000000004,
            -3.947841666666661
          ],
          [
            39.486185,
            -3.9478533333333274
          ],
          [
            39.486160000000005,
            -3.9478866666666654
          ],
          [
            39.486131666666665,
            -3.9479099999999963
          ],
          [
            39.48610833333333,
            -3.9479200000000048
          ],
          [
            39.486035,
            -3.9479666666666637
          ],
          [
            39.48603333333333,
            -3.9479666666666597
          ]
        ]
      },
      "properties": {
        "fid": 205,
        "date": 1783555200000,
        "Length": 38.287,
        "Length_km": 0.038
      }
    },
    {
      "type": "Feature",
      "geometry": {
        "type": "LineString",
        "coordinates": [
          [
            39.48699666666666,
            -3.947648333333328
          ],
          [
            39.486983333333335,
            -3.9476683333333273
          ],
          [
            39.48696833333334,
            -3.9477049999999942
          ],
          [
            39.48695,
            -3.9477600000000033
          ],
          [
            39.486935,
            -3.9477833333333257
          ],
          [
            39.486914999999996,
            -3.9478249999999955
          ],
          [
            39.486911666666664,
            -3.9478333333333278
          ],
          [
            39.48688666666667,
            -3.9478733333333382
          ]
        ]
      },
      "properties": {
        "fid": 206,
        "date": 1783555200000,
        "Length": 27.86,
        "Length_km": 0.028
      }
    },
    {
      "type": "Feature",
      "geometry": {
        "type": "LineString",
        "coordinates": [
          [
            39.48683833333334,
            -3.947968333333335
          ],
          [
            39.48681833333333,
            -3.947985000000003
          ],
          [
            39.486815,
            -3.9479850000000023
          ]
        ]
      },
      "properties": {
        "fid": 207,
        "date": 1783555200000,
        "Length": 3.256,
        "Length_km": 0.003
      }
    },
    {
      "type": "Feature",
      "geometry": {
        "type": "LineString",
        "coordinates": [
          [
            39.486763333333336,
            -3.948019999999991
          ],
          [
            39.486734999999996,
            -3.9480500000000047
          ],
          [
            39.48673333333333,
            -3.9480516666666614
          ]
        ]
      },
      "properties": {
        "fid": 208,
        "date": 1783555200000,
        "Length": 4.834,
        "Length_km": 0.005
      }
    },
    {
      "type": "Feature",
      "geometry": {
        "type": "LineString",
        "coordinates": [
          [
            39.487141666666666,
            -3.947373333333337
          ],
          [
            39.48715333333334,
            -3.947356666666668
          ],
          [
            39.48716666666667,
            -3.9472966666666682
          ],
          [
            39.48716666666667,
            -3.947285000000004
          ],
          [
            39.48716833333334,
            -3.9472533333333373
          ],
          [
            39.487181666666665,
            -3.9472333333333314
          ],
          [
            39.487195,
            -3.9472099999999952
          ],
          [
            39.48719666666667,
            -3.947201666666671
          ]
        ]
      },
      "properties": {
        "fid": 209,
        "date": 1783555200000,
        "Length": 20.424,
        "Length_km": 0.02
      }
    },
    {
      "type": "Feature",
      "geometry": {
        "type": "LineString",
        "coordinates": [
          [
            39.487298333333335,
            -3.947426666666658
          ],
          [
            39.48729166666667,
            -3.947419999999992
          ],
          [
            39.48731,
            -3.9473900000000017
          ],
          [
            39.487325000000006,
            -3.947355000000001
          ],
          [
            39.487338333333334,
            -3.9473283333333327
          ],
          [
            39.48735333333333,
            -3.9472816666666732
          ],
          [
            39.48737333333334,
            -3.9472316666666685
          ],
          [
            39.48737666666667,
            -3.9472200000000077
          ],
          [
            39.48738,
            -3.9471999999999947
          ],
          [
            39.487388333333335,
            -3.9471566666666718
          ],
          [
            39.48739666666667,
            -3.947116666666673
          ],
          [
            39.48739833333333,
            -3.9470983333333285
          ],
          [
            39.48739666666667,
            -3.9470866666666655
          ],
          [
            39.48740000000001,
            -3.9470716666666696
          ],
          [
            39.487406666666665,
            -3.947066666666662
          ]
        ]
      },
      "properties": {
        "fid": 210,
        "date": 1783555200000,
        "Length": 42.778,
        "Length_km": 0.043
      }
    },
    {
      "type": "Feature",
      "geometry": {
        "type": "LineString",
        "coordinates": [
          [
            39.487406666666665,
            -3.947010000000009
          ],
          [
            39.48741,
            -3.9469733333333266
          ],
          [
            39.48741166666667,
            -3.946968333333329
          ]
        ]
      },
      "properties": {
        "fid": 211,
        "date": 1783555200000,
        "Length": 4.655,
        "Length_km": 0.005
      }
    },
    {
      "type": "Feature",
      "geometry": {
        "type": "LineString",
        "coordinates": [
          [
            39.48742166666667,
            -3.9469149999999944
          ],
          [
            39.48742666666667,
            -3.9468533333333293
          ],
          [
            39.48743,
            -3.9468200000000015
          ],
          [
            39.487428333333334,
            -3.9468050000000074
          ],
          [
            39.48742666666667,
            -3.946788333333337
          ],
          [
            39.487415000000006,
            -3.9467283333333407
          ],
          [
            39.487395,
            -3.9466916666666583
          ]
        ]
      },
      "properties": {
        "fid": 212,
        "date": 1783555200000,
        "Length": 25.451,
        "Length_km": 0.025
      }
    },
    {
      "type": "Feature",
      "geometry": {
        "type": "LineString",
        "coordinates": [
          [
            39.487615,
            -3.9466833333333304
          ],
          [
            39.487616666666675,
            -3.946729999999999
          ],
          [
            39.48762,
            -3.9467749999999966
          ]
        ]
      },
      "properties": {
        "fid": 213,
        "date": 1783555200000,
        "Length": 10.154,
        "Length_km": 0.01
      }
    },
    {
      "type": "Feature",
      "geometry": {
        "type": "LineString",
        "coordinates": [
          [
            39.48767,
            -3.946680000000003
          ],
          [
            39.48766833333333,
            -3.9466883333333342
          ],
          [
            39.487676666666665,
            -3.9467249999999985
          ],
          [
            39.487676666666665,
            -3.9467849999999935
          ],
          [
            39.487671666666664,
            -3.9468399999999955
          ],
          [
            39.48767,
            -3.946866666666675
          ],
          [
            39.48765833333334,
            -3.946928333333325
          ]
        ]
      },
      "properties": {
        "fid": 214,
        "date": 1783555200000,
        "Length": 27.736,
        "Length_km": 0.028
      }
    },
    {
      "type": "Feature",
      "geometry": {
        "type": "LineString",
        "coordinates": [
          [
            39.48783,
            -3.9467533333333424
          ],
          [
            39.48783333333334,
            -3.946706666666665
          ],
          [
            39.48783333333334,
            -3.9466650000000065
          ],
          [
            39.48784166666667,
            -3.94661666666666
          ]
        ]
      },
      "properties": {
        "fid": 215,
        "date": 1783555200000,
        "Length": 15.205,
        "Length_km": 0.015
      }
    },
    {
      "type": "Feature",
      "geometry": {
        "type": "LineString",
        "coordinates": [
          [
            39.487915,
            -3.9466433333333364
          ],
          [
            39.48791666666668,
            -3.9466699999999943
          ],
          [
            39.48791666666668,
            -3.9466783333333417
          ],
          [
            39.487915,
            -3.9466883333333413
          ],
          [
            39.487915,
            -3.9467133333333346
          ],
          [
            39.48791000000001,
            -3.9467300000000067
          ],
          [
            39.48790333333333,
            -3.9467516666666733
          ],
          [
            39.487898333333334,
            -3.9467666666666714
          ],
          [
            39.48789166666666,
            -3.946793333333325
          ],
          [
            39.48788666666667,
            -3.9468150000000013
          ],
          [
            39.487885,
            -3.946821666666659
          ]
        ]
      },
      "properties": {
        "fid": 216,
        "date": 1783555200000,
        "Length": 20.203,
        "Length_km": 0.02
      }
    },
    {
      "type": "Feature",
      "geometry": {
        "type": "LineString",
        "coordinates": [
          [
            39.48789333333333,
            -3.9468883333333276
          ],
          [
            39.48787666666667,
            -3.946899999999996
          ],
          [
            39.48787333333333,
            -3.9469150000000033
          ],
          [
            39.487856666666666,
            -3.9469599999999954
          ],
          [
            39.487854999999996,
            -3.946960000000003
          ]
        ]
      },
      "properties": {
        "fid": 217,
        "date": 1783555200000,
        "Length": 9.45,
        "Length_km": 0.009
      }
    },
    {
      "type": "Feature",
      "geometry": {
        "type": "LineString",
        "coordinates": [
          [
            39.48801666666667,
            -3.946906666666659
          ],
          [
            39.488011666666665,
            -3.9468866666666584
          ],
          [
            39.488013333333335,
            -3.9468633333333427
          ],
          [
            39.488018333333336,
            -3.946829999999999
          ],
          [
            39.48803833333333,
            -3.946731666666661
          ],
          [
            39.48804833333334,
            -3.946708333333341
          ],
          [
            39.48805000000001,
            -3.9466983333333374
          ],
          [
            39.488056666666665,
            -3.9466716666666577
          ],
          [
            39.488058333333335,
            -3.9466683333333292
          ]
        ]
      },
      "properties": {
        "fid": 218,
        "date": 1783555200000,
        "Length": 27.076,
        "Length_km": 0.027
      }
    },
    {
      "type": "Feature",
      "geometry": {
        "type": "LineString",
        "coordinates": [
          [
            39.488095,
            -3.9468700000000068
          ],
          [
            39.48809666666667,
            -3.9468883333333404
          ],
          [
            39.488095,
            -3.9469049999999926
          ],
          [
            39.48809333333334,
            -3.946908333333332
          ]
        ]
      },
      "properties": {
        "fid": 219,
        "date": 1783555200000,
        "Length": 4.3,
        "Length_km": 0.004
      }
    },
    {
      "type": "Feature",
      "geometry": {
        "type": "LineString",
        "coordinates": [
          [
            39.488240000000005,
            -3.94697666666666
          ],
          [
            39.48822166666666,
            -3.947011666666669
          ],
          [
            39.48821833333333,
            -3.9470166666666686
          ]
        ]
      },
      "properties": {
        "fid": 220,
        "date": 1783555200000,
        "Length": 5.039,
        "Length_km": 0.005
      }
    },
    {
      "type": "Feature",
      "geometry": {
        "type": "LineString",
        "coordinates": [
          [
            39.488205,
            -3.9471350000000016
          ],
          [
            39.48820833333333,
            -3.9471633333333345
          ],
          [
            39.488185,
            -3.9472199999999935
          ],
          [
            39.48818166666667,
            -3.947223333333325
          ]
        ]
      },
      "properties": {
        "fid": 221,
        "date": 1783555200000,
        "Length": 10.458,
        "Length_km": 0.01
      }
    },
    {
      "type": "Feature",
      "geometry": {
        "type": "LineString",
        "coordinates": [
          [
            39.48813500000001,
            -3.9473033333333403
          ],
          [
            39.48813833333334,
            -3.947301666666672
          ],
          [
            39.48815333333334,
            -3.947335
          ],
          [
            39.488148333333335,
            -3.947370000000008
          ],
          [
            39.48815166666667,
            -3.9473883333333353
          ],
          [
            39.48815166666667,
            -3.9474183333333417
          ],
          [
            39.488146666666665,
            -3.9474383333333387
          ],
          [
            39.48814,
            -3.947478333333325
          ],
          [
            39.48813333333333,
            -3.947526666666663
          ]
        ]
      },
      "properties": {
        "fid": 222,
        "date": 1783555200000,
        "Length": 25.907,
        "Length_km": 0.026
      }
    },
    {
      "type": "Feature",
      "geometry": {
        "type": "LineString",
        "coordinates": [
          [
            39.48799666666666,
            -3.9474583333333406
          ],
          [
            39.48800000000001,
            -3.947421666666668
          ],
          [
            39.48800666666667,
            -3.9473716666666663
          ],
          [
            39.48800666666667,
            -3.9473683333333405
          ]
        ]
      },
      "properties": {
        "fid": 223,
        "date": 1783555200000,
        "Length": 10.018,
        "Length_km": 0.01
      }
    },
    {
      "type": "Feature",
      "geometry": {
        "type": "LineString",
        "coordinates": [
          [
            39.48790666666666,
            -3.947566666666664
          ],
          [
            39.48792666666667,
            -3.947643333333335
          ],
          [
            39.487899999999996,
            -3.9476933333333277
          ],
          [
            39.48786833333334,
            -3.947734999999999
          ],
          [
            39.48786666666667,
            -3.9477499999999948
          ],
          [
            39.48787,
            -3.9477683333333347
          ],
          [
            39.48783333333334,
            -3.947835000000004
          ],
          [
            39.487831666666665,
            -3.9478383333333387
          ]
        ]
      },
      "properties": {
        "fid": 224,
        "date": 1783555200000,
        "Length": 33.396,
        "Length_km": 0.033
      }
    },
    {
      "type": "Feature",
      "geometry": {
        "type": "LineString",
        "coordinates": [
          [
            39.48793166666667,
            -3.9479783333333325
          ],
          [
            39.48795500000001,
            -3.947954999999995
          ],
          [
            39.48802833333333,
            -3.9478950000000053
          ],
          [
            39.488058333333335,
            -3.9478100000000054
          ],
          [
            39.488058333333335,
            -3.9478033333333387
          ],
          [
            39.48807166666666,
            -3.947765
          ],
          [
            39.488081666666666,
            -3.9477433333333316
          ],
          [
            39.48809666666667,
            -3.9476916666666724
          ],
          [
            39.48811333333333,
            -3.9476133333333276
          ],
          [
            39.48811666666666,
            -3.947601666666671
          ]
        ]
      },
      "properties": {
        "fid": 225,
        "date": 1783555200000,
        "Length": 48.153,
        "Length_km": 0.048
      }
    },
    {
      "type": "Feature",
      "geometry": {
        "type": "LineString",
        "coordinates": [
          [
            39.48483,
            -3.9478349999999978
          ],
          [
            39.48483,
            -3.947828333333341
          ],
          [
            39.48481833333334,
            -3.947800000000001
          ],
          [
            39.484805,
            -3.9477633333333375
          ],
          [
            39.48476333333333,
            -3.9477150000000036
          ],
          [
            39.48475333333333,
            -3.9477049999999982
          ],
          [
            39.48475,
            -3.947703333333334
          ]
        ]
      },
      "properties": {
        "fid": 226,
        "date": 1783555200000,
        "Length": 17.494,
        "Length_km": 0.017
      }
    },
    {
      "type": "Feature",
      "geometry": {
        "type": "LineString",
        "coordinates": [
          [
            39.48472,
            -3.947651666666663
          ],
          [
            39.484675,
            -3.9475933333333377
          ],
          [
            39.48467333333333,
            -3.9475916666666704
          ]
        ]
      },
      "properties": {
        "fid": 227,
        "date": 1783555200000,
        "Length": 8.421,
        "Length_km": 0.008
      }
    },
    {
      "type": "Feature",
      "geometry": {
        "type": "LineString",
        "coordinates": [
          [
            39.484653333333334,
            -3.947614999999992
          ],
          [
            39.484715,
            -3.9476966666666713
          ],
          [
            39.48475666666666,
            -3.9477700000000056
          ],
          [
            39.48475833333334,
            -3.947771666666667
          ]
        ]
      },
      "properties": {
        "fid": 228,
        "date": 1783555200000,
        "Length": 20.932,
        "Length_km": 0.021
      }
    },
    {
      "type": "Feature",
      "geometry": {
        "type": "LineString",
        "coordinates": [
          [
            39.484458333333336,
            -3.947686666666673
          ],
          [
            39.484455000000004,
            -3.9476916666666644
          ],
          [
            39.484445,
            -3.9477150000000027
          ],
          [
            39.484435,
            -3.9477399999999956
          ],
          [
            39.484428333333334,
            -3.9477900000000026
          ]
        ]
      },
      "properties": {
        "fid": 229,
        "date": 1783555200000,
        "Length": 12.032,
        "Length_km": 0.012
      }
    },
    {
      "type": "Feature",
      "geometry": {
        "type": "LineString",
        "coordinates": [
          [
            39.484458333333336,
            -3.9478566666666617
          ],
          [
            39.484474999999996,
            -3.947871666666669
          ],
          [
            39.48450666666667,
            -3.947928333333328
          ],
          [
            39.48450666666667,
            -3.947931666666667
          ]
        ]
      },
      "properties": {
        "fid": 230,
        "date": 1783555200000,
        "Length": 10.04,
        "Length_km": 0.01
      }
    },
    {
      "type": "Feature",
      "geometry": {
        "type": "LineString",
        "coordinates": [
          [
            39.48463666666667,
            -3.948048333333336
          ],
          [
            39.48464333333333,
            -3.9480633333333293
          ],
          [
            39.48465833333333,
            -3.94809
          ],
          [
            39.48466166666666,
            -3.9480933333333295
          ]
        ]
      },
      "properties": {
        "fid": 231,
        "date": 1783555200000,
        "Length": 5.726,
        "Length_km": 0.006
      }
    },
    {
      "type": "Feature",
      "geometry": {
        "type": "LineString",
        "coordinates": [
          [
            39.484765,
            -3.9481083333333338
          ],
          [
            39.48479833333333,
            -3.9481549999999994
          ],
          [
            39.48482833333333,
            -3.9481966666666684
          ]
        ]
      },
      "properties": {
        "fid": 232,
        "date": 1783555200000,
        "Length": 12.037,
        "Length_km": 0.012
      }
    },
    {
      "type": "Feature",
      "geometry": {
        "type": "LineString",
        "coordinates": [
          [
            39.48477166666667,
            -3.948239999999992
          ],
          [
            39.48475,
            -3.9482049999999953
          ],
          [
            39.48473666666666,
            -3.948176666666672
          ],
          [
            39.484723333333335,
            -3.948138333333331
          ]
        ]
      },
      "properties": {
        "fid": 233,
        "date": 1783555200000,
        "Length": 12.513,
        "Length_km": 0.013
      }
    },
    {
      "type": "Feature",
      "geometry": {
        "type": "LineString",
        "coordinates": [
          [
            39.48489666666667,
            -3.9481000000000077
          ],
          [
            39.48492833333333,
            -3.948143333333329
          ],
          [
            39.48493166666666,
            -3.9481500000000045
          ]
        ]
      },
      "properties": {
        "fid": 234,
        "date": 1783555200000,
        "Length": 6.769,
        "Length_km": 0.007
      }
    },
    {
      "type": "Feature",
      "geometry": {
        "type": "LineString",
        "coordinates": [
          [
            39.48490833333334,
            -3.9482066666666635
          ],
          [
            39.48490833333334,
            -3.948216666666669
          ],
          [
            39.48490833333334,
            -3.9482216666666727
          ],
          [
            39.48490833333334,
            -3.9482283333333266
          ],
          [
            39.484921666666665,
            -3.9482566666666736
          ],
          [
            39.48493166666666,
            -3.948278333333342
          ],
          [
            39.48493833333334,
            -3.9483050000000057
          ],
          [
            39.484950000000005,
            -3.948343333333333
          ],
          [
            39.484948333333335,
            -3.948356666666666
          ],
          [
            39.48495333333334,
            -3.9483716666666693
          ],
          [
            39.48496166666666,
            -3.9484016666666726
          ],
          [
            39.484966666666665,
            -3.948419999999991
          ]
        ]
      },
      "properties": {
        "fid": 235,
        "date": 1783555200000,
        "Length": 24.756,
        "Length_km": 0.025
      }
    },
    {
      "type": "Feature",
      "geometry": {
        "type": "LineString",
        "coordinates": [
          [
            39.484945,
            -3.948505000000008
          ],
          [
            39.48493666666666,
            -3.948469999999996
          ],
          [
            39.48493333333334,
            -3.948456666666661
          ],
          [
            39.48493166666666,
            -3.948441666666673
          ],
          [
            39.484921666666665,
            -3.948419999999994
          ],
          [
            39.48491166666667,
            -3.948398333333336
          ],
          [
            39.484903333333335,
            -3.9483749999999946
          ],
          [
            39.48489666666667,
            -3.9483600000000036
          ],
          [
            39.48488833333334,
            -3.948330000000006
          ],
          [
            39.48486833333333,
            -3.948298333333341
          ]
        ]
      },
      "properties": {
        "fid": 236,
        "date": 1783555200000,
        "Length": 24.598,
        "Length_km": 0.025
      }
    },
    {
      "type": "Feature",
      "geometry": {
        "type": "LineString",
        "coordinates": [
          [
            39.48484,
            -3.9484166666666627
          ],
          [
            39.48484166666666,
            -3.9484449999999995
          ],
          [
            39.48485,
            -3.948469999999995
          ],
          [
            39.48486333333334,
            -3.948490000000009
          ],
          [
            39.484860000000005,
            -3.948490000000007
          ]
        ]
      },
      "properties": {
        "fid": 237,
        "date": 1783555200000,
        "Length": 9.086,
        "Length_km": 0.009
      }
    },
    {
      "type": "Feature",
      "geometry": {
        "type": "LineString",
        "coordinates": [
          [
            39.484725000000005,
            -3.948540000000009
          ],
          [
            39.48471166666666,
            -3.94849666666667
          ],
          [
            39.48470333333333,
            -3.948498333333338
          ]
        ]
      },
      "properties": {
        "fid": 238,
        "date": 1783555200000,
        "Length": 5.959,
        "Length_km": 0.006
      }
    },
    {
      "type": "Feature",
      "geometry": {
        "type": "LineString",
        "coordinates": [
          [
            39.48461333333333,
            -3.9485583333333265
          ],
          [
            39.484611666666666,
            -3.948561666666675
          ],
          [
            39.48464,
            -3.9485966666666763
          ]
        ]
      },
      "properties": {
        "fid": 239,
        "date": 1783555200000,
        "Length": 5.4,
        "Length_km": 0.005
      }
    },
    {
      "type": "Feature",
      "geometry": {
        "type": "LineString",
        "coordinates": [
          [
            39.48470833333333,
            -3.9486283333333305
          ],
          [
            39.48471666666667,
            -3.9486583333333316
          ],
          [
            39.484725000000005,
            -3.9486750000000033
          ],
          [
            39.48473166666667,
            -3.9486783333333246
          ],
          [
            39.48475166666666,
            -3.9487266666666687
          ],
          [
            39.484755,
            -3.948730000000007
          ]
        ]
      },
      "properties": {
        "fid": 240,
        "date": 1783555200000,
        "Length": 12.644,
        "Length_km": 0.013
      }
    },
    {
      "type": "Feature",
      "geometry": {
        "type": "LineString",
        "coordinates": [
          [
            39.484680000000004,
            -3.948780000000001
          ],
          [
            39.48468166666667,
            -3.948766666666659
          ],
          [
            39.48466833333334,
            -3.9487333333333337
          ],
          [
            39.48465833333333,
            -3.9487016666666648
          ]
        ]
      },
      "properties": {
        "fid": 241,
        "date": 1783555200000,
        "Length": 9.132,
        "Length_km": 0.009
      }
    },
    {
      "type": "Feature",
      "geometry": {
        "type": "LineString",
        "coordinates": [
          [
            39.484519999999996,
            -3.948806666666673
          ],
          [
            39.48453333333334,
            -3.948856666666669
          ],
          [
            39.48454166666667,
            -3.9488683333333334
          ],
          [
            39.484566666666666,
            -3.9489099999999975
          ],
          [
            39.484575,
            -3.948934999999992
          ],
          [
            39.48457833333334,
            -3.948963333333336
          ],
          [
            39.48458333333334,
            -3.9489899999999967
          ],
          [
            39.484595,
            -3.9490183333333277
          ],
          [
            39.48461333333333,
            -3.9490499999999935
          ],
          [
            39.48463166666667,
            -3.949090000000003
          ],
          [
            39.48466833333334,
            -3.9491366666666625
          ],
          [
            39.48467000000001,
            -3.949144999999994
          ]
        ]
      },
      "properties": {
        "fid": 242,
        "date": 1783555200000,
        "Length": 41.585,
        "Length_km": 0.042
      }
    },
    {
      "type": "Feature",
      "geometry": {
        "type": "LineString",
        "coordinates": [
          [
            39.48439,
            -3.9494483333333332
          ],
          [
            39.48437166666667,
            -3.949419999999994
          ],
          [
            39.48436666666667,
            -3.949408333333339
          ],
          [
            39.48435,
            -3.949383333333338
          ],
          [
            39.48434333333333,
            -3.9493666666666583
          ],
          [
            39.48433,
            -3.9493366666666674
          ],
          [
            39.484318333333334,
            -3.949321666666664
          ],
          [
            39.484291666666664,
            -3.949294999999993
          ],
          [
            39.48427833333334,
            -3.949284999999994
          ],
          [
            39.48425666666667,
            -3.9492566666666717
          ],
          [
            39.48422,
            -3.9492233333333253
          ],
          [
            39.48418166666667,
            -3.9491933333333287
          ],
          [
            39.484156666666664,
            -3.9491716666666665
          ],
          [
            39.484145,
            -3.9491466666666675
          ],
          [
            39.484155,
            -3.949115000000008
          ],
          [
            39.484159999999996,
            -3.949074999999999
          ],
          [
            39.48416666666667,
            -3.94906833333334
          ],
          [
            39.484165,
            -3.9490233333333356
          ],
          [
            39.484165,
            -3.9490166666666697
          ]
        ]
      },
      "properties": {
        "fid": 243,
        "date": 1783555200000,
        "Length": 58.673,
        "Length_km": 0.059
      }
    },
    {
      "type": "Feature",
      "geometry": {
        "type": "LineString",
        "coordinates": [
          [
            39.484395,
            -3.948841666666673
          ],
          [
            39.484363333333334,
            -3.9487783333333257
          ],
          [
            39.48434833333333,
            -3.9487283333333356
          ]
        ]
      },
      "properties": {
        "fid": 244,
        "date": 1783555200000,
        "Length": 13.611,
        "Length_km": 0.014
      }
    },
    {
      "type": "Feature",
      "geometry": {
        "type": "LineString",
        "coordinates": [
          [
            39.48428833333333,
            -3.948731666666664
          ],
          [
            39.484305,
            -3.9487833333333264
          ],
          [
            39.484305,
            -3.948793333333327
          ],
          [
            39.48431166666667,
            -3.94884333333334
          ],
          [
            39.48431166666667,
            -3.9488466666666664
          ]
        ]
      },
      "properties": {
        "fid": 245,
        "date": 1783555200000,
        "Length": 13.058,
        "Length_km": 0.013
      }
    },
    {
      "type": "Feature",
      "geometry": {
        "type": "LineString",
        "coordinates": [
          [
            39.48424833333333,
            -3.9487833333333264
          ],
          [
            39.48425333333333,
            -3.9488283333333327
          ],
          [
            39.484255,
            -3.948828333333336
          ],
          [
            39.484255,
            -3.948826666666666
          ]
        ]
      },
      "properties": {
        "fid": 246,
        "date": 1783555200000,
        "Length": 5.376,
        "Length_km": 0.005
      }
    },
    {
      "type": "Feature",
      "geometry": {
        "type": "LineString",
        "coordinates": [
          [
            39.48431666666667,
            -3.9483699999999926
          ],
          [
            39.48431666666667,
            -3.948373333333336
          ],
          [
            39.48431666666667,
            -3.9483299999999963
          ]
        ]
      },
      "properties": {
        "fid": 247,
        "date": 1783555200000,
        "Length": 5.16,
        "Length_km": 0.005
      }
    },
    {
      "type": "Feature",
      "geometry": {
        "type": "LineString",
        "coordinates": [
          [
            39.48431333333333,
            -3.9483349999999957
          ],
          [
            39.48429333333333,
            -3.948293333333338
          ],
          [
            39.48429,
            -3.948293333333336
          ]
        ]
      },
      "properties": {
        "fid": 248,
        "date": 1783555200000,
        "Length": 5.485,
        "Length_km": 0.005
      }
    },
    {
      "type": "Feature",
      "geometry": {
        "type": "LineString",
        "coordinates": [
          [
            39.48439833333334,
            -3.948321666666669
          ],
          [
            39.48440333333333,
            -3.9483683333333257
          ]
        ]
      },
      "properties": {
        "fid": 249,
        "date": 1783555200000,
        "Length": 5.19,
        "Length_km": 0.005
      }
    },
    {
      "type": "Feature",
      "geometry": {
        "type": "LineString",
        "coordinates": [
          [
            39.48392666666667,
            -3.9482266666666685
          ],
          [
            39.48390666666667,
            -3.9482550000000054
          ],
          [
            39.48388833333333,
            -3.94828
          ],
          [
            39.483844999999995,
            -3.9483683333333355
          ],
          [
            39.48383833333333,
            -3.9483966666666634
          ],
          [
            39.48376666666666,
            -3.948496666666668
          ],
          [
            39.483735,
            -3.9485516666666625
          ],
          [
            39.48367,
            -3.9486550000000036
          ],
          [
            39.483668333333334,
            -3.948653333333326
          ]
        ]
      },
      "properties": {
        "fid": 250,
        "date": 1783555200000,
        "Length": 55.809,
        "Length_km": 0.056
      }
    },
    {
      "type": "Feature",
      "geometry": {
        "type": "LineString",
        "coordinates": [
          [
            39.48370666666666,
            -3.948235000000005
          ],
          [
            39.48370666666666,
            -3.948284999999996
          ],
          [
            39.483705,
            -3.9483183333333267
          ],
          [
            39.483693333333335,
            -3.948343333333329
          ],
          [
            39.48367833333334,
            -3.9483600000000054
          ],
          [
            39.483664999999995,
            -3.9483866666666603
          ],
          [
            39.48364333333333,
            -3.9484183333333336
          ],
          [
            39.483623333333334,
            -3.9484433333333424
          ],
          [
            39.4836,
            -3.948468333333326
          ],
          [
            39.483576666666664,
            -3.9484866666666645
          ],
          [
            39.483555,
            -3.9485099999999935
          ],
          [
            39.483518333333336,
            -3.9485350000000072
          ],
          [
            39.483491666666666,
            -3.948551666666667
          ],
          [
            39.48345833333334,
            -3.948574999999999
          ],
          [
            39.48343666666666,
            -3.9485883333333236
          ],
          [
            39.48341333333334,
            -3.948594999999994
          ],
          [
            39.48336166666666,
            -3.9486116666666704
          ],
          [
            39.48330333333333,
            -3.948625000000007
          ],
          [
            39.48326833333333,
            -3.948625000000007
          ],
          [
            39.48323333333334,
            -3.948623333333336
          ],
          [
            39.48318833333334,
            -3.9486266666666725
          ],
          [
            39.483165,
            -3.948630000000006
          ],
          [
            39.48309833333334,
            -3.948639999999997
          ],
          [
            39.483048333333336,
            -3.9486416666666724
          ]
        ]
      },
      "properties": {
        "fid": 251,
        "date": 1783555200000,
        "Length": 96.017,
        "Length_km": 0.096
      }
    },
    {
      "type": "Feature",
      "geometry": {
        "type": "LineString",
        "coordinates": [
          [
            39.483215,
            -3.9487616666666603
          ],
          [
            39.483275000000006,
            -3.9487683333333394
          ],
          [
            39.48332833333334,
            -3.9487700000000068
          ],
          [
            39.48336,
            -3.9487699999999926
          ],
          [
            39.483425000000004,
            -3.9487616666666616
          ],
          [
            39.48346166666667,
            -3.9487466666666604
          ],
          [
            39.48350333333334,
            -3.9487400000000066
          ],
          [
            39.48355333333333,
            -3.948741666666667
          ],
          [
            39.48359166666667,
            -3.948721666666671
          ],
          [
            39.483595,
            -3.9487199999999936
          ]
        ]
      },
      "properties": {
        "fid": 252,
        "date": 1783555200000,
        "Length": 43.274,
        "Length_km": 0.043
      }
    },
    {
      "type": "Feature",
      "geometry": {
        "type": "LineString",
        "coordinates": [
          [
            39.48372166666667,
            -3.9487999999999928
          ],
          [
            39.483745,
            -3.948778333333338
          ],
          [
            39.48377166666667,
            -3.94874666666667
          ],
          [
            39.483801666666665,
            -3.948716666666659
          ],
          [
            39.483825,
            -3.948679999999992
          ],
          [
            39.48386333333334,
            -3.948638333333327
          ],
          [
            39.483893333333334,
            -3.9486083333333286
          ],
          [
            39.483895,
            -3.9486066666666706
          ]
        ]
      },
      "properties": {
        "fid": 253,
        "date": 1783555200000,
        "Length": 28.865,
        "Length_km": 0.029
      }
    },
    {
      "type": "Feature",
      "geometry": {
        "type": "LineString",
        "coordinates": [
          [
            39.48344833333333,
            -3.9484433333333264
          ],
          [
            39.48347833333333,
            -3.9484116666666726
          ],
          [
            39.483513333333335,
            -3.948378333333334
          ],
          [
            39.48354166666666,
            -3.948335000000007
          ],
          [
            39.48355166666667,
            -3.9483200000000087
          ],
          [
            39.483560000000004,
            -3.9483050000000026
          ],
          [
            39.483563333333336,
            -3.9482966666666646
          ],
          [
            39.483575,
            -3.948273333333328
          ],
          [
            39.48358833333334,
            -3.948243333333333
          ],
          [
            39.48359000000001,
            -3.94823833333334
          ]
        ]
      },
      "properties": {
        "fid": 254,
        "date": 1783555200000,
        "Length": 27.915,
        "Length_km": 0.028
      }
    },
    {
      "type": "Feature",
      "geometry": {
        "type": "LineString",
        "coordinates": [
          [
            39.48352833333333,
            -3.9481133333333336
          ],
          [
            39.483511666666665,
            -3.9481733333333278
          ],
          [
            39.483505,
            -3.948186666666671
          ],
          [
            39.48350666666667,
            -3.948190000000002
          ]
        ]
      },
      "properties": {
        "fid": 255,
        "date": 1783555200000,
        "Length": 8.95,
        "Length_km": 0.009
      }
    },
    {
      "type": "Feature",
      "geometry": {
        "type": "LineString",
        "coordinates": [
          [
            39.48278666666667,
            -3.948408333333336
          ],
          [
            39.482705,
            -3.948376666666673
          ],
          [
            39.48264833333334,
            -3.9483516666666723
          ]
        ]
      },
      "properties": {
        "fid": 256,
        "date": 1783555200000,
        "Length": 16.596,
        "Length_km": 0.017
      }
    },
    {
      "type": "Feature",
      "geometry": {
        "type": "LineString",
        "coordinates": [
          [
            39.482661666666665,
            -3.948520000000006
          ],
          [
            39.48270166666667,
            -3.948540000000007
          ],
          [
            39.48271666666667,
            -3.948556666666659
          ],
          [
            39.482785,
            -3.9485900000000074
          ],
          [
            39.482825000000005,
            -3.948589999999998
          ],
          [
            39.48286333333333,
            -3.948586666666671
          ],
          [
            39.482906666666665,
            -3.9485799999999966
          ],
          [
            39.48291166666667,
            -3.948579999999999
          ]
        ]
      },
      "properties": {
        "fid": 257,
        "date": 1783555200000,
        "Length": 30.023,
        "Length_km": 0.03
      }
    },
    {
      "type": "Feature",
      "geometry": {
        "type": "LineString",
        "coordinates": [
          [
            39.483001666666674,
            -3.9488133333333257
          ],
          [
            39.48296666666667,
            -3.9488133333333417
          ],
          [
            39.482904999999995,
            -3.9488200000000018
          ],
          [
            39.482868333333336,
            -3.94882166666667
          ],
          [
            39.482823333333336,
            -3.9488216666666682
          ],
          [
            39.482778333333336,
            -3.9488216666666642
          ],
          [
            39.48272000000001,
            -3.9488300000000063
          ],
          [
            39.482715,
            -3.948828333333332
          ]
        ]
      },
      "properties": {
        "fid": 258,
        "date": 1783555200000,
        "Length": 31.975,
        "Length_km": 0.032
      }
    },
    {
      "type": "Feature",
      "geometry": {
        "type": "LineString",
        "coordinates": [
          [
            39.48269833333333,
            -3.949004999999998
          ],
          [
            39.48271833333333,
            -3.949013333333342
          ],
          [
            39.482785,
            -3.9490166666666697
          ],
          [
            39.48279166666667,
            -3.9490133333333373
          ]
        ]
      },
      "properties": {
        "fid": 259,
        "date": 1783555200000,
        "Length": 10.645,
        "Length_km": 0.011
      }
    },
    {
      "type": "Feature",
      "geometry": {
        "type": "LineString",
        "coordinates": [
          [
            39.482753333333335,
            -3.9491283333333347
          ],
          [
            39.48274,
            -3.949129999999996
          ],
          [
            39.48271166666667,
            -3.9491299999999927
          ],
          [
            39.482681666666664,
            -3.949123333333338
          ],
          [
            39.48265666666667,
            -3.9491200000000064
          ],
          [
            39.48265333333333,
            -3.9491199999999935
          ]
        ]
      },
      "properties": {
        "fid": 260,
        "date": 1783555200000,
        "Length": 11.222,
        "Length_km": 0.011
      }
    },
    {
      "type": "Feature",
      "geometry": {
        "type": "LineString",
        "coordinates": [
          [
            39.4827,
            -3.9493599999999995
          ],
          [
            39.48269833333333,
            -3.949361666666671
          ],
          [
            39.48272333333333,
            -3.9493549999999975
          ],
          [
            39.48275,
            -3.949348333333331
          ],
          [
            39.4828,
            -3.9493416666666628
          ]
        ]
      },
      "properties": {
        "fid": 261,
        "date": 1783555200000,
        "Length": 11.787,
        "Length_km": 0.012
      }
    },
    {
      "type": "Feature",
      "geometry": {
        "type": "LineString",
        "coordinates": [
          [
            39.48287666666667,
            -3.9492233333333293
          ],
          [
            39.482928333333334,
            -3.949216666666671
          ],
          [
            39.482931666666666,
            -3.94921666666666
          ]
        ]
      },
      "properties": {
        "fid": 262,
        "date": 1783555200000,
        "Length": 6.155,
        "Length_km": 0.006
      }
    },
    {
      "type": "Feature",
      "geometry": {
        "type": "LineString",
        "coordinates": [
          [
            39.482975,
            -3.949336666666663
          ],
          [
            39.482965,
            -3.949335000000002
          ],
          [
            39.482928333333334,
            -3.9493383333333405
          ],
          [
            39.482875,
            -3.9493500000000004
          ],
          [
            39.48287166666667,
            -3.949351666666668
          ]
        ]
      },
      "properties": {
        "fid": 263,
        "date": 1783555200000,
        "Length": 11.69,
        "Length_km": 0.012
      }
    },
    {
      "type": "Feature",
      "geometry": {
        "type": "LineString",
        "coordinates": [
          [
            39.48289666666667,
            -3.949433333333332
          ],
          [
            39.482906666666665,
            -3.949434999999994
          ],
          [
            39.482928333333334,
            -3.9494383333333407
          ],
          [
            39.48299333333333,
            -3.9494383333333407
          ],
          [
            39.482994999999995,
            -3.949438333333336
          ]
        ]
      },
      "properties": {
        "fid": 264,
        "date": 1783555200000,
        "Length": 10.964,
        "Length_km": 0.011
      }
    },
    {
      "type": "Feature",
      "geometry": {
        "type": "LineString",
        "coordinates": [
          [
            39.483,
            -3.9497566666666666
          ],
          [
            39.483025000000005,
            -3.9497533333333346
          ],
          [
            39.483068333333335,
            -3.949744999999995
          ],
          [
            39.48311166666667,
            -3.9497483333333325
          ],
          [
            39.48312,
            -3.949750000000004
          ]
        ]
      },
      "properties": {
        "fid": 265,
        "date": 1783555200000,
        "Length": 13.471,
        "Length_km": 0.013
      }
    },
    {
      "type": "Feature",
      "geometry": {
        "type": "LineString",
        "coordinates": [
          [
            39.47977333333334,
            -3.948673333333338
          ],
          [
            39.479775000000004,
            -3.9486783333333295
          ],
          [
            39.479755,
            -3.9486783333333335
          ],
          [
            39.479688333333335,
            -3.9486916666666634
          ],
          [
            39.479683333333334,
            -3.9486916666666625
          ]
        ]
      },
      "properties": {
        "fid": 266,
        "date": 1783555200000,
        "Length": 10.909,
        "Length_km": 0.011
      }
    },
    {
      "type": "Feature",
      "geometry": {
        "type": "LineString",
        "coordinates": [
          [
            39.47962166666667,
            -3.948596666666676
          ],
          [
            39.47963,
            -3.948596666666674
          ],
          [
            39.479659999999996,
            -3.94856666666667
          ],
          [
            39.47967666666667,
            -3.948553333333337
          ],
          [
            39.479701666666664,
            -3.9485450000000077
          ],
          [
            39.47970833333333,
            -3.9485433333333293
          ],
          [
            39.47974833333333,
            -3.948525000000004
          ],
          [
            39.479776666666666,
            -3.948510000000002
          ],
          [
            39.479823333333336,
            -3.9484799999999924
          ],
          [
            39.479855,
            -3.948461666666658
          ],
          [
            39.479895000000006,
            -3.9484399999999926
          ],
          [
            39.47990166666668,
            -3.9484316666666617
          ],
          [
            39.479915,
            -3.9484249999999936
          ],
          [
            39.479958333333336,
            -3.948411666666658
          ],
          [
            39.47998333333333,
            -3.9484016666666584
          ],
          [
            39.48001333333333,
            -3.9483933333333354
          ],
          [
            39.480025,
            -3.948384999999999
          ]
        ]
      },
      "properties": {
        "fid": 267,
        "date": 1783555200000,
        "Length": 51.287,
        "Length_km": 0.051
      }
    },
    {
      "type": "Feature",
      "geometry": {
        "type": "LineString",
        "coordinates": [
          [
            39.47794833333333,
            -3.9486616666666663
          ],
          [
            39.477986666666666,
            -3.9485200000000074
          ],
          [
            39.478001666666664,
            -3.948483333333334
          ],
          [
            39.478003333333334,
            -3.9484749999999997
          ]
        ]
      },
      "properties": {
        "fid": 268,
        "date": 1783555200000,
        "Length": 21.557,
        "Length_km": 0.022
      }
    },
    {
      "type": "Feature",
      "geometry": {
        "type": "LineString",
        "coordinates": [
          [
            39.48694166666667,
            -3.9475700000000056
          ],
          [
            39.48693,
            -3.9475933333333253
          ],
          [
            39.486916666666666,
            -3.947631666666672
          ],
          [
            39.4869,
            -3.947658333333339
          ],
          [
            39.48687666666667,
            -3.947699999999999
          ]
        ]
      },
      "properties": {
        "fid": 269,
        "date": 1783641600000,
        "Length": 16.145,
        "Length_km": 0.016
      }
    },
    {
      "type": "Feature",
      "geometry": {
        "type": "LineString",
        "coordinates": [
          [
            39.486868333333334,
            -3.947688333333333
          ],
          [
            39.486868333333334,
            -3.947694999999997
          ],
          [
            39.48685833333333,
            -3.947701666666665
          ],
          [
            39.48684166666667,
            -3.947716666666673
          ],
          [
            39.48683666666667,
            -3.9477266666666604
          ],
          [
            39.48682833333333,
            -3.94774666666666
          ],
          [
            39.486808333333336,
            -3.9477616666666617
          ],
          [
            39.4868,
            -3.9477750000000076
          ],
          [
            39.48678666666667,
            -3.9477883333333295
          ],
          [
            39.48676833333333,
            -3.9478133333333396
          ],
          [
            39.48675000000001,
            -3.947833333333331
          ],
          [
            39.48672833333333,
            -3.947849999999998
          ],
          [
            39.48670666666667,
            -3.9478700000000067
          ],
          [
            39.486686666666664,
            -3.947886666666667
          ],
          [
            39.48665666666667,
            -3.9479216666666694
          ]
        ]
      },
      "properties": {
        "fid": 270,
        "date": 1783641600000,
        "Length": 35.525,
        "Length_km": 0.036
      }
    },
    {
      "type": "Feature",
      "geometry": {
        "type": "LineString",
        "coordinates": [
          [
            39.48701833333334,
            -3.9480483333333343
          ],
          [
            39.487044999999995,
            -3.948004999999995
          ],
          [
            39.487065,
            -3.9479766666666682
          ]
        ]
      },
      "properties": {
        "fid": 271,
        "date": 1783641600000,
        "Length": 9.474,
        "Length_km": 0.009
      }
    },
    {
      "type": "Feature",
      "geometry": {
        "type": "LineString",
        "coordinates": [
          [
            39.48694833333333,
            -3.947983333333337
          ],
          [
            39.486988333333336,
            -3.947935
          ],
          [
            39.487006666666666,
            -3.9479100000000065
          ],
          [
            39.48702333333333,
            -3.9478883333333274
          ],
          [
            39.487033333333336,
            -3.947864999999998
          ],
          [
            39.48704,
            -3.947856666666667
          ]
        ]
      },
      "properties": {
        "fid": 272,
        "date": 1783641600000,
        "Length": 17.402,
        "Length_km": 0.017
      }
    },
    {
      "type": "Feature",
      "geometry": {
        "type": "LineString",
        "coordinates": [
          [
            39.486610000000006,
            -3.9478199999999988
          ],
          [
            39.48658666666667,
            -3.947839999999996
          ],
          [
            39.486578333333334,
            -3.947846666666668
          ],
          [
            39.48655833333333,
            -3.947861666666671
          ],
          [
            39.48650833333333,
            -3.9478950000000013
          ]
        ]
      },
      "properties": {
        "fid": 273,
        "date": 1783641600000,
        "Length": 14.027,
        "Length_km": 0.014
      }
    },
    {
      "type": "Feature",
      "geometry": {
        "type": "LineString",
        "coordinates": [
          [
            39.48197166666667,
            -3.9467766666666635
          ],
          [
            39.481973333333336,
            -3.94675666666666
          ],
          [
            39.481968333333334,
            -3.9467316666666723
          ],
          [
            39.48196666666667,
            -3.94670166666666
          ],
          [
            39.48196166666666,
            -3.9466883333333262
          ]
        ]
      },
      "properties": {
        "fid": 274,
        "date": 1783641600000,
        "Length": 9.937,
        "Length_km": 0.01
      }
    },
    {
      "type": "Feature",
      "geometry": {
        "type": "LineString",
        "coordinates": [
          [
            39.48191833333333,
            -3.946778333333341
          ],
          [
            39.481915,
            -3.9467616666666654
          ],
          [
            39.48191166666666,
            -3.946743333333334
          ],
          [
            39.48190666666667,
            -3.946706666666661
          ]
        ]
      },
      "properties": {
        "fid": 275,
        "date": 1783641600000,
        "Length": 8.033,
        "Length_km": 0.008
      }
    },
    {
      "type": "Feature",
      "geometry": {
        "type": "LineString",
        "coordinates": [
          [
            39.48191,
            -3.94663333333333
          ],
          [
            39.481915,
            -3.9466016666666746
          ],
          [
            39.48191666666666,
            -3.946594999999996
          ]
        ]
      },
      "properties": {
        "fid": 276,
        "date": 1783641600000,
        "Length": 4.306,
        "Length_km": 0.004
      }
    },
    {
      "type": "Feature",
      "geometry": {
        "type": "LineString",
        "coordinates": [
          [
            39.48175333333334,
            -3.946626666666673
          ],
          [
            39.48175333333334,
            -3.946614999999997
          ],
          [
            39.481748333333336,
            -3.9465933333333405
          ],
          [
            39.481739999999995,
            -3.946560000000003
          ],
          [
            39.48173833333333,
            -3.946540000000006
          ],
          [
            39.48173833333333,
            -3.9465233333333414
          ],
          [
            39.481735,
            -3.946508333333328
          ],
          [
            39.481735,
            -3.946499999999994
          ],
          [
            39.481735,
            -3.946454999999995
          ],
          [
            39.481735,
            -3.9464499999999942
          ]
        ]
      },
      "properties": {
        "fid": 277,
        "date": 1783641600000,
        "Length": 19.762,
        "Length_km": 0.02
      }
    },
    {
      "type": "Feature",
      "geometry": {
        "type": "LineString",
        "coordinates": [
          [
            39.481665,
            -3.9464516666666642
          ],
          [
            39.481658333333336,
            -3.946485000000001
          ],
          [
            39.481658333333336,
            -3.9464866666666736
          ]
        ]
      },
      "properties": {
        "fid": 278,
        "date": 1783641600000,
        "Length": 3.944,
        "Length_km": 0.004
      }
    },
    {
      "type": "Feature",
      "geometry": {
        "type": "LineString",
        "coordinates": [
          [
            39.48155833333333,
            -3.9464400000000026
          ],
          [
            39.48155833333333,
            -3.9464733333333397
          ]
        ]
      },
      "properties": {
        "fid": 279,
        "date": 1783641600000,
        "Length": 3.686,
        "Length_km": 0.004
      }
    },
    {
      "type": "Feature",
      "geometry": {
        "type": "LineString",
        "coordinates": [
          [
            39.48155833333333,
            -3.9465083333333313
          ],
          [
            39.481559999999995,
            -3.9465216666666674
          ],
          [
            39.481555,
            -3.9465449999999924
          ],
          [
            39.48155166666666,
            -3.9465450000000017
          ]
        ]
      },
      "properties": {
        "fid": 280,
        "date": 1783641600000,
        "Length": 4.495,
        "Length_km": 0.004
      }
    },
    {
      "type": "Feature",
      "geometry": {
        "type": "LineString",
        "coordinates": [
          [
            39.481375,
            -3.9464500000000062
          ],
          [
            39.48137333333333,
            -3.946453333333334
          ],
          [
            39.48137,
            -3.9464799999999927
          ],
          [
            39.48137,
            -3.9464966666666625
          ],
          [
            39.48137666666666,
            -3.9465299999999917
          ],
          [
            39.48137666666666,
            -3.9465349999999915
          ],
          [
            39.48137166666667,
            -3.946579999999993
          ]
        ]
      },
      "properties": {
        "fid": 281,
        "date": 1783641600000,
        "Length": 14.547,
        "Length_km": 0.015
      }
    },
    {
      "type": "Feature",
      "geometry": {
        "type": "LineString",
        "coordinates": [
          [
            39.48161833333334,
            -3.946906666666672
          ],
          [
            39.481613333333335,
            -3.946911666666671
          ],
          [
            39.48159166666667,
            -3.9469566666666633
          ],
          [
            39.48159,
            -3.9469516666666653
          ]
        ]
      },
      "properties": {
        "fid": 282,
        "date": 1783641600000,
        "Length": 6.894,
        "Length_km": 0.007
      }
    },
    {
      "type": "Feature",
      "geometry": {
        "type": "LineString",
        "coordinates": [
          [
            39.48167,
            -3.9469583333333405
          ],
          [
            39.48166833333333,
            -3.9469666666666647
          ],
          [
            39.48166833333333,
            -3.9469733333333354
          ],
          [
            39.481665,
            -3.9470150000000075
          ],
          [
            39.481656666666666,
            -3.947021666666674
          ]
        ]
      },
      "properties": {
        "fid": 283,
        "date": 1783641600000,
        "Length": 7.483,
        "Length_km": 0.007
      }
    },
    {
      "type": "Feature",
      "geometry": {
        "type": "LineString",
        "coordinates": [
          [
            39.48164333333333,
            -3.947056666666674
          ],
          [
            39.48164,
            -3.947066666666673
          ],
          [
            39.481633333333335,
            -3.947094999999994
          ]
        ]
      },
      "properties": {
        "fid": 284,
        "date": 1783641600000,
        "Length": 4.385,
        "Length_km": 0.004
      }
    },
    {
      "type": "Feature",
      "geometry": {
        "type": "LineString",
        "coordinates": [
          [
            39.48171166666667,
            -3.947093333333336
          ],
          [
            39.48171,
            -3.9471033333333367
          ],
          [
            39.481701666666666,
            -3.9471233333333298
          ],
          [
            39.481698333333334,
            -3.947130000000002
          ],
          [
            39.481671666666664,
            -3.947160000000001
          ],
          [
            39.48167,
            -3.9471633333333416
          ]
        ]
      },
      "properties": {
        "fid": 285,
        "date": 1783641600000,
        "Length": 9.203,
        "Length_km": 0.009
      }
    },
    {
      "type": "Feature",
      "geometry": {
        "type": "LineString",
        "coordinates": [
          [
            39.48136,
            -3.947205000000005
          ],
          [
            39.48135833333333,
            -3.947218333333327
          ],
          [
            39.48134833333334,
            -3.947228333333333
          ],
          [
            39.481343333333335,
            -3.9472333333333274
          ],
          [
            39.48132333333333,
            -3.94724333333333
          ],
          [
            39.48131,
            -3.947248333333327
          ],
          [
            39.48129666666667,
            -3.947258333333333
          ],
          [
            39.481298333333335,
            -3.947258333333332
          ]
        ]
      },
      "properties": {
        "fid": 286,
        "date": 1783641600000,
        "Length": 9.932,
        "Length_km": 0.01
      }
    },
    {
      "type": "Feature",
      "geometry": {
        "type": "LineString",
        "coordinates": [
          [
            39.481388333333335,
            -3.947331666666661
          ],
          [
            39.481363333333334,
            -3.9473583333333333
          ],
          [
            39.481363333333334,
            -3.9473616666666684
          ]
        ]
      },
      "properties": {
        "fid": 287,
        "date": 1783641600000,
        "Length": 4.419,
        "Length_km": 0.004
      }
    },
    {
      "type": "Feature",
      "geometry": {
        "type": "LineString",
        "coordinates": [
          [
            39.48134,
            -3.9473833333333426
          ],
          [
            39.48131333333333,
            -3.947406666666662
          ],
          [
            39.48130333333334,
            -3.9474199999999997
          ],
          [
            39.48128,
            -3.9474483333333428
          ],
          [
            39.481275,
            -3.9474566666666644
          ]
        ]
      },
      "properties": {
        "fid": 288,
        "date": 1783641600000,
        "Length": 10.915,
        "Length_km": 0.011
      }
    },
    {
      "type": "Feature",
      "geometry": {
        "type": "LineString",
        "coordinates": [
          [
            39.48120166666668,
            -3.947533333333331
          ],
          [
            39.481165000000004,
            -3.9475583333333404
          ],
          [
            39.48116000000001,
            -3.947561666666672
          ]
        ]
      },
      "properties": {
        "fid": 289,
        "date": 1783641600000,
        "Length": 5.588,
        "Length_km": 0.006
      }
    },
    {
      "type": "Feature",
      "geometry": {
        "type": "LineString",
        "coordinates": [
          [
            39.48111166666667,
            -3.947568333333338
          ],
          [
            39.481105,
            -3.947583333333334
          ],
          [
            39.481091666666664,
            -3.9476066666666627
          ],
          [
            39.481085,
            -3.9476083333333376
          ]
        ]
      },
      "properties": {
        "fid": 290,
        "date": 1783641600000,
        "Length": 5.554,
        "Length_km": 0.006
      }
    },
    {
      "type": "Feature",
      "geometry": {
        "type": "LineString",
        "coordinates": [
          [
            39.481165000000004,
            -3.947666666666663
          ],
          [
            39.481154999999994,
            -3.9476699999999965
          ],
          [
            39.481136666666664,
            -3.9476883333333403
          ],
          [
            39.48112666666667,
            -3.947701666666663
          ],
          [
            39.48111166666667,
            -3.947721666666661
          ],
          [
            39.48110666666666,
            -3.947731666666664
          ],
          [
            39.48108833333333,
            -3.9477533333333366
          ],
          [
            39.481078333333336,
            -3.947765000000002
          ],
          [
            39.481064999999994,
            -3.9477816666666725
          ],
          [
            39.48105333333333,
            -3.947794999999996
          ],
          [
            39.48104333333333,
            -3.9478050000000007
          ],
          [
            39.481033333333336,
            -3.9478133333333396
          ],
          [
            39.481015,
            -3.9478266666666726
          ],
          [
            39.481004999999996,
            -3.9478316666666653
          ]
        ]
      },
      "properties": {
        "fid": 291,
        "date": 1783641600000,
        "Length": 25.834,
        "Length_km": 0.026
      }
    },
    {
      "type": "Feature",
      "geometry": {
        "type": "LineString",
        "coordinates": [
          [
            39.480965,
            -3.9475316666666687
          ],
          [
            39.480938333333334,
            -3.947561666666671
          ],
          [
            39.48092833333333,
            -3.947573333333342
          ],
          [
            39.48090833333333,
            -3.947588333333335
          ],
          [
            39.4809,
            -3.9475933333333266
          ],
          [
            39.48087666666667,
            -3.947609999999993
          ],
          [
            39.48086166666667,
            -3.9476199999999975
          ],
          [
            39.480851666666666,
            -3.9476283333333395
          ],
          [
            39.48083,
            -3.9476499999999954
          ],
          [
            39.48080166666667,
            -3.947665000000002
          ],
          [
            39.480808333333336,
            -3.947658333333335
          ]
        ]
      },
      "properties": {
        "fid": 292,
        "date": 1783641600000,
        "Length": 24.619,
        "Length_km": 0.025
      }
    },
    {
      "type": "Feature",
      "geometry": {
        "type": "LineString",
        "coordinates": [
          [
            39.48034833333334,
            -3.949661666666659
          ],
          [
            39.480356666666665,
            -3.9496916666666655
          ],
          [
            39.480355,
            -3.9496933333333386
          ]
        ]
      },
      "properties": {
        "fid": 293,
        "date": 1783641600000,
        "Length": 3.705,
        "Length_km": 0.004
      }
    },
    {
      "type": "Feature",
      "geometry": {
        "type": "LineString",
        "coordinates": [
          [
            39.48037,
            -3.949738333333332
          ],
          [
            39.480375,
            -3.949766666666674
          ],
          [
            39.480376666666665,
            -3.9497749999999963
          ],
          [
            39.4804,
            -3.9497933333333313
          ],
          [
            39.48040666666667,
            -3.9497966666666744
          ],
          [
            39.480443333333334,
            -3.949813333333334
          ],
          [
            39.480446666666666,
            -3.949813333333328
          ]
        ]
      },
      "properties": {
        "fid": 294,
        "date": 1783641600000,
        "Length": 13.079,
        "Length_km": 0.013
      }
    },
    {
      "type": "Feature",
      "geometry": {
        "type": "LineString",
        "coordinates": [
          [
            39.480086666666665,
            -3.949934999999992
          ],
          [
            39.48004666666667,
            -3.949928333333342
          ],
          [
            39.48003666666667,
            -3.949926666666663
          ],
          [
            39.47999000000001,
            -3.9499166666666645
          ]
        ]
      },
      "properties": {
        "fid": 295,
        "date": 1783641600000,
        "Length": 10.928,
        "Length_km": 0.011
      }
    },
    {
      "type": "Feature",
      "geometry": {
        "type": "LineString",
        "coordinates": [
          [
            39.47984333333333,
            -3.950196666666664
          ],
          [
            39.47981833333334,
            -3.9501950000000003
          ],
          [
            39.479778333333336,
            -3.9501949999999932
          ],
          [
            39.47973833333333,
            -3.950186666666665
          ],
          [
            39.47971,
            -3.95017333333333
          ],
          [
            39.47967166666667,
            -3.95015833333334
          ],
          [
            39.47967166666667,
            -3.950151666666666
          ]
        ]
      },
      "properties": {
        "fid": 296,
        "date": 1783641600000,
        "Length": 20.543,
        "Length_km": 0.021
      }
    },
    {
      "type": "Feature",
      "geometry": {
        "type": "LineString",
        "coordinates": [
          [
            39.479585,
            -3.954311666666666
          ],
          [
            39.47961333333333,
            -3.9543250000000065
          ],
          [
            39.479635,
            -3.954333333333339
          ],
          [
            39.47965333333333,
            -3.9543349999999973
          ],
          [
            39.479661666666665,
            -3.95433333333333
          ],
          [
            39.479688333333335,
            -3.954343333333326
          ],
          [
            39.479735,
            -3.9543733333333333
          ],
          [
            39.47975833333333,
            -3.9543783333333393
          ],
          [
            39.47977333333334,
            -3.9543866666666676
          ],
          [
            39.47978833333333,
            -3.9543916666666674
          ],
          [
            39.47981833333334,
            -3.954403333333331
          ],
          [
            39.47983833333333,
            -3.9544149999999956
          ],
          [
            39.479905,
            -3.9544633333333303
          ],
          [
            39.47994333333334,
            -3.9544999999999977
          ],
          [
            39.479955000000004,
            -3.9545116666666664
          ],
          [
            39.47998333333333,
            -3.9545349999999964
          ],
          [
            39.480016666666664,
            -3.9545633333333354
          ],
          [
            39.480043333333334,
            -3.9545833333333293
          ],
          [
            39.48007833333334,
            -3.9546150000000067
          ],
          [
            39.48009666666667,
            -3.9546300000000048
          ],
          [
            39.480131666666665,
            -3.9546483333333415
          ],
          [
            39.48015833333333,
            -3.954671666666675
          ],
          [
            39.480198333333334,
            -3.9547016666666694
          ],
          [
            39.48022,
            -3.954726666666669
          ],
          [
            39.480235,
            -3.954744999999995
          ],
          [
            39.48025333333334,
            -3.9547649999999974
          ],
          [
            39.48026166666667,
            -3.9547766666666697
          ],
          [
            39.48026333333333,
            -3.954784999999994
          ],
          [
            39.480266666666665,
            -3.9548
          ],
          [
            39.48028,
            -3.9548249999999907
          ],
          [
            39.480288333333334,
            -3.9548250000000005
          ]
        ]
      },
      "properties": {
        "fid": 297,
        "date": 1783900800000,
        "Length": 99.555,
        "Length_km": 0.1
      }
    },
    {
      "type": "Feature",
      "geometry": {
        "type": "LineString",
        "coordinates": [
          [
            39.47955,
            -3.954776666666672
          ],
          [
            39.47954333333333,
            -3.9547933333333414
          ],
          [
            39.47951333333333,
            -3.954790000000001
          ],
          [
            39.479490000000006,
            -3.9547749999999935
          ],
          [
            39.479465,
            -3.9547683333333414
          ],
          [
            39.47943333333333,
            -3.9547566666666647
          ],
          [
            39.479391666666665,
            -3.9547466666666704
          ],
          [
            39.47938666666667,
            -3.9547483333333346
          ]
        ]
      },
      "properties": {
        "fid": 298,
        "date": 1783900800000,
        "Length": 20.376,
        "Length_km": 0.02
      }
    },
    {
      "type": "Feature",
      "geometry": {
        "type": "LineString",
        "coordinates": [
          [
            39.479351666666666,
            -3.95486666666667
          ],
          [
            39.47936666666667,
            -3.9548616666666647
          ],
          [
            39.47941,
            -3.9548700000000023
          ],
          [
            39.479441666666666,
            -3.954876666666662
          ],
          [
            39.47948833333333,
            -3.9548866666666633
          ],
          [
            39.47952,
            -3.9549000000000074
          ],
          [
            39.479524999999995,
            -3.9549016666666645
          ]
        ]
      },
      "properties": {
        "fid": 299,
        "date": 1783900800000,
        "Length": 19.946,
        "Length_km": 0.02
      }
    },
    {
      "type": "Feature",
      "geometry": {
        "type": "LineString",
        "coordinates": [
          [
            39.479295,
            -3.9550699999999925
          ],
          [
            39.479348333333334,
            -3.955093333333332
          ],
          [
            39.47937666666667,
            -3.955103333333326
          ],
          [
            39.47940833333334,
            -3.9551133333333266
          ],
          [
            39.47943833333333,
            -3.9551249999999922
          ],
          [
            39.479490000000006,
            -3.955150000000008
          ],
          [
            39.47951,
            -3.95516166666667
          ],
          [
            39.479526666666665,
            -3.9551716666666707
          ],
          [
            39.479548333333334,
            -3.955191666666671
          ],
          [
            39.47959166666667,
            -3.955228333333335
          ],
          [
            39.479593333333334,
            -3.9552300000000042
          ]
        ]
      },
      "properties": {
        "fid": 300,
        "date": 1783900800000,
        "Length": 37.971,
        "Length_km": 0.038
      }
    },
    {
      "type": "Feature",
      "geometry": {
        "type": "LineString",
        "coordinates": [
          [
            39.479479999999995,
            -3.9554283333333293
          ],
          [
            39.47947,
            -3.9554233333333277
          ],
          [
            39.47945833333333,
            -3.9554099999999948
          ],
          [
            39.479436666666665,
            -3.9553883333333317
          ],
          [
            39.47941,
            -3.955375000000002
          ],
          [
            39.47938333333333,
            -3.9553616666666627
          ],
          [
            39.479355000000005,
            -3.955349999999992
          ],
          [
            39.47931166666667,
            -3.9553283333333424
          ],
          [
            39.47929666666666,
            -3.9553183333333397
          ],
          [
            39.47925166666666,
            -3.9553033333333296
          ],
          [
            39.479243333333336,
            -3.955300000000001
          ]
        ]
      },
      "properties": {
        "fid": 301,
        "date": 1783900800000,
        "Length": 30.253,
        "Length_km": 0.03
      }
    },
    {
      "type": "Feature",
      "geometry": {
        "type": "LineString",
        "coordinates": [
          [
            39.479209999999995,
            -3.955480000000002
          ],
          [
            39.47923333333333,
            -3.955490000000005
          ],
          [
            39.47924833333333,
            -3.955503333333336
          ],
          [
            39.47926333333333,
            -3.9555133333333297
          ],
          [
            39.479299999999995,
            -3.9555366666666667
          ],
          [
            39.479335,
            -3.9555716666666587
          ],
          [
            39.47936,
            -3.9555950000000033
          ],
          [
            39.47936833333333,
            -3.9556199999999984
          ],
          [
            39.47937833333334,
            -3.9556533333333364
          ],
          [
            39.479375,
            -3.955691666666664
          ],
          [
            39.47938166666667,
            -3.9557249999999993
          ],
          [
            39.47938500000001,
            -3.955769999999995
          ],
          [
            39.47938666666667,
            -3.955798333333327
          ],
          [
            39.47938833333333,
            -3.95583333333334
          ],
          [
            39.479393333333334,
            -3.955859999999997
          ],
          [
            39.479391666666665,
            -3.95589166666666
          ],
          [
            39.479393333333334,
            -3.9558950000000035
          ]
        ]
      },
      "properties": {
        "fid": 302,
        "date": 1783900800000,
        "Length": 54.84,
        "Length_km": 0.055
      }
    },
    {
      "type": "Feature",
      "geometry": {
        "type": "LineString",
        "coordinates": [
          [
            39.48340833333334,
            -3.9621199999999956
          ],
          [
            39.483396666666664,
            -3.9621033333333404
          ],
          [
            39.48338833333333,
            -3.962064999999992
          ],
          [
            39.48338666666667,
            -3.962008333333338
          ],
          [
            39.483383333333336,
            -3.961988333333331
          ],
          [
            39.483383333333336,
            -3.961953333333331
          ],
          [
            39.483378333333334,
            -3.9619016666666687
          ],
          [
            39.483380000000004,
            -3.961875000000003
          ],
          [
            39.483378333333334,
            -3.9618233333333346
          ],
          [
            39.48337166666667,
            -3.961798333333334
          ],
          [
            39.48336833333334,
            -3.961769999999994
          ],
          [
            39.483365000000006,
            -3.9617383333333267
          ],
          [
            39.48335333333333,
            -3.961706666666658
          ],
          [
            39.48334833333333,
            -3.961635000000002
          ],
          [
            39.483354999999996,
            -3.961593333333329
          ],
          [
            39.48335833333333,
            -3.9615550000000064
          ],
          [
            39.48335333333333,
            -3.961518333333342
          ],
          [
            39.483325,
            -3.961473333333338
          ]
        ]
      },
      "properties": {
        "fid": 303,
        "date": 1783900800000,
        "Length": 73.502,
        "Length_km": 0.074
      }
    },
    {
      "type": "Feature",
      "geometry": {
        "type": "LineString",
        "coordinates": [
          [
            39.483455000000006,
            -3.961514999999999
          ],
          [
            39.48346166666667,
            -3.961536666666673
          ],
          [
            39.48347166666667,
            -3.9615533333333346
          ],
          [
            39.483485,
            -3.9615699999999925
          ],
          [
            39.483486666666664,
            -3.9615683333333385
          ],
          [
            39.483489999999996,
            -3.961591666666668
          ],
          [
            39.483489999999996,
            -3.961601666666668
          ],
          [
            39.48349666666666,
            -3.9616433333333383
          ],
          [
            39.48349666666666,
            -3.961678333333338
          ],
          [
            39.48350166666667,
            -3.9617166666666686
          ],
          [
            39.48350666666667,
            -3.9617516666666646
          ],
          [
            39.48350666666667,
            -3.961759999999997
          ],
          [
            39.483518333333336,
            -3.9618016666666667
          ],
          [
            39.483518333333336,
            -3.9618283333333384
          ],
          [
            39.48351666666667,
            -3.9618466666666587
          ],
          [
            39.48352,
            -3.961888333333327
          ],
          [
            39.48352833333333,
            -3.9619483333333245
          ],
          [
            39.48354,
            -3.961985000000004
          ],
          [
            39.483536666666666,
            -3.9620349999999966
          ],
          [
            39.48354,
            -3.9620766666666696
          ],
          [
            39.48353833333333,
            -3.962086666666666
          ]
        ]
      },
      "properties": {
        "fid": 304,
        "date": 1783900800000,
        "Length": 65.274,
        "Length_km": 0.065
      }
    },
    {
      "type": "Feature",
      "geometry": {
        "type": "LineString",
        "coordinates": [
          [
            39.483668333333334,
            -3.9620666666666664
          ],
          [
            39.48367333333333,
            -3.962021666666661
          ],
          [
            39.483671666666666,
            -3.961993333333334
          ],
          [
            39.483671666666666,
            -3.961959999999995
          ],
          [
            39.483668333333334,
            -3.961916666666661
          ],
          [
            39.48366166666666,
            -3.9618883333333317
          ],
          [
            39.48366166666666,
            -3.961858333333341
          ],
          [
            39.48366,
            -3.9618316666666598
          ],
          [
            39.483655,
            -3.9618116666666703
          ],
          [
            39.483648333333335,
            -3.9617666666666604
          ],
          [
            39.48364166666667,
            -3.9617333333333358
          ],
          [
            39.48364,
            -3.9617333333333358
          ]
        ]
      },
      "properties": {
        "fid": 305,
        "date": 1783900800000,
        "Length": 37.385,
        "Length_km": 0.037
      }
    },
    {
      "type": "Feature",
      "geometry": {
        "type": "LineString",
        "coordinates": [
          [
            39.483646666666665,
            -3.961663333333333
          ],
          [
            39.48364166666667,
            -3.961629999999996
          ],
          [
            39.48364166666667,
            -3.961615000000002
          ],
          [
            39.48364333333333,
            -3.961584999999992
          ],
          [
            39.483645,
            -3.961579999999997
          ]
        ]
      },
      "properties": {
        "fid": 306,
        "date": 1783900800000,
        "Length": 9.292,
        "Length_km": 0.009
      }
    },
    {
      "type": "Feature",
      "geometry": {
        "type": "LineString",
        "coordinates": [
          [
            39.483705,
            -3.961601666666663
          ],
          [
            39.48369666666667,
            -3.961626666666669
          ],
          [
            39.48369666666667,
            -3.961628333333335
          ]
        ]
      },
      "properties": {
        "fid": 307,
        "date": 1783900800000,
        "Length": 3.1,
        "Length_km": 0.003
      }
    },
    {
      "type": "Feature",
      "geometry": {
        "type": "LineString",
        "coordinates": [
          [
            39.48383333333334,
            -3.9617166666666623
          ],
          [
            39.48383833333333,
            -3.9616950000000024
          ],
          [
            39.48383166666667,
            -3.9616750000000076
          ],
          [
            39.483799999999995,
            -3.961634999999995
          ],
          [
            39.48379833333333,
            -3.9616333333333325
          ]
        ]
      },
      "properties": {
        "fid": 308,
        "date": 1783900800000,
        "Length": 10.704,
        "Length_km": 0.011
      }
    },
    {
      "type": "Feature",
      "geometry": {
        "type": "LineString",
        "coordinates": [
          [
            39.48373,
            -3.9616733333333416
          ],
          [
            39.48373,
            -3.961700000000006
          ],
          [
            39.48374833333333,
            -3.961728333333327
          ],
          [
            39.48375333333333,
            -3.961734999999992
          ],
          [
            39.48377166666667,
            -3.961774999999996
          ],
          [
            39.48378,
            -3.9617983333333373
          ],
          [
            39.48379166666667,
            -3.9618283333333375
          ],
          [
            39.48378666666667,
            -3.9618316666666726
          ]
        ]
      },
      "properties": {
        "fid": 309,
        "date": 1783900800000,
        "Length": 19.447,
        "Length_km": 0.019
      }
    },
    {
      "type": "Feature",
      "geometry": {
        "type": "LineString",
        "coordinates": [
          [
            39.48386,
            -3.961813333333333
          ],
          [
            39.483850000000004,
            -3.9617800000000076
          ]
        ]
      },
      "properties": {
        "fid": 310,
        "date": 1783900800000,
        "Length": 3.85,
        "Length_km": 0.004
      }
    },
    {
      "type": "Feature",
      "geometry": {
        "type": "LineString",
        "coordinates": [
          [
            39.483936666666665,
            -3.961806666666666
          ],
          [
            39.48392666666667,
            -3.961776666666671
          ],
          [
            39.483918333333335,
            -3.961733333333335
          ],
          [
            39.483918333333335,
            -3.961728333333327
          ]
        ]
      },
      "properties": {
        "fid": 311,
        "date": 1783900800000,
        "Length": 8.932,
        "Length_km": 0.009
      }
    },
    {
      "type": "Feature",
      "geometry": {
        "type": "LineString",
        "coordinates": [
          [
            39.48381166666666,
            -3.961938333333341
          ],
          [
            39.48380333333334,
            -3.962016666666661
          ],
          [
            39.483801666666665,
            -3.962024999999992
          ]
        ]
      },
      "properties": {
        "fid": 312,
        "date": 1783900800000,
        "Length": 9.651,
        "Length_km": 0.01
      }
    },
    {
      "type": "Feature",
      "geometry": {
        "type": "LineString",
        "coordinates": [
          [
            39.485335,
            -3.963029999999996
          ],
          [
            39.48533166666667,
            -3.963030000000004
          ],
          [
            39.485339999999994,
            -3.963051666666658
          ],
          [
            39.4854,
            -3.9631116666666655
          ],
          [
            39.48542666666666,
            -3.963148333333337
          ]
        ]
      },
      "properties": {
        "fid": 313,
        "date": 1783900800000,
        "Length": 17.363,
        "Length_km": 0.017
      }
    },
    {
      "type": "Feature",
      "geometry": {
        "type": "LineString",
        "coordinates": [
          [
            39.485573333333335,
            -3.9629783333333286
          ],
          [
            39.485575000000004,
            -3.9630200000000007
          ],
          [
            39.48557666666667,
            -3.963029999999997
          ],
          [
            39.48558166666667,
            -3.963041666666671
          ],
          [
            39.48558833333333,
            -3.9630533333333315
          ],
          [
            39.48560166666667,
            -3.963073333333328
          ],
          [
            39.48561333333334,
            -3.963088333333334
          ],
          [
            39.48562833333334,
            -3.9631066666666657
          ],
          [
            39.48565166666666,
            -3.963133333333329
          ],
          [
            39.48567166666667,
            -3.963148333333325
          ],
          [
            39.485685,
            -3.9631616666666605
          ],
          [
            39.48569,
            -3.9631799999999995
          ],
          [
            39.48570833333334,
            -3.9632099999999966
          ],
          [
            39.485728333333334,
            -3.9632500000000075
          ],
          [
            39.48575666666667,
            -3.9632883333333355
          ],
          [
            39.48576833333333,
            -3.9633083333333308
          ],
          [
            39.48578333333333,
            -3.9633366666666667
          ],
          [
            39.48579500000001,
            -3.9633566666666744
          ],
          [
            39.485805,
            -3.963376666666666
          ],
          [
            39.48582666666667,
            -3.9634099999999988
          ],
          [
            39.48586,
            -3.963453333333335
          ],
          [
            39.48587166666667,
            -3.9634650000000016
          ],
          [
            39.48589166666667,
            -3.9634950000000053
          ],
          [
            39.485926666666664,
            -3.9635349999999967
          ],
          [
            39.48592833333333,
            -3.963541666666667
          ]
        ]
      },
      "properties": {
        "fid": 314,
        "date": 1783900800000,
        "Length": 75.1,
        "Length_km": 0.075
      }
    },
    {
      "type": "Feature",
      "geometry": {
        "type": "LineString",
        "coordinates": [
          [
            39.486061666666664,
            -3.9634716666666607
          ],
          [
            39.48601166666666,
            -3.9633716666666587
          ],
          [
            39.486,
            -3.9633299999999956
          ],
          [
            39.485980000000005,
            -3.9632983333333343
          ],
          [
            39.485951666666665,
            -3.9632583333333358
          ],
          [
            39.48594333333333,
            -3.9632433333333243
          ],
          [
            39.48593166666667,
            -3.963208333333337
          ],
          [
            39.48591,
            -3.9631666666666736
          ],
          [
            39.48589666666667,
            -3.963136666666668
          ],
          [
            39.485895,
            -3.963118333333331
          ],
          [
            39.485890000000005,
            -3.96309833333334
          ],
          [
            39.48588333333333,
            -3.9630766666666615
          ],
          [
            39.485879999999995,
            -3.963043333333339
          ],
          [
            39.48588333333333,
            -3.9630099999999953
          ],
          [
            39.48587666666666,
            -3.9629833333333293
          ]
        ]
      },
      "properties": {
        "fid": 315,
        "date": 1783900800000,
        "Length": 58.82,
        "Length_km": 0.059
      }
    },
    {
      "type": "Feature",
      "geometry": {
        "type": "LineString",
        "coordinates": [
          [
            39.48011833333333,
            -3.9752966666666643
          ],
          [
            39.480180000000004,
            -3.975306666666672
          ],
          [
            39.48035,
            -3.9753616666666614
          ],
          [
            39.48035166666667,
            -3.9753616666666667
          ]
        ]
      },
      "properties": {
        "fid": 316,
        "date": 1783900800000,
        "Length": 26.957,
        "Length_km": 0.027
      }
    },
    {
      "type": "Feature",
      "geometry": {
        "type": "LineString",
        "coordinates": [
          [
            39.48012166666667,
            -3.974846666666659
          ],
          [
            39.48014333333333,
            -3.9748400000000053
          ],
          [
            39.48019333333333,
            -3.9748516666666673
          ],
          [
            39.48023,
            -3.974850000000007
          ],
          [
            39.480273333333336,
            -3.9748550000000016
          ],
          [
            39.48031833333334,
            -3.9748616666666634
          ],
          [
            39.48043500000001,
            -3.974871666666659
          ],
          [
            39.48054833333333,
            -3.9748950000000014
          ]
        ]
      },
      "properties": {
        "fid": 317,
        "date": 1783900800000,
        "Length": 48.04,
        "Length_km": 0.048
      }
    },
    {
      "type": "Feature",
      "geometry": {
        "type": "LineString",
        "coordinates": [
          [
            39.48012000000001,
            -3.974244999999999
          ],
          [
            39.48014333333333,
            -3.974249999999994
          ],
          [
            39.48019333333333,
            -3.974244999999999
          ],
          [
            39.48023333333333,
            -3.9742516666666767
          ],
          [
            39.480243333333334,
            -3.974253333333332
          ],
          [
            39.480285,
            -3.974258333333324
          ],
          [
            39.48032166666667,
            -3.974266666666674
          ],
          [
            39.48035333333333,
            -3.9742666666666673
          ],
          [
            39.48040833333334,
            -3.9742699999999966
          ],
          [
            39.480465,
            -3.9742800000000087
          ],
          [
            39.48056999999999,
            -3.9742999999999995
          ],
          [
            39.480595,
            -3.974316666666666
          ],
          [
            39.480599999999995,
            -3.9743199999999943
          ]
        ]
      },
      "properties": {
        "fid": 318,
        "date": 1783900800000,
        "Length": 54.586,
        "Length_km": 0.055
      }
    },
    {
      "type": "Feature",
      "geometry": {
        "type": "LineString",
        "coordinates": [
          [
            39.534825,
            -3.9849016666666697
          ],
          [
            39.534848333333336,
            -3.984876666666661
          ],
          [
            39.53484,
            -3.984863333333336
          ],
          [
            39.53482666666666,
            -3.9848449999999955
          ],
          [
            39.534816666666664,
            -3.984828333333338
          ],
          [
            39.53480666666667,
            -3.984813333333327
          ],
          [
            39.53479333333333,
            -3.9848033333333355
          ],
          [
            39.534774999999996,
            -3.9847883333333405
          ],
          [
            39.53475333333334,
            -3.984778333333329
          ]
        ]
      },
      "properties": {
        "fid": 319,
        "date": 1784160000000,
        "Length": 19.31,
        "Length_km": 0.019
      }
    }
  ]
}